1600,1600,1608,1601,1605,1593,1626,1609,1598,1600,1603,1603,1598,1606,1600,1596,1607,1607,1600,1600,1607,1605,1603,1602,1609,1599,1607,1607,1597,1608,1606,1603,1601,1578,1609,1579,1606,1603,1597,1615,1607,1589,1594,1605,1600,1594,1606,1616,1609,1601,1595,1605,1601,1605,1600,1603,1595,1600,1615,1602,1602,1601,1600,1589,1614,1607,1591,1600,1607,1591,1600,1622,1591,1571,1633,1617,1562,1593,1646,1584,1591,1642,1581,1550,1664,1650,1515,1585,1667,1571,1582,1685,1555,1478,1704,1678,1474,1585,1692,1535,1583,1723,1531,1461,1727,1711,1455,1581,1715,1527,1628,1739,1533,1440,1751,1706,1456,1584,1706,1521,1593,1741,1517,1455,1728,1697,1461,1600,1680,1528,1600,1716,1530,1489,1705,1689,1503,1600,1657,1535,1606,1683,1546,1550,1665,1647,1549,1612,1617,1559,1616,1648,1567,1561,1637,1619,1604,1605,1606,1584,1612,1622,1552,1584,1613,1605,1615,1611,1598,1585,1610,1601,1593,1610,1598,1594,1611,1613,1595,1602,1603,1598,1606,1614,1587,1594,1616,1602,1585,1609,1600,1600,1606,1617,1590,1594,1613,1601,1599,1611,1598,1585,1616,1613,1591,1597,1616,1595,1600,1615,1599,1590,1627,1602,1593,1600,1608,1599,1599,1612,1593,1600,1603,1607,1597,1603,1600,1601,1600,1611,1597,1599,1606,1649,1599,1600,1603,1598,1597,1643,1599,1606,1600,1622,1601,1600,1596,1605,1611,1599,1602,1595,1600,1603,1601,1602,1606,1600,1600,1599,1599,1599,1601,1606,1603,1602,1601,1598,1603,1600,1604,1600,1594,1600,1599,1595,1602,1606,1573,1600,1605,1601,1604,1602,1600,1600,1602,1600,1600,1605,1616,1600,1616,1600,1609,1599,1600,1600,1600,1601,1601,1599,1604,1599,1600,1598,1607,1598,1597,1606,1600,1596,1600,1603,1602,1605,1600,1611,1605,1606,1602,1600,1601,1595,1600,1599,1609,1601,1601,1594,1600,1600,1597,1603,1602,1597,1601,1601,1581,1606,1595,1598,1616,1600,1601,1603,1599,1600,1595,1602,1605,1599,1596,1600,1600,1600,1599,1600,1595,1603,1600,1600,1597,1596,1600,1602,1599,1591,1599,1591,1601,1599,1600,1599,1605,1599,1601,1598,1602,1599,1599,1597,1602,1605,1603,1595,1600,1597,1606,1603,1603,1597,1602,1597,1600,1606,1607,1596,1598,1600,1601,1597,1600,1600,1604,1600,1601,1594,1597,1600,1600,1597,1607,1597,1600,1603,1602,1589,1600,1602,1600,1601,1598,1600,1601,1601,1598,1598,1600,1607,1600,1599,1597,1601,1602,1602,1595,1600,1605,1608,1585,1599,1601,1601,1601,1600,1600,1604,1600,1600,1601,1601,1598,1603,1601,1600,1598,1605,1600,1603,1597,1600,1600,1601,1600,1607,1600,1600,1600,1599,1602,1599,1595,1595,1603,1600,1599,1600,1574,1600,1602,1596,1598,1600,1600,1599,1600,1600,1607,1603,1599,1600,1588,1602,1601,1600,1596,1600,1601,1600,1602,1589,1595,1600,1600,1602,1602,1598,1602,1600,1590,1600,1601,1606,1598,1599,1601,1600,1598,1602,1603,1598,1601,1597,1600,1599,1599,1601,1600,1600,1600,1599,1599,1603,1595,1600,1599,1601,1600,1598,1601,1600,1600,1590,1602,1600,1600,1599,1600,1597,1599,1600,1599,1600,1594,1600,1611,1597,1600,1598,1595,1603,1597,1601,1616,1600,1603,1593,1600,1600,1600,1602,1599,1597,1600,1600,1601,1603,1601,1599,1606,1592,1600,1598,1600,1603,1603,1596,1599,1602,1600,1605,1604,1600,1598,1600,1600,1601,1598,1600
1607,1599,1575,1600,1595,1589,1598,1616,1599,1584,1607,1601,1585,1595,1599,1596,1594,1597,1599,1569,1609,1597,1590,1585,1601,1600,1598,1610,1600,1584,1609,1600,1582,1595,1597,1599,1600,1609,1597,1584,1602,1600,1570,1594,1602,1594,1600,1614,1611,1601,1603,1595,1601,1600,1600,1600,1593,1598,1600,1601,1596,1600,1603,1600,1598,1577,1607,1596,1591,1581,1617,1563,1587,1607,1595,1577,1619,1651,1557,1584,1644,1589,1581,1635,1583,1531,1664,1655,1515,1574,1667,1575,1573,1679,1566,1488,1675,1690,1463,1561,1712,1557,1565,1723,1535,1447,1728,1718,1429,1561,1715,1530,1568,1745,1520,1427,1744,1701,1442,1586,1702,1519,1592,1744,1513,1451,1730,1710,1466,1600,1669,1517,1606,1718,1515,1491,1707,1646,1513,1616,1635,1520,1654,1685,1535,1535,1661,1615,1549,1631,1615,1552,1633,1648,1554,1570,1639,1593,1586,1626,1587,1567,1622,1623,1574,1597,1610,1584,1600,1621,1587,1583,1611,1603,1589,1605,1602,1584,1606,1604,1584,1599,1610,1597,1591,1609,1584,1597,1606,1600,1597,1613,1591,1594,1602,1610,1590,1601,1610,1596,1613,1600,1598,1589,1609,1599,1597,1601,1600,1588,1607,1600,1591,1590,1600,1600,1598,1602,1598,1581,1607,1598,1598,1602,1607,1594,1600,1599,1605,1589,1605,1601,1590,1600,1603,1600,1599,1600,1597,1595,1602,1600,1594,1599,1585,1598,1601,1600,1602,1600,1600,1600,1597,1600,1601,1599,1600,1599,1598,1600,1594,1604,1605,1600,1611,1595,1577,1599,1584,1601,1603,1600,1621,1597,1594,1595,1608,1597,1599,1598,1593,1597,1601,1605,1597,1600,1600,1600,1600,1603,1591,1615,1602,1616,1593,1587,1600,1601,1606,1606,1599,1587,1605,1597,1597,1600,1598,1597,1603,1600,1595,1599,1601,1597,1611,1603,1611,1600,1610,1603,1591,1599,1604,1596,1606,1600,1606,1595,1601,1601,1600,1594,1605,1600,1603,1591,1600,1594,1603,1598,1600,1587,1599,1633,1600,1600,1602,1600,1601,1599,1600,1616,1605,1600,1600,1600,1596,1600,1601,1602,1600,1600,1599,1597,1601,1600,1597,1599,1600,1600,1597,1600,1597,1600,1600,1600,1600,1602,1597,1585,1599,1609,1600,1610,1589,1590,1602,1600,1600,1600,1596,1598,1600,1600,1601,1601,1597,1602,1599,1651,1605,1600,1600,1600,1598,1597,1602,1600,1593,1600,1598,1600,1591,1602,1599,1603,1601,1597,1642,1599,1600,1600,1594,1600,1589,1595,1604,1591,1601,1600,1595,1598,1595,1599,1594,1600,1600,1600,1598,1599,1600,1567,1596,1581,1599,1584,1600,1596,1600,1584,1593,1603,1598,1594,1603,1597,1591,1600,1600,1601,1600,1600,1578,1601,1611,1597,1593,1597,1592,1596,1594,1597,1591,1599,1600,1600,1601,1600,1593,1603,1599,1595,1599,1598,1602,1600,1603,1591,1600,1613,1600,1609,1597,1600,1589,1597,1599,1600,1600,1602,1599,1600,1600,1597,1600,1594,1600,1597,1600,1600,1600,1597,1597,1585,1598,1589,1599,1594,1597,1609,1599,1613,1599,1589,1598,1600,1599,1599,1600,1598,1600,1600,1600,1598,1600,1597,1604,1600,1591,1599,1584,1594,1616,1593,1618,1597,1600,1600,1595,1600,1595,1598,1600,1600,1598,1597,1597,1591,1595,1599,1596,1600,1595,1600,1599,1595,1598,1600,1597,1599,1591,1600,1599,1600,1590,1594,1616,1596,1579,1595,1588,1594,1610,1595,1599,1600,1597,1600,1598,1596,1600,1600,1600,1594,1598,1607,1611,1598,1607,1594
1595,1600,1587,1600,1613,1600,1591,1604,1600,1591,1602,1603,1595,1600,1600,1600,1602,1601,1595,1594,1598,1600,1594,1600,1600,1601,1605,1602,1602,1591,1600,1617,1589,1600,1600,1602,1600,1600,1600,1597,1593,1607,1587,1601,1610,1600,1600,1597,1605,1600,1584,1589,1600,1603,1611,1601,1615,1600,1597,1604,1598,1593,1600,1600,1591,1596,1611,1600,1594,1601,1612,1594,1596,1616,1584,1574,1632,1628,1557,1609,1629,1565,1605,1650,1555,1545,1674,1645,1513,1605,1648,1535,1607,1695,1535,1489,1717,1659,1460,1611,1674,1507,1615,1739,1489,1455,1756,1678,1437,1621,1680,1472,1620,1782,1461,1419,1778,1664,1437,1635,1671,1459,1645,1776,1456,1443,1770,1665,1456,1648,1649,1466,1645,1753,1472,1485,1733,1637,1489,1648,1619,1490,1647,1720,1498,1519,1696,1615,1535,1647,1603,1517,1644,1677,1519,1557,1647,1598,1584,1641,1591,1552,1630,1641,1552,1590,1621,1588,1594,1632,1585,1570,1619,1621,1579,1600,1603,1597,1607,1622,1587,1585,1621,1597,1589,1648,1597,1585,1609,1611,1582,1601,1610,1596,1598,1611,1585,1591,1611,1603,1593,1602,1600,1593,1638,1610,1584,1594,1594,1599,1598,1607,1595,1591,1614,1609,1587,1598,1606,1598,1600,1609,1600,1589,1607,1606,1596,1598,1602,1595,1600,1614,1591,1591,1605,1598,1600,1601,1600,1595,1604,1599,1599,1593,1599,1600,1601,1602,1598,1598,1607,1600,1601,1599,1603,1601,1600,1584,1594,1600,1598,1602,1597,1602,1599,1602,1600,1601,1600,1597,1599,1600,1602,1600,1586,1599,1598,1601,1604,1601,1598,1600,1599,1603,1603,1599,1598,1600,1602,1600,1600,1595,1601,1603,1601,1589,1600,1603,1598,1637,1600,1597,1595,1600,1601,1600,1597,1601,1597,1598,1600,1605,1584,1605,1585,1597,1600,1600,1603,1600,1599,1600,1597,1597,1602,1601,1600,1603,1584,1602,1607,1600,1603,1604,1598,1598,1600,1607,1606,1600,1601,1598,1601,1595,1600,1602,1595,1603,1601,1598,1600,1605,1596,1598,1600,1601,1595,1604,1602,1600,1600,1584,1599,1591,1600,1600,1595,1601,1602,1597,1599,1600,1601,1600,1597,1600,1589,1600,1602,1600,1597,1603,1600,1597,1595,1601,1595,1600,1595,1591,1601,1600,1597,1602,1605,1601,1595,1598,1600,1597,1601,1596,1602,1597,1600,1607,1595,1600,1600,1602,1601,1596,1603,1590,1601,1601,1600,1598,1601,1597,1599,1601,1604,1600,1600,1603,1590,1600,1589,1600,1611,1601,1613,1599,1600,1603,1620,1600,1602,1603,1595,1597,1600,1598,1598,1600,1600,1600,1600,1599,1602,1600,1603,1591,1598,1603,1600,1600,1603,1594,1600,1599,1597,1599,1603,1600,1604,1600,1600,1600,1601,1601,1598,1600,1600,1597,1586,1603,1602,1600,1600,1603,1602,1600,1602,1602,1597,1600,1597,1601,1601,1599,1601,1600,1603,1603,1600,1597,1600,1616,1599,1597,1601,1602,1597,1603,1599,1604,1600,1600,1599,1599,1607,1600,1597,1603,1598,1605,1601,1603,1599,1606,1600,1599,1600,1603,1600,1604,1601,1616,1600,1610,1600,1601,1606,1594,1601,1594,1599,1602,1600,1602,1600,1602,1601,1600,1598,1603,1596,1603,1594,1602,1605,1600,1650,1600,1603,1602,1613,1597,1600,1598,1601,1600,1603,1599,1601,1601,1600,1600,1607,1604,1602,1600,1601,1607,1599,1598,1603,1602,1602,1603,1600,1619,1603,1601,1600,1585,1599,1600,1600,1603,1606,1600,1602,1597,1601,1599,1600,1601
1600,1601,1600,1601,1600,1854,1604,1600,1859,1609,1600,1599,1604,1606,1600,1871,1605,1603,1869,1612,1598,1590,1597,1608,1600,1872,1609,1600,1872,1602,1600,1600,1600,1603,1594,1875,1607,1602,1872,1597,1598,1600,1601,1607,1600,1601,1602,1606,1603,1587,1600,1601,1596,1614,1600,1611,1605,1600,1616,1595,1599,1600,1599,1601,1606,1601,1598,1603,1604,1639,1599,1611,1590,1610,1616,1613,1575,1600,1627,1584,1597,1628,1583,1555,1647,1636,1535,1597,1642,1569,1571,1674,1547,1520,1668,1653,1495,1597,1672,1535,1590,1705,1529,1487,1723,1680,1472,1595,1682,1517,1597,1741,1511,1459,1744,1665,1456,1598,1686,1520,1600,1744,1509,1472,1733,1679,1472,1603,1671,1519,1607,1721,1527,1487,1700,1657,1507,1608,1647,1535,1613,1681,1555,1515,1671,1639,1529,1600,1635,1561,1600,1652,1583,1551,1635,1628,1569,1596,1619,1589,1600,1617,1591,1584,1613,1626,1587,1597,1611,1601,1591,1605,1600,1594,1600,1615,1595,1589,1606,1606,1591,1600,1611,1592,1589,1605,1602,1587,1609,1610,1591,1594,1600,1601,1584,1602,1617,1595,1605,1605,1598,1589,1605,1600,1593,1603,1604,1595,1602,1601,1598,1595,1600,1606,1599,1601,1600,1603,1601,1603,1597,1605,1603,1601,1599,1600,1604,1599,1600,1599,1600,1597,1609,1600,1605,1600,1569,1600,1607,1598,1599,1600,1601,1601,1604,1599,1600,1597,1600,1597,1601,1601,1597,1600,1595,1593,1599,1606,1598,1597,1600,1600,1599,1601,1599,1600,1600,1600,1597,1591,1575,1600,1600,1595,1584,1600,1602,1603,1594,1596,1599,1598,1594,1602,1600,1594,1609,1600,1600,1600,1598,1584,1600,1599,1597,1610,1598,1609,1599,1595,1600,1614,1600,1600,1600,1600,1602,1600,1598,1600,1597,1600,1603,1601,1598,1597,1597,1601,1596,1606,1584,1595,1595,1600,1607,1603,1601,1599,1600,1599,1604,1595,1598,1600,1600,1600,1600,1602,1599,1594,1602,1613,1599,1600,1599,1602,1600,1594,1600,1581,1601,1607,1603,1602,1600,1603,1598,1600,1600,1600,1600,1601,1599,1600,1614,1600,1597,1600,1571,1600,1600,1598,1595,1597,1599,1600,1598,1600,1603,1600,1600,1595,1596,1602,1599,1599,1600,1600,1600,1603,1600,1602,1600,1600,1600,1594,1598,1587,1595,1602,1597,1600,1603,1600,1600,1594,1610,1600,1614,1603,1600,1599,1583,1601,1600,1600,1598,1599,1600,1597,1602,1600,1602,1601,1595,1599,1602,1603,1598,1601,1591,1598,1597,1616,1597,1604,1602,1600,1603,1591,1600,1600,1600,1600,1603,1597,1605,1600,1600,1597,1597,1603,1606,1603,1589,1599,1599,1600,1599,1600,1601,1600,1600,1598,1593,1600,1597,1600,1611,1603,1600,1600,1599,1597,1616,1591,1600,1605,1595,1601,1599,1599,1595,1607,1596,1601,1598,1601,1600,1609,1599,1600,1594,1584,1600,1617,1598,1601,1598,1607,1603,1598,1602,1600,1603,1600,1599,1597,1600,1610,1600,1601,1601,1599,1599,1600,1600,1617,1600,1602,1600,1591,1603,1600,1600,1600,1600,1600,1600,1602,1600,1600,1600,1602,1601,1599,1594,1598,1602,1596,1613,1597,1600,1599,1593,1600,1597,1600,1600,1599,1601,1600,1605,1593,1600,1598,1600,1599,1600,1600,1603,1599,1600,1599,1600,1598,1600,1601,1595,1616,1600,1579,1594,1602,1593,1605,1600,1603,1600,1595,1595,1600,1595,1603,1599,1600,1581,1600,1596,1601,1648,1599,1603,1600,1614,1600,1599,1603,1598,1605
1601,1595,1596,1599,1599,1595,1597,1600,1603,1600,1603,1601,1601,1597,1603,1582,1600,1603,1615,1602,1603,1597,1602,1600,1593,1607,1598,1604,1600,1601,1609,1597,1599,1602,1598,1607,1604,1613,1612,1602,1600,1600,1603,1597,1600,1601,1596,1598,1602,1598,1599,1600,1601,1603,1600,1597,1600,1648,1600,1574,1600,1601,1597,1616,1600,1595,1603,1606,1601,1599,1604,1597,1587,1601,1599,1587,1606,1612,1584,1581,1629,1601,1579,1613,1603,1563,1619,1648,1535,1569,1664,1610,1555,1629,1604,1547,1641,1685,1513,1600,1690,1604,1527,1664,1610,1493,1656,1711,1485,1520,1715,1611,1520,1655,1599,1478,1670,1717,1472,1471,1716,1598,1550,1671,1598,1477,1667,1703,1488,1547,1679,1594,1523,1663,1596,1507,1659,1671,1509,1559,1671,1590,1581,1643,1586,1552,1632,1648,1562,1581,1625,1589,1584,1628,1597,1569,1616,1631,1584,1595,1606,1603,1589,1601,1601,1600,1603,1600,1595,1597,1600,1605,1594,1597,1607,1600,1595,1595,1600,1599,1607,1601,1648,1591,1607,1605,1586,1589,1610,1600,1593,1609,1603,1591,1611,1609,1590,1594,1600,1603,1600,1610,1599,1589,1605,1606,1587,1599,1602,1593,1598,1605,1600,1626,1610,1600,1598,1599,1606,1590,1602,1603,1599,1586,1600,1602,1587,1603,1605,1602,1613,1607,1638,1593,1607,1601,1589,1599,1612,1599,1601,1600,1596,1596,1603,1600,1597,1600,1597,1600,1598,1602,1595,1601,1596,1599,1600,1602,1595,1600,1595,1597,1610,1601,1601,1600,1585,1598,1600,1599,1598,1599,1601,1600,1600,1596,1591,1601,1600,1606,1600,1600,1600,1600,1597,1600,1601,1600,1601,1600,1599,1599,1601,1600,1597,1605,1607,1601,1623,1597,1600,1600,1586,1600,1600,1597,1601,1600,1600,1600,1614,1603,1600,1602,1595,1598,1598,1599,1600,1600,1600,1597,1599,1600,1593,1599,1600,1607,1599,1595,1600,1598,1595,1600,1600,1603,1601,1597,1596,1616,1596,1600,1602,1587,1595,1596,1600,1605,1600,1602,1605,1600,1600,1601,1600,1606,1602,1603,1600,1599,1590,1606,1600,1603,1601,1600,1604,1597,1598,1603,1600,1600,1599,1602,1598,1597,1599,1601,1601,1600,1600,1602,1599,1606,1600,1615,1597,1590,1588,1602,1600,1601,1602,1571,1600,1603,1600,1603,1600,1600,1600,1598,1597,1600,1595,1600,1584,1599,1600,1600,1603,1603,1603,1599,1594,1599,1609,1600,1602,1600,1598,1597,1601,1603,1602,1604,1604,1600,1600,1600,1599,1599,1601,1593,1599,1597,1598,1600,1603,1594,1600,1601,1602,1653,1600,1600,1601,1597,1601,1600,1603,1600,1604,1597,1597,1600,1588,1601,1600,1599,1600,1599,1594,1602,1604,1600,1600,1601,1599,1610,1601,1603,1603,1600,1603,1600,1601,1598,1603,1600,1598,1600,1594,1600,1599,1600,1601,1599,1601,1598,1600,1600,1599,1598,1594,1601,1599,1601,1603,1600,1589,1598,1587,1600,1595,1600,1600,1598,1596,1602,1600,1634,1600,1599,1601,1600,1598,1559,1598,1604,1600,1605,1604,1598,1600,1597,1598,1603,1609,1600,1600,1602,1598,1600,1583,1600,1605,1598,1598,1597,1601,1600,1600,1600,1599,1600,1595,1605,1602,1601,1602,1599,1603,1611,1600,1614,1600,1581,1596,1589,1600,1597,1602,1603,1605,1601,1600,1602,1599,1600,1602,1599,1600,1597,1594,1602,1606,1600,1616,1599,1597,1599,1600,1601,1585,1598,1593,1600,1600,1604,1597,1598,1600,1599,1600,1600,1597,1601,1598,1603
1597,1607,1600,1585,1599,1575,1607,1600,1584,1600,1598,1596,1599,1615,1589,1585,1615,1602,1591,1600,1594,1600,1570,1605,1599,1587,1621,1597,1613,1597,1595,1591,1593,1602,1599,1584,1605,1598,1582,1598,1599,1594,1595,1604,1600,1613,1590,1627,1597,1600,1599,1606,1593,1598,1603,1615,1598,1599,1602,1600,1593,1599,1601,1605,1593,1599,1600,1597,1601,1615,1584,1588,1623,1616,1573,1586,1616,1587,1594,1630,1582,1560,1644,1632,1535,1594,1646,1573,1582,1662,1564,1518,1678,1663,1493,1583,1679,1559,1571,1693,1543,1472,1707,1689,1459,1575,1696,1535,1585,1717,1543,1456,1718,1691,1460,1587,1694,1520,1589,1722,1523,1471,1709,1674,1479,1599,1664,1526,1600,1702,1535,1500,1689,1647,1520,1606,1631,1543,1618,1671,1549,1535,1653,1616,1557,1613,1602,1523,1625,1635,1566,1568,1630,1597,1584,1616,1584,1574,1616,1616,1571,1600,1610,1583,1607,1616,1584,1581,1625,1600,1584,1616,1617,1584,1616,1614,1585,1587,1664,1593,1597,1615,1597,1585,1613,1600,1587,1600,1604,1593,1606,1607,1590,1589,1606,1616,1591,1600,1601,1598,1601,1614,1587,1595,1603,1617,1596,1605,1597,1590,1605,1606,1594,1593,1602,1600,1595,1607,1645,1597,1598,1608,1588,1600,1611,1600,1595,1605,1610,1595,1600,1605,1591,1600,1605,1600,1600,1600,1600,1590,1602,1602,1599,1589,1600,1611,1597,1608,1603,1613,1600,1586,1598,1648,1600,1603,1601,1594,1603,1599,1600,1597,1599,1600,1601,1600,1600,1602,1606,1649,1593,1599,1602,1597,1602,1611,1595,1597,1605,1599,1598,1599,1599,1598,1605,1600,1595,1599,1602,1598,1600,1600,1600,1600,1605,1600,1597,1595,1600,1603,1600,1601,1591,1600,1603,1601,1599,1602,1601,1579,1597,1600,1600,1603,1600,1602,1595,1596,1595,1607,1593,1603,1597,1600,1598,1606,1599,1600,1601,1600,1599,1602,1602,1594,1609,1600,1599,1589,1603,1600,1595,1598,1600,1600,1599,1603,1603,1599,1584,1605,1587,1594,1609,1598,1600,1600,1602,1597,1600,1597,1597,1600,1599,1600,1601,1600,1598,1600,1601,1599,1601,1600,1598,1606,1603,1600,1602,1594,1600,1594,1600,1601,1594,1603,1600,1597,1600,1601,1600,1600,1599,1595,1607,1602,1584,1600,1613,1600,1600,1602,1599,1595,1617,1603,1600,1600,1598,1600,1600,1604,1597,1600,1600,1600,1591,1605,1603,1600,1597,1587,1600,1600,1600,1603,1601,1605,1594,1598,1600,1584,1597,1586,1602,1601,1600,1594,1600,1600,1597,1599,1600,1601,1596,1599,1599,1600,1574,1600,1607,1599,1590,1600,1587,1600,1601,1602,1600,1600,1600,1601,1601,1597,1598,1598,1598,1599,1595,1600,1599,1600,1598,1603,1597,1592,1595,1595,1602,1604,1600,1616,1599,1581,1595,1597,1602,1600,1595,1604,1594,1601,1594,1600,1600,1600,1601,1596,1596,1600,1595,1599,1599,1599,1595,1601,1601,1600,1602,1599,1596,1594,1600,1601,1600,1600,1586,1597,1603,1595,1598,1597,1599,1605,1600,1598,1602,1600,1600,1599,1605,1595,1601,1599,1600,1599,1604,1595,1600,1599,1603,1595,1597,1599,1600,1599,1600,1600,1600,1615,1597,1601,1598,1601,1600,1615,1600,1600,1598,1600,1599,1605,1598,1602,1600,1600,1600,1603,1594,1601,1595,1603,1596,1605,1605,1602,1596,1598,1594,1601,1600,1600,1600,1600,1600,1595,1600,1599,1599,1600,1597,1601,1601,1601,1605,1597,1601,1590,1601,1597,1603,1597
1605,1605,1600,1600,1595,1601,1603,1596,1600,1603,1575,1602,1609,1606,1606,1600,1600,1598,1600,1603,1593,1600,1601,1600,1606,1603,1601,1598,1600,1600,1599,1601,1600,1601,1602,1600,1601,1601,1600,1584,1599,1605,1603,1591,1609,1616,1600,1605,1605,1600,1600,1610,1597,1600,1606,1603,1600,1603,1597,1600,1597,1601,1604,1606,1585,1603,1583,1599,1609,1611,1591,1584,1622,1612,1578,1597,1621,1589,1600,1634,1571,1569,1649,1637,1543,1600,1648,1568,1595,1663,1551,1505,1689,1657,1502,1616,1669,1534,1606,1712,1518,1487,1725,1671,1473,1609,1678,1509,1625,1738,1497,1459,1744,1665,1468,1632,1668,1490,1662,1744,1487,1478,1733,1645,1497,1643,1637,1488,1646,1727,1489,1515,1714,1621,1526,1650,1609,1505,1649,1684,1503,1535,1679,1597,1567,1679,1584,1518,1658,1664,1531,1581,1645,1581,1590,1648,1582,1552,1652,1633,1559,1595,1621,1574,1602,1641,1577,1578,1628,1616,1578,1609,1610,1584,1610,1625,1584,1575,1618,1594,1594,1600,1591,1575,1604,1616,1591,1600,1605,1600,1601,1607,1591,1591,1610,1605,1595,1599,1601,1597,1601,1611,1589,1600,1605,1600,1601,1603,1607,1587,1607,1601,1578,1599,1614,1600,1609,1605,1659,1602,1600,1602,1600,1600,1604,1595,1607,1598,1599,1600,1600,1601,1600,1602,1599,1599,1601,1600,1594,1606,1600,1583,1602,1603,1600,1597,1600,1599,1601,1602,1605,1594,1609,1597,1604,1600,1606,1600,1600,1598,1602,1600,1601,1583,1602,1571,1606,1601,1594,1603,1600,1600,1597,1606,1595,1603,1603,1601,1600,1600,1601,1599,1605,1601,1600,1591,1583,1600,1591,1600,1593,1597,1600,1598,1598,1599,1602,1602,1599,1600,1601,1600,1600,1601,1596,1595,1599,1603,1590,1603,1600,1600,1600,1602,1599,1599,1597,1602,1599,1584,1600,1599,1598,1601,1599,1599,1600,1598,1602,1597,1616,1598,1603,1600,1607,1596,1582,1600,1600,1599,1601,1600,1600,1606,1595,1598,1601,1600,1603,1598,1601,1598,1600,1595,1602,1600,1603,1597,1605,1594,1600,1601,1599,1598,1600,1599,1600,1600,1600,1600,1603,1597,1605,1597,1585,1594,1600,1596,1604,1591,1601,1597,1601,1600,1600,1591,1602,1599,1601,1603,1600,1598,1599,1599,1600,1591,1609,1586,1600,1600,1599,1597,1595,1600,1598,1595,1602,1600,1600,1603,1600,1591,1600,1601,1605,1602,1605,1600,1600,1602,1600,1586,1598,1600,1598,1599,1603,1600,1597,1605,1595,1605,1590,1603,1602,1600,1604,1599,1584,1598,1599,1603,1598,1602,1600,1598,1594,1601,1595,1600,1595,1600,1595,1601,1600,1601,1601,1601,1600,1600,1603,1607,1601,1646,1600,1612,1600,1605,1594,1602,1600,1600,1600,1593,1601,1599,1603,1595,1601,1600,1603,1600,1602,1597,1600,1598,1600,1594,1623,1600,1599,1599,1601,1600,1599,1599,1600,1599,1599,1603,1595,1602,1600,1597,1595,1600,1597,1600,1596,1605,1597,1598,1603,1598,1600,1595,1601,1598,1599,1600,1603,1598,1599,1599,1600,1598,1599,1600,1600,1599,1600,1596,1600,1597,1600,1610,1600,1609,1599,1648,1603,1600,1600,1604,1600,1600,1597,1600,1595,1600,1600,1599,1602,1601,1597,1598,1600,1594,1599,1600,1595,1600,1600,1599,1597,1600,1598,1600,1600,1602,1603,1600,1600,1593,1600,1575,1603,1587,1600,1600,1600,1601,1599,1599,1601,1600,1600,1600,1599,1597,1606,1602,1590,1600,1601,1600,1600,1595,1600,1598
1600,1600,1603,1569,1615,1599,1571,1600,1601,1600,1606,1611,1602,1578,1615,1599,1583,1599,1603,1599,1600,1614,1602,1573,1601,1595,1573,1584,1599,1604,1597,1615,1598,1584,1614,1601,1575,1600,1606,1601,1600,1615,1593,1573,1607,1607,1600,1603,1600,1615,1590,1601,1599,1609,1574,1600,1605,1602,1597,1601,1603,1604,1598,1600,1604,1608,1593,1606,1611,1586,1607,1622,1574,1583,1647,1616,1566,1616,1618,1558,1626,1657,1552,1552,1681,1625,1552,1637,1617,1526,1636,1697,1507,1513,1728,1633,1489,1649,1641,1482,1658,1753,1479,1482,1763,1631,1493,1678,1629,1443,1682,1781,1431,1477,1777,1618,1479,1687,1616,1439,1688,1779,1442,1488,1760,1605,1493,1670,1602,1450,1695,1744,1457,1520,1724,1587,1542,1689,1583,1472,1680,1703,1501,1557,1735,1581,1578,1666,1595,1511,1632,1664,1530,1579,1644,1582,1594,1649,1579,1551,1645,1635,1559,1600,1621,1583,1602,1630,1579,1595,1621,1615,1581,1606,1607,1595,1603,1634,1587,1634,1616,1603,1593,1622,1601,1587,1612,1613,1591,1599,1605,1595,1602,1614,1607,1595,1607,1605,1597,1605,1599,1591,1616,1605,1586,1600,1584,1597,1603,1611,1600,1590,1611,1605,1593,1605,1606,1599,1601,1605,1587,1587,1607,1606,1590,1613,1601,1598,1601,1613,1589,1593,1609,1607,1590,1597,1605,1591,1603,1606,1602,1591,1613,1600,1600,1603,1600,1591,1603,1609,1600,1601,1594,1602,1605,1603,1607,1601,1600,1584,1613,1597,1600,1602,1598,1595,1605,1611,1598,1600,1591,1600,1605,1603,1593,1600,1600,1603,1602,1605,1603,1597,1603,1599,1600,1599,1603,1603,1601,1598,1604,1595,1599,1615,1600,1600,1600,1602,1595,1607,1597,1604,1600,1603,1605,1601,1600,1602,1606,1584,1600,1600,1603,1599,1605,1604,1596,1601,1600,1600,1595,1604,1599,1601,1600,1601,1599,1600,1600,1602,1597,1603,1599,1603,1600,1600,1600,1609,1602,1580,1600,1616,1602,1610,1603,1635,1603,1600,1605,1600,1600,1600,1605,1584,1600,1606,1600,1599,1600,1601,1599,1600,1601,1600,1600,1601,1600,1602,1601,1601,1597,1605,1616,1599,1600,1600,1591,1600,1600,1602,1602,1599,1606,1599,1600,1605,1600,1600,1600,1605,1600,1600,1599,1600,1601,1604,1595,1603,1609,1582,1600,1601,1600,1599,1605,1600,1594,1606,1602,1607,1600,1601,1600,1601,1601,1594,1599,1603,1602,1600,1601,1597,1595,1603,1601,1601,1579,1600,1593,1602,1600,1601,1590,1598,1603,1598,1601,1602,1600,1600,1600,1600,1599,1603,1599,1609,1602,1600,1600,1605,1598,1602,1603,1609,1602,1600,1601,1648,1600,1600,1595,1605,1600,1602,1603,1598,1600,1599,1600,1601,1610,1600,1595,1597,1603,1602,1599,1600,1600,1606,1600,1606,1601,1591,1601,1603,1605,1605,1599,1598,1598,1579,1600,1630,1595,1604,1599,1601,1603,1601,1600,1591,1602,1605,1600,1594,1601,1610,1597,1600,1601,1600,1595,1600,1601,1600,1600,1614,1603,1600,1599,1599,1602,1609,1599,1600,1602,1610,1598,1625,1600,1607,1596,1600,1607,1602,1600,1597,1600,1600,1600,1601,1600,1602,1596,1600,1603,1602,1600,1598,1590,1597,1610,1600,1613,1596,1600,1600,1600,1602,1601,1600,1601,1605,1601,1599,1601,1597,1600,1589,1601,1603,1599,1616,1597,1594,1600,1598,1600,1600,1604,1607,1600,1601,1599,1600,1600,1604,1600,1605,1588,1603,1597,1601,1601,1600,1612,1598,1603,1600
1602,1602,1595,1602,1584,1600,1600,1599,1605,1595,1578,1599,1598,1598,1600,1606,1600,1596,1601,1600,1595,1601,1599,1602,1594,1605,1598,1600,1602,1598,1603,1605,1591,1600,1603,1603,1597,1599,1606,1595,1598,1600,1605,1594,1601,1609,1609,1601,1600,1596,1600,1591,1599,1599,1600,1594,1584,1600,1600,1595,1598,1601,1597,1600,1601,1606,1602,1600,1616,1603,1584,1605,1600,1595,1600,1615,1578,1584,1621,1603,1572,1607,1602,1565,1619,1644,1552,1558,1651,1607,1554,1632,1607,1548,1633,1673,1516,1544,1688,1615,1531,1650,1601,1495,1664,1707,1487,1530,1715,1597,1535,1678,1596,1472,1686,1710,1457,1535,1711,1579,1560,1681,1573,1475,1688,1697,1488,1566,1682,1560,1582,1687,1563,1479,1685,1660,1514,1585,1658,1554,1603,1675,1553,1511,1670,1637,1545,1602,1639,1552,1611,1655,1557,1548,1649,1613,1561,1609,1607,1556,1611,1639,1566,1571,1630,1605,1583,1607,1601,1569,1616,1606,1584,1584,1616,1602,1591,1584,1597,1580,1603,1616,1589,1595,1607,1597,1599,1605,1595,1594,1600,1606,1600,1581,1603,1589,1600,1599,1601,1600,1600,1600,1600,1605,1599,1600,1587,1601,1599,1607,1603,1600,1657,1602,1597,1603,1617,1599,1598,1605,1595,1599,1604,1601,1600,1600,1600,1595,1600,1605,1595,1598,1604,1606,1598,1603,1600,1597,1606,1602,1600,1591,1607,1584,1599,1600,1600,1595,1610,1599,1600,1595,1599,1595,1600,1600,1599,1598,1595,1601,1599,1614,1603,1594,1600,1595,1603,1602,1611,1588,1602,1595,1600,1599,1600,1597,1602,1599,1601,1593,1607,1594,1603,1593,1582,1595,1610,1600,1614,1595,1613,1600,1609,1599,1600,1600,1599,1604,1595,1601,1598,1600,1598,1601,1600,1602,1600,1600,1602,1599,1601,1593,1600,1571,1601,1598,1601,1584,1607,1579,1602,1597,1603,1595,1600,1597,1602,1599,1600,1600,1598,1601,1600,1602,1611,1600,1579,1599,1600,1599,1621,1600,1602,1599,1602,1595,1602,1599,1604,1595,1601,1597,1600,1594,1602,1596,1600,1600,1599,1600,1599,1600,1596,1604,1600,1602,1606,1601,1600,1602,1600,1600,1613,1600,1597,1598,1600,1599,1611,1600,1597,1595,1600,1600,1598,1598,1599,1599,1598,1599,1597,1601,1606,1600,1599,1600,1599,1602,1597,1606,1593,1600,1600,1600,1597,1599,1601,1597,1601,1603,1600,1603,1601,1643,1595,1601,1597,1600,1597,1585,1595,1599,1601,1599,1598,1595,1601,1597,1596,1600,1596,1598,1601,1597,1597,1599,1602,1597,1601,1600,1600,1600,1603,1600,1597,1600,1597,1597,1600,1600,1596,1595,1603,1596,1598,1599,1598,1612,1602,1603,1600,1600,1600,1600,1600,1578,1599,1609,1600,1601,1600,1604,1600,1599,1603,1600,1595,1599,1593,1595,1597,1602,1589,1601,1603,1600,1583,1602,1600,1600,1607,1599,1600,1594,1600,1593,1600,1595,1599,1591,1597,1598,1600,1598,1600,1585,1597,1599,1596,1583,1600,1597,1605,1598,1605,1600,1600,1606,1600,1600,1601,1604,1601,1600,1600,1600,1600,1602,1597,1596,1598,1600,1600,1616,1600,1604,1601,1625,1601,1600,1600,1600,1603,1597,1600,1600,1597,1603,1598,1600,1593,1600,1597,1599,1598,1600,1600,1598,1605,1600,1600,1601,1600,1600,1598,1608,1596,1603,1595,1607,1600,1599,1601,1591,1601,1598,1600,1611,1595,1603,1597,1605,1598,1601,1604,1596,1602,1599,1603,1595,1600,1609,1597,1601,1599,1598,1600,1600,1601,1597
1600,1601,1605,1601,1584,1600,1594,1597,1601,1616,1602,1584,1609,1594,1584,1597,1600,1616,1600,1636,1600,1584,1618,1593,1580,1605,1598,1601,1600,1603,1602,1584,1604,1600,1584,1601,1610,1600,1599,1603,1597,1584,1616,1600,1585,1591,1600,1609,1600,1595,1600,1600,1594,1600,1604,1599,1600,1599,1597,1589,1603,1594,1598,1599,1601,1602,1605,1596,1605,1605,1588,1590,1622,1602,1584,1612,1601,1583,1628,1635,1555,1579,1647,1607,1567,1629,1600,1552,1645,1662,1520,1557,1689,1600,1560,1653,1635,1506,1668,1699,1486,1548,1713,1588,1542,1683,1584,1471,1693,1715,1458,1545,1713,1571,1552,1710,1567,1473,1707,1741,1472,1553,1699,1535,1578,1711,1546,1479,1696,1686,1488,1594,1667,1546,1600,1694,1548,1502,1687,1646,1513,1616,1634,1546,1638,1681,1552,1543,1668,1622,1561,1634,1607,1548,1630,1652,1559,1570,1649,1598,1580,1630,1590,1563,1626,1638,1573,1602,1627,1597,1597,1619,1586,1583,1619,1617,1584,1601,1609,1589,1600,1626,1595,1588,1616,1602,1595,1605,1601,1598,1649,1613,1599,1597,1601,1600,1564,1605,1606,1607,1600,1603,1600,1609,1601,1600,1600,1604,1600,1605,1600,1604,1605,1615,1599,1600,1611,1579,1600,1606,1600,1597,1609,1596,1593,1600,1611,1600,1602,1608,1600,1594,1606,1604,1590,1602,1605,1600,1599,1613,1613,1593,1639,1602,1603,1600,1604,1598,1600,1614,1601,1594,1611,1604,1602,1600,1597,1603,1600,1606,1602,1601,1602,1612,1607,1602,1606,1600,1599,1603,1601,1599,1603,1602,1600,1587,1602,1606,1605,1598,1605,1602,1599,1612,1598,1602,1600,1600,1598,1599,1602,1653,1600,1601,1600,1584,1603,1604,1600,1600,1599,1602,1606,1604,1601,1601,1603,1602,1601,1600,1600,1600,1603,1601,1609,1600,1589,1599,1600,1603,1547,1603,1601,1602,1600,1606,1605,1603,1605,1600,1602,1599,1607,1606,1603,1602,1607,1600,1602,1591,1600,1616,1601,1603,1601,1616,1602,1602,1605,1599,1603,1602,1607,1601,1603,1601,1601,1601,1601,1601,1607,1607,1616,1599,1598,1605,1616,1600,1583,1603,1603,1601,1601,1604,1606,1600,1609,1601,1605,1603,1604,1599,1600,1600,1601,1597,1600,1597,1601,1603,1600,1606,1601,1600,1600,1623,1601,1600,1603,1599,1600,1601,1599,1602,1603,1606,1601,1600,1605,1605,1600,1601,1584,1600,1615,1600,1619,1600,1627,1599,1600,1600,1600,1603,1606,1605,1595,1602,1601,1601,1600,1585,1598,1600,1600,1598,1605,1599,1607,1606,1601,1600,1601,1590,1601,1615,1600,1600,1603,1600,1601,1600,1605,1600,1601,1597,1601,1600,1601,1600,1598,1598,1598,1605,1598,1605,1600,1600,1600,1601,1601,1600,1603,1597,1605,1598,1603,1600,1607,1605,1596,1600,1599,1598,1597,1601,1600,1619,1602,1599,1605,1650,1599,1600,1601,1610,1602,1601,1600,1603,1595,1604,1600,1603,1602,1600,1598,1603,1601,1598,1604,1595,1603,1596,1602,1584,1600,1600,1599,1603,1599,1604,1602,1603,1600,1599,1600,1600,1603,1598,1600,1600,1600,1600,1602,1600,1573,1604,1600,1601,1607,1598,1600,1599,1597,1603,1597,1605,1600,1602,1598,1602,1601,1601,1600,1601,1600,1600,1597,1600,1600,1605,1593,1606,1594,1617,1597,1617,1599,1610,1600,1602,1598,1600,1595,1606,1597,1605,1600,1601,1600,1604,1597,1602,1600,1601,1600,1600,1584,1599,1586,1599,1584,1600,1600,1604,1600,1603,1600,1601
1599,1606,1600,1600,1602,1611,1600,1607,1600,1608,1605,1606,1600,1600,1607,1603,1601,1605,1603,1611,1600,1607,1606,1607,1603,1601,1602,1604,1600,1616,1601,1583,1606,1617,1603,1602,1602,1600,1600,1610,1602,1602,1613,1602,1607,1601,1600,1585,1600,1605,1606,1600,1599,1603,1606,1602,1603,1600,1599,1601,1610,1603,1600,1606,1594,1598,1612,1605,1595,1611,1605,1584,1618,1619,1580,1587,1630,1601,1581,1623,1601,1564,1629,1648,1552,1579,1660,1595,1569,1647,1598,1520,1654,1694,1506,1553,1694,1591,1546,1677,1594,1485,1680,1711,1477,1535,1724,1582,1532,1690,1555,1473,1686,1722,1465,1552,1710,1582,1549,1694,1562,1472,1694,1709,1479,1558,1703,1567,1565,1683,1577,1488,1680,1686,1495,1575,1673,1578,1584,1667,1572,1517,1664,1647,1521,1587,1649,1580,1596,1659,1581,1534,1648,1640,1551,1596,1631,1581,1600,1642,1568,1558,1643,1623,1572,1597,1634,1587,1601,1621,1564,1574,1619,1613,1584,1606,1610,1597,1603,1611,1598,1595,1603,1607,1600,1593,1604,1594,1600,1600,1591,1601,1601,1603,1601,1600,1600,1597,1600,1596,1604,1611,1595,1593,1614,1599,1594,1615,1590,1587,1613,1616,1579,1601,1607,1588,1591,1618,1595,1585,1617,1613,1583,1603,1616,1599,1590,1606,1593,1584,1613,1619,1585,1599,1610,1593,1598,1616,1600,1584,1615,1602,1594,1600,1610,1595,1600,1600,1600,1586,1602,1611,1590,1600,1605,1600,1598,1600,1609,1596,1602,1599,1597,1595,1600,1602,1600,1591,1601,1606,1599,1587,1600,1584,1600,1601,1594,1600,1600,1600,1602,1600,1598,1597,1607,1610,1599,1600,1611,1600,1610,1600,1600,1597,1581,1598,1599,1601,1601,1600,1599,1595,1600,1599,1603,1599,1599,1603,1598,1598,1601,1605,1600,1600,1596,1584,1600,1590,1600,1609,1599,1597,1600,1601,1600,1599,1607,1605,1609,1597,1600,1593,1600,1600,1595,1600,1600,1600,1613,1600,1639,1600,1596,1601,1582,1600,1600,1599,1600,1600,1600,1602,1603,1599,1600,1600,1597,1602,1602,1598,1600,1598,1600,1600,1600,1612,1601,1600,1600,1598,1601,1593,1601,1600,1600,1600,1598,1591,1600,1602,1600,1602,1600,1600,1603,1598,1600,1599,1604,1595,1602,1600,1602,1600,1594,1600,1593,1600,1600,1599,1600,1595,1603,1603,1600,1599,1600,1595,1601,1599,1604,1600,1609,1598,1603,1599,1599,1591,1599,1601,1600,1593,1611,1594,1607,1595,1581,1600,1572,1600,1598,1603,1594,1600,1606,1600,1599,1594,1600,1603,1600,1600,1600,1605,1589,1601,1585,1599,1601,1600,1599,1599,1601,1600,1597,1615,1602,1601,1596,1600,1600,1600,1595,1600,1600,1616,1600,1600,1600,1639,1603,1600,1600,1593,1601,1594,1600,1600,1600,1599,1600,1599,1598,1607,1606,1600,1600,1600,1594,1600,1595,1600,1600,1602,1586,1600,1585,1600,1600,1600,1600,1601,1597,1601,1602,1600,1599,1600,1597,1600,1600,1600,1606,1598,1606,1600,1601,1600,1595,1597,1600,1601,1599,1597,1602,1596,1600,1598,1602,1598,1600,1594,1601,1598,1603,1594,1595,1605,1599,1599,1601,1600,1600,1606,1597,1611,1600,1603,1599,1600,1597,1602,1600,1600,1601,1600,1616,1595,1611,1600,1596,1600,1635,1600,1616,1602,1600,1600,1594,1599,1603,1595,1599,1599,1599,1601,1600,1599,1603,1601,1599,1600,1597,1600,1600,1610,1600,1607,1603,1587,1607,1601,1598,1605,1601,1600,1603,1593,1597,1596
1600,1600,1595,1599,1639,1593,1594,1581,1605,1598,1581,1600,1594,1600,1596,1616,1595,1585,1606,1600,1583,1591,1597,1600,1595,1610,1597,1582,1606,1600,1585,1598,1598,1597,1593,1645,1600,1571,1611,1595,1584,1614,1600,1589,1598,1613,1600,1599,1597,1597,1597,1591,1599,1595,1603,1595,1591,1601,1600,1613,1584,1600,1592,1601,1587,1598,1596,1600,1599,1587,1598,1605,1586,1587,1621,1613,1577,1599,1617,1589,1603,1634,1568,1566,1650,1613,1543,1594,1635,1553,1605,1616,1535,1520,1689,1645,1493,1609,1658,1519,1612,1711,1505,1479,1731,1659,1463,1616,1663,1488,1630,1741,1475,1463,1759,1658,1471,1638,1648,1478,1646,1744,1483,1481,1731,1641,1494,1646,1620,1489,1647,1715,1489,1515,1697,1615,1526,1667,1600,1510,1642,1680,1518,1552,1664,1593,1570,1644,1588,1535,1646,1649,1551,1584,1630,1585,1599,1638,1584,1565,1630,1621,1574,1600,1630,1579,1605,1616,1581,1578,1615,1602,1587,1602,1600,1584,1610,1611,1585,1595,1606,1589,1599,1600,1591,1622,1611,1606,1590,1602,1600,1588,1609,1614,1585,1594,1607,1603,1617,1612,1587,1589,1605,1616,1584,1595,1612,1600,1595,1616,1595,1571,1619,1616,1573,1591,1619,1590,1595,1619,1591,1546,1616,1619,1576,1597,1621,1589,1598,1616,1593,1570,1615,1618,1578,1594,1623,1590,1599,1607,1597,1562,1614,1616,1579,1593,1616,1595,1599,1606,1598,1576,1610,1605,1596,1593,1603,1616,1587,1597,1607,1595,1600,1594,1597,1598,1601,1603,1597,1599,1601,1593,1600,1600,1594,1593,1601,1600,1597,1600,1587,1593,1616,1600,1642,1597,1604,1599,1609,1600,1598,1591,1606,1600,1589,1599,1600,1599,1599,1606,1591,1600,1599,1605,1593,1602,1600,1600,1599,1607,1590,1598,1600,1606,1597,1599,1600,1597,1600,1603,1599,1600,1600,1600,1595,1603,1599,1598,1601,1601,1596,1600,1595,1599,1600,1602,1574,1597,1600,1600,1605,1600,1604,1600,1597,1600,1599,1597,1600,1600,1599,1598,1599,1603,1595,1597,1594,1602,1599,1601,1595,1600,1598,1591,1597,1601,1600,1599,1599,1573,1600,1598,1608,1599,1599,1594,1600,1597,1600,1601,1595,1599,1595,1603,1596,1600,1600,1600,1597,1601,1595,1598,1599,1603,1598,1600,1600,1598,1595,1600,1600,1611,1602,1602,1600,1584,1600,1600,1600,1599,1600,1599,1610,1601,1597,1600,1602,1601,1599,1599,1599,1597,1595,1601,1600,1599,1603,1600,1600,1600,1601,1599,1609,1600,1603,1595,1602,1595,1597,1595,1606,1595,1626,1600,1601,1600,1604,1600,1602,1600,1603,1600,1600,1602,1605,1597,1605,1600,1601,1600,1604,1601,1603,1602,1606,1584,1601,1597,1600,1609,1601,1602,1599,1603,1599,1597,1601,1599,1602,1599,1601,1600,1594,1600,1597,1598,1594,1595,1600,1599,1601,1595,1586,1600,1600,1600,1603,1599,1602,1600,1603,1596,1602,1601,1600,1599,1602,1601,1600,1599,1571,1600,1600,1600,1595,1602,1596,1609,1595,1603,1600,1600,1594,1600,1598,1595,1595,1601,1597,1598,1602,1600,1596,1614,1597,1597,1600,1604,1597,1591,1600,1600,1600,1548,1598,1597,1600,1600,1596,1594,1601,1600,1600,1600,1602,1599,1603,1600,1602,1600,1616,1601,1613,1596,1593,1596,1613,1601,1601,1597,1606,1598,1600,1597,1600,1596,1603,1600,1600,1598,1601,1598,1600,1603,1597,1597,1595,1600,1597,1598,1600,1600,1599,1604,1594,1603,1595,1600,1606,1603
1595,1598,1600,1595,1603,1585,1610,1591,1578,1602,1600,1599,1602,1605,1594,1586,1600,1602,1587,1602,1602,1599,1600,1599,1601,1586,1603,1594,1591,1600,1600,1601,1600,1600,1599,1587,1603,1600,1584,1594,1604,1600,1598,1605,1597,1614,1594,1605,1601,1600,1601,1602,1600,1596,1600,1602,1601,1596,1605,1600,1600,1595,1615,1596,1607,1602,1600,1591,1599,1601,1584,1595,1616,1602,1584,1605,1607,1576,1615,1630,1563,1575,1648,1615,1552,1627,1620,1543,1629,1675,1530,1591,1693,1619,1514,1630,1622,1511,1648,1713,1483,1504,1731,1631,1494,1651,1627,1471,1664,1746,1459,1490,1745,1616,1490,1677,1606,1462,1683,1733,1463,1508,1724,1609,1520,1674,1594,1481,1671,1703,1492,1549,1685,1598,1559,1664,1586,1511,1655,1667,1522,1572,1651,1584,1583,1648,1579,1547,1638,1633,1572,1593,1615,1578,1601,1622,1586,1584,1611,1612,1600,1605,1595,1594,1602,1611,1575,1596,1608,1600,1601,1606,1586,1595,1610,1599,1596,1609,1595,1587,1606,1614,1586,1600,1605,1588,1606,1597,1590,1594,1614,1598,1597,1607,1599,1591,1605,1609,1585,1591,1611,1600,1589,1606,1600,1586,1605,1609,1596,1593,1603,1601,1584,1605,1598,1585,1608,1615,1585,1591,1614,1598,1594,1605,1599,1584,1610,1615,1588,1593,1610,1603,1594,1604,1597,1597,1605,1614,1598,1596,1600,1613,1607,1602,1596,1595,1600,1600,1597,1600,1601,1597,1598,1600,1601,1601,1600,1600,1600,1600,1599,1606,1598,1601,1601,1616,1596,1601,1601,1597,1600,1601,1603,1598,1604,1595,1597,1596,1600,1595,1597,1600,1601,1598,1601,1601,1568,1604,1596,1591,1600,1603,1600,1601,1596,1595,1601,1597,1599,1598,1602,1600,1600,1600,1603,1600,1601,1600,1600,1601,1600,1600,1603,1600,1598,1597,1602,1594,1605,1600,1600,1595,1595,1599,1604,1600,1603,1597,1594,1601,1597,1601,1596,1600,1599,1603,1598,1599,1598,1600,1597,1605,1598,1612,1602,1601,1602,1595,1601,1599,1600,1600,1599,1597,1600,1598,1591,1611,1598,1616,1597,1600,1600,1575,1600,1594,1601,1602,1599,1599,1601,1600,1602,1596,1600,1600,1600,1600,1600,1600,1600,1600,1614,1591,1609,1600,1600,1600,1600,1600,1600,1600,1599,1601,1600,1599,1601,1594,1596,1602,1600,1599,1600,1597,1595,1600,1596,1602,1602,1579,1600,1590,1603,1600,1600,1600,1595,1600,1600,1602,1600,1599,1602,1594,1600,1598,1600,1597,1600,1600,1597,1603,1586,1600,1602,1600,1600,1600,1600,1602,1600,1599,1599,1602,1599,1599,1598,1603,1600,1600,1600,1606,1600,1598,1600,1596,1598,1601,1597,1590,1595,1596,1609,1582,1600,1591,1597,1602,1600,1600,1600,1600,1600,1600,1600,1600,1598,1600,1602,1596,1595,1601,1611,1599,1601,1600,1657,1600,1602,1600,1603,1599,1599,1601,1598,1600,1600,1601,1594,1601,1600,1602,1600,1599,1598,1600,1599,1600,1600,1598,1601,1599,1600,1600,1598,1600,1595,1603,1599,1601,1600,1595,1599,1610,1594,1609,1600,1595,1597,1598,1600,1599,1599,1600,1595,1599,1600,1598,1601,1602,1611,1595,1598,1600,1599,1600,1600,1600,1596,1599,1600,1599,1598,1600,1595,1599,1615,1600,1590,1597,1600,1602,1595,1597,1598,1601,1597,1607,1600,1598,1601,1600,1595,1600,1598,1600,1599,1599,1597,1603,1600,1600,1598,1600,1600,1584,1600,1595,1593,1593,1600,1600,1595,1601,1605,1597,1599,1598,1600,1594
1602,1599,1598,1599,1581,1597,1584,1600,1601,1611,1617,1578,1608,1594,1582,1598,1600,1598,1602,1611,1600,1582,1602,1596,1584,1600,1600,1603,1600,1601,1600,1581,1602,1600,1582,1603,1599,1598,1602,1606,1603,1583,1603,1601,1599,1599,1585,1611,1597,1595,1603,1601,1595,1599,1602,1599,1600,1601,1600,1597,1604,1600,1601,1597,1600,1599,1595,1596,1605,1607,1586,1594,1614,1600,1587,1611,1600,1583,1616,1619,1568,1584,1623,1587,1589,1647,1584,1553,1638,1635,1535,1575,1647,1578,1587,1653,1569,1520,1667,1653,1514,1587,1659,1553,1587,1684,1535,1505,1680,1663,1503,1597,1659,1530,1600,1693,1527,1501,1694,1648,1506,1616,1635,1522,1615,1687,1526,1523,1680,1631,1535,1620,1621,1529,1623,1721,1531,1561,1655,1617,1562,1637,1603,1551,1627,1648,1555,1572,1635,1595,1587,1625,1589,1563,1618,1627,1570,1590,1613,1591,1597,1621,1584,1583,1590,1610,1589,1599,1606,1590,1600,1613,1587,1595,1610,1600,1600,1600,1601,1585,1602,1602,1593,1595,1601,1594,1595,1616,1591,1594,1600,1611,1594,1600,1613,1594,1601,1598,1599,1593,1600,1601,1591,1604,1601,1599,1601,1603,1606,1591,1614,1600,1600,1594,1613,1591,1598,1600,1595,1600,1600,1600,1599,1600,1600,1599,1600,1599,1595,1591,1599,1604,1598,1598,1603,1587,1600,1597,1600,1600,1600,1600,1600,1598,1603,1595,1597,1599,1597,1595,1589,1600,1584,1595,1600,1606,1600,1599,1600,1598,1600,1601,1597,1598,1598,1600,1602,1600,1585,1599,1602,1600,1599,1590,1600,1600,1595,1600,1597,1597,1600,1600,1601,1599,1600,1600,1600,1602,1590,1600,1600,1601,1602,1602,1598,1597,1598,1600,1595,1597,1600,1593,1600,1600,1601,1590,1601,1603,1597,1600,1600,1599,1599,1648,1600,1597,1600,1602,1599,1600,1598,1596,1599,1595,1600,1599,1601,1602,1603,1600,1591,1600,1595,1599,1597,1596,1600,1600,1601,1601,1603,1596,1603,1600,1603,1599,1600,1600,1597,1600,1599,1600,1600,1600,1600,1599,1599,1587,1597,1600,1600,1599,1597,1594,1595,1597,1596,1603,1600,1603,1601,1600,1601,1600,1600,1600,1600,1599,1597,1598,1603,1600,1600,1601,1598,1597,1593,1597,1600,1605,1598,1606,1600,1594,1600,1598,1600,1600,1603,1600,1595,1598,1603,1594,1600,1600,1596,1610,1602,1600,1600,1604,1597,1598,1600,1598,1599,1600,1598,1597,1599,1601,1602,1600,1603,1599,1598,1597,1600,1599,1605,1600,1616,1600,1616,1602,1600,1600,1601,1600,1600,1599,1595,1599,1598,1595,1595,1617,1595,1589,1600,1594,1605,1593,1602,1592,1600,1591,1600,1594,1602,1593,1601,1594,1584,1594,1609,1594,1616,1591,1597,1597,1599,1600,1595,1600,1601,1597,1601,1595,1579,1595,1600,1598,1587,1600,1593,1599,1597,1600,1597,1601,1602,1593,1600,1595,1600,1591,1600,1599,1600,1598,1594,1598,1595,1600,1591,1601,1599,1601,1596,1600,1597,1600,1597,1599,1595,1601,1600,1600,1600,1590,1600,1599,1594,1593,1599,1598,1600,1595,1594,1593,1597,1607,1599,1603,1599,1595,1600,1597,1599,1598,1595,1598,1595,1600,1600,1600,1599,1597,1596,1598,1595,1600,1600,1601,1613,1598,1599,1598,1596,1596,1595,1600,1597,1599,1598,1598,1597,1599,1598,1600,1598,1591,1597,1600,1600,1598,1594,1599,1597,1606,1598,1570,1599,1600,1598,1598,1595,1599,1594,1600,1597,1598,1599,1597,1605,1587,1597,1590
1600,1603,1603,1605,1600,1598,1585,1600,1607,1599,1601,1610,1600,1598,1607,1605,1594,1612,1603,1604,1601,1606,1599,1592,1603,1603,1594,1599,1605,1591,1601,1601,1600,1601,1601,1607,1591,1597,1607,1600,1599,1601,1605,1587,1607,1607,1602,1600,1594,1609,1601,1599,1607,1603,1600,1600,1569,1606,1598,1600,1609,1598,1603,1602,1600,1598,1607,1600,1594,1603,1612,1604,1589,1623,1611,1578,1610,1622,1577,1570,1649,1600,1554,1620,1623,1552,1627,1675,1525,1526,1699,1641,1505,1629,1635,1507,1632,1730,1481,1482,1765,1653,1472,1651,1666,1446,1637,1794,1431,1429,1812,1664,1424,1670,1654,1415,1685,1823,1401,1426,1818,1648,1439,1699,1637,1407,1694,1806,1418,1457,1779,1619,1479,1692,1605,1431,1696,1766,1450,1498,1739,1600,1525,1680,1588,1472,1685,1709,1509,1553,1670,1584,1582,1670,1585,1520,1647,1655,1550,1590,1637,1581,1598,1645,1586,1556,1638,1620,1574,1605,1610,1596,1614,1597,1582,1591,1616,1599,1596,1584,1598,1585,1615,1589,1594,1601,1606,1590,1606,1613,1590,1593,1610,1600,1599,1607,1603,1587,1610,1605,1588,1600,1606,1602,1600,1607,1600,1590,1611,1607,1600,1600,1604,1606,1600,1614,1600,1593,1607,1600,1600,1602,1603,1591,1600,1609,1601,1600,1601,1596,1600,1614,1600,1601,1600,1604,1601,1600,1601,1599,1603,1601,1603,1600,1601,1600,1607,1606,1600,1600,1605,1601,1600,1600,1607,1601,1600,1602,1600,1603,1602,1598,1598,1602,1595,1600,1603,1606,1600,1598,1596,1600,1600,1600,1599,1601,1648,1601,1603,1600,1602,1600,1600,1600,1603,1607,1605,1595,1595,1600,1597,1602,1597,1611,1600,1600,1601,1600,1598,1599,1600,1602,1603,1610,1600,1596,1595,1578,1605,1601,1604,1597,1603,1599,1601,1598,1603,1602,1600,1597,1615,1597,1593,1600,1599,1603,1613,1601,1587,1598,1610,1604,1626,1605,1601,1598,1600,1602,1599,1598,1600,1602,1600,1605,1600,1601,1599,1601,1603,1617,1600,1598,1600,1631,1595,1604,1602,1605,1593,1609,1602,1601,1601,1597,1601,1600,1598,1598,1603,1600,1600,1600,1586,1603,1611,1598,1612,1598,1601,1600,1639,1603,1599,1603,1603,1599,1602,1600,1600,1596,1600,1602,1600,1604,1600,1601,1599,1600,1596,1602,1601,1602,1597,1603,1600,1599,1605,1600,1597,1597,1605,1601,1584,1601,1613,1594,1595,1601,1575,1600,1600,1594,1600,1602,1599,1600,1618,1599,1604,1600,1600,1602,1626,1598,1603,1601,1600,1603,1599,1600,1600,1597,1600,1605,1600,1604,1600,1601,1599,1600,1597,1600,1600,1611,1597,1584,1600,1600,1597,1584,1599,1600,1601,1600,1600,1600,1603,1598,1600,1601,1600,1601,1599,1603,1600,1603,1613,1601,1603,1600,1600,1595,1600,1599,1601,1600,1603,1600,1596,1594,1602,1598,1599,1605,1597,1601,1603,1594,1601,1591,1600,1600,1600,1648,1600,1600,1600,1602,1600,1598,1603,1601,1600,1598,1600,1595,1600,1605,1602,1600,1600,1598,1606,1597,1599,1599,1599,1602,1598,1581,1597,1600,1605,1600,1601,1602,1599,1600,1600,1606,1600,1600,1603,1598,1603,1601,1600,1596,1605,1602,1590,1600,1612,1599,1607,1598,1599,1601,1600,1597,1602,1600,1599,1600,1600,1598,1601,1600,1598,1605,1606,1599,1600,1614,1600,1600,1600,1616,1597,1591,1603,1613,1597,1607,1600,1600,1600,1600,1601,1598,1602,1600,1601,1600,1599,1600,1600,1600,1600,1602
1603,1602,1595,1600,1601,1590,1603,1570,1610,1571,1578,1600,1601,1600,1602,1607,1600,1575,1607,1601,1583,1602,1600,1602,1599,1607,1600,1582,1595,1602,1584,1600,1600,1600,1600,1604,1600,1577,1606,1599,1577,1600,1604,1600,1598,1605,1612,1598,1598,1600,1600,1600,1599,1602,1594,1606,1598,1602,1593,1600,1602,1602,1600,1599,1605,1597,1600,1600,1606,1597,1584,1616,1591,1586,1625,1600,1577,1612,1600,1562,1622,1645,1535,1555,1667,1601,1535,1631,1611,1518,1653,1694,1483,1520,1727,1602,1497,1680,1606,1453,1696,1749,1424,1482,1792,1602,1471,1710,1605,1403,1722,1807,1379,1458,1810,1599,1473,1740,1589,1371,1747,1805,1370,1477,1789,1579,1501,1744,1558,1401,1734,1776,1419,1509,1746,1565,1534,1725,1561,1433,1714,1725,1462,1558,1695,1556,1571,1699,1552,1478,1684,1676,1509,1585,1655,1565,1598,1669,1564,1535,1650,1639,1551,1603,1618,1566,1609,1635,1578,1571,1629,1611,1581,1603,1603,1584,1616,1623,1589,1586,1611,1599,1618,1611,1600,1594,1607,1607,1591,1600,1599,1600,1605,1611,1597,1590,1600,1599,1600,1607,1592,1590,1606,1600,1601,1587,1601,1595,1602,1606,1591,1600,1603,1595,1595,1602,1597,1586,1603,1603,1599,1602,1612,1597,1602,1605,1590,1593,1598,1602,1590,1596,1599,1599,1597,1610,1591,1598,1602,1601,1593,1599,1597,1597,1600,1601,1597,1597,1601,1594,1600,1599,1603,1588,1600,1601,1597,1597,1600,1602,1600,1600,1600,1601,1596,1600,1600,1601,1598,1596,1607,1600,1600,1599,1600,1597,1598,1601,1596,1603,1600,1600,1601,1605,1601,1600,1584,1599,1572,1602,1592,1601,1599,1607,1594,1600,1600,1597,1589,1600,1596,1600,1616,1599,1599,1599,1618,1600,1603,1599,1597,1605,1599,1601,1600,1598,1598,1602,1601,1600,1595,1600,1598,1601,1605,1600,1601,1599,1600,1591,1600,1602,1602,1575,1604,1600,1602,1595,1599,1600,1600,1601,1600,1600,1604,1597,1601,1597,1603,1598,1600,1601,1585,1600,1594,1600,1598,1600,1599,1598,1601,1592,1598,1600,1595,1602,1603,1595,1601,1600,1602,1595,1604,1594,1601,1598,1601,1594,1597,1599,1602,1607,1600,1594,1600,1599,1600,1586,1600,1598,1601,1601,1597,1600,1603,1598,1600,1596,1595,1600,1595,1603,1600,1600,1605,1600,1579,1601,1600,1599,1593,1604,1594,1600,1605,1600,1601,1599,1597,1598,1600,1603,1600,1600,1602,1592,1601,1595,1596,1615,1600,1611,1594,1604,1602,1613,1601,1602,1595,1600,1600,1601,1599,1598,1601,1600,1599,1599,1605,1598,1606,1601,1600,1601,1602,1600,1600,1602,1602,1598,1600,1600,1597,1600,1600,1601,1600,1600,1600,1602,1602,1601,1591,1600,1606,1608,1601,1600,1598,1599,1598,1602,1595,1599,1600,1597,1600,1602,1600,1595,1600,1599,1597,1600,1601,1600,1600,1601,1601,1597,1601,1600,1600,1600,1584,1597,1606,1603,1599,1601,1600,1581,1598,1600,1600,1599,1605,1599,1598,1598,1600,1598,1598,1600,1611,1599,1581,1600,1595,1596,1600,1598,1610,1600,1639,1598,1595,1595,1601,1602,1595,1600,1600,1595,1600,1599,1595,1599,1600,1594,1600,1613,1600,1600,1600,1603,1595,1586,1600,1610,1598,1600,1600,1599,1597,1598,1600,1594,1597,1600,1600,1600,1600,1600,1599,1594,1648,1599,1616,1598,1602,1600,1603,1600,1639,1595,1598,1600,1599,1596,1600,1600,1598,1603,1591,1600,1599,1597,1602,1596
1600,1595,1597,1600,1598,1607,1602,1575,1609,1600,1577,1607,1599,1599,1600,1609,1605,1581,1606,1600,1580,1603,1600,1599,1605,1601,1607,1582,1603,1600,1585,1600,1601,1600,1596,1605,1600,1584,1610,1600,1579,1594,1604,1602,1597,1603,1605,1596,1594,1603,1600,1591,1598,1584,1601,1594,1604,1600,1600,1594,1603,1600,1598,1600,1597,1600,1601,1600,1597,1604,1609,1596,1620,1612,1579,1593,1617,1600,1600,1616,1601,1573,1618,1633,1550,1575,1651,1609,1554,1634,1603,1533,1646,1675,1506,1535,1696,1607,1523,1658,1599,1503,1666,1714,1470,1520,1731,1619,1500,1681,1602,1461,1678,1743,1449,1501,1744,1607,1500,1687,1600,1451,1692,1742,1455,1505,1745,1595,1520,1679,1594,1467,1669,1713,1488,1546,1696,1590,1553,1665,1587,1501,1658,1680,1520,1561,1660,1589,1572,1647,1591,1535,1639,1646,1555,1582,1635,1585,1584,1625,1594,1567,1611,1627,1584,1596,1619,1593,1643,1613,1591,1591,1609,1613,1594,1595,1604,1598,1599,1601,1603,1603,1595,1601,1609,1600,1600,1602,1599,1586,1610,1613,1582,1588,1617,1597,1594,1618,1591,1579,1617,1616,1573,1594,1638,1593,1586,1613,1594,1570,1632,1622,1568,1591,1623,1592,1587,1630,1584,1563,1627,1631,1563,1595,1623,1584,1584,1634,1583,1573,1633,1619,1558,1595,1617,1589,1600,1630,1586,1572,1619,1615,1581,1600,1610,1587,1597,1621,1587,1600,1619,1600,1587,1615,1588,1588,1590,1605,1601,1594,1603,1610,1595,1589,1611,1603,1600,1602,1600,1599,1600,1600,1592,1594,1601,1607,1601,1649,1602,1603,1602,1600,1600,1604,1600,1593,1599,1600,1600,1600,1599,1599,1601,1604,1601,1600,1600,1601,1597,1597,1616,1602,1603,1607,1600,1598,1622,1601,1594,1600,1602,1600,1600,1606,1599,1594,1606,1600,1600,1599,1599,1595,1600,1600,1599,1603,1603,1593,1600,1599,1597,1597,1607,1600,1605,1600,1600,1600,1600,1596,1600,1600,1603,1605,1597,1599,1600,1600,1603,1602,1600,1606,1600,1601,1600,1600,1600,1600,1605,1595,1600,1603,1598,1595,1600,1616,1599,1610,1602,1600,1601,1600,1599,1603,1601,1603,1600,1604,1609,1597,1605,1600,1599,1600,1601,1603,1601,1601,1600,1600,1600,1601,1603,1599,1615,1600,1598,1606,1604,1600,1591,1602,1579,1600,1600,1601,1600,1603,1600,1600,1600,1602,1600,1600,1600,1604,1599,1604,1601,1602,1600,1615,1602,1600,1599,1610,1599,1605,1603,1601,1600,1600,1607,1601,1602,1599,1601,1599,1601,1600,1600,1600,1609,1603,1609,1598,1600,1605,1611,1604,1602,1600,1599,1603,1616,1601,1600,1600,1599,1606,1599,1606,1601,1605,1600,1601,1598,1605,1600,1606,1603,1591,1603,1594,1598,1598,1598,1599,1602,1589,1600,1599,1605,1602,1600,1601,1599,1601,1601,1603,1599,1602,1600,1601,1600,1605,1604,1603,1601,1607,1587,1600,1616,1604,1600,1600,1601,1600,1601,1603,1599,1603,1600,1599,1600,1603,1597,1600,1600,1598,1614,1602,1611,1600,1603,1597,1600,1600,1603,1599,1607,1598,1601,1597,1601,1601,1607,1600,1602,1600,1603,1600,1601,1600,1601,1598,1605,1603,1600,1600,1600,1600,1605,1600,1601,1601,1605,1600,1602,1598,1647,1598,1600,1601,1603,1606,1600,1600,1601,1600,1599,1600,1600,1600,1600,1599,1601,1605,1600,1614,1600,1602,1605,1600,1599,1598,1595,1600,1602,1602,1600,1605,1595,1601,1600,1606,1600,1591,1601,1597
1607,1601,1603,1600,1600,1600,1599,1585,1602,1613,1586,1599,1605,1595,1589,1600,1600,1590,1595,1606,1595,1601,1607,1602,1589,1603,1600,1597,1601,1601,1593,1600,1605,1600,1599,1598,1600,1595,1599,1609,1586,1609,1603,1601,1599,1584,1604,1616,1600,1599,1600,1595,1589,1600,1599,1600,1600,1603,1601,1597,1600,1601,1601,1600,1589,1593,1605,1600,1605,1600,1602,1600,1615,1600,1591,1601,1600,1605,1595,1599,1603,1595,1600,1600,1600,1599,1603,1603,1590,1602,1608,1590,1600,1615,1588,1562,1612,1600,1565,1600,1603,1600,1601,1616,1589,1586,1618,1609,1584,1600,1611,1589,1594,1616,1587,1579,1605,1615,1570,1595,1623,1586,1599,1616,1582,1578,1616,1613,1582,1597,1610,1587,1600,1616,1597,1586,1605,1608,1589,1594,1612,1595,1596,1606,1601,1587,1600,1610,1597,1591,1600,1603,1596,1601,1613,1605,1643,1607,1599,1590,1617,1611,1594,1599,1602,1610,1590,1607,1600,1597,1603,1615,1599,1597,1584,1609,1597,1587,1612,1601,1582,1598,1610,1591,1591,1618,1588,1579,1626,1623,1566,1552,1638,1589,1582,1628,1587,1547,1647,1674,1526,1589,1653,1582,1576,1663,1571,1520,1670,1664,1518,1574,1682,1562,1583,1668,1567,1507,1667,1664,1515,1584,1661,1555,1595,1679,1552,1518,1667,1651,1522,1600,1639,1557,1600,1661,1565,1533,1654,1642,1551,1603,1621,1566,1600,1629,1572,1574,1642,1619,1584,1602,1616,1574,1583,1621,1614,1584,1600,1611,1587,1600,1603,1616,1590,1601,1600,1599,1595,1601,1596,1601,1600,1599,1600,1595,1600,1600,1600,1600,1604,1598,1600,1595,1591,1600,1645,1602,1598,1598,1600,1609,1582,1603,1600,1599,1593,1605,1613,1587,1606,1600,1598,1599,1600,1595,1603,1601,1597,1595,1600,1599,1598,1616,1600,1589,1597,1605,1598,1591,1600,1603,1602,1589,1597,1596,1600,1595,1599,1599,1595,1600,1600,1601,1597,1601,1602,1597,1605,1601,1596,1585,1600,1600,1599,1605,1600,1594,1600,1604,1597,1591,1611,1607,1597,1612,1601,1591,1611,1594,1595,1596,1606,1596,1600,1606,1601,1599,1607,1615,1594,1602,1605,1607,1604,1605,1600,1595,1601,1603,1602,1600,1600,1599,1607,1603,1614,1599,1609,1601,1601,1600,1595,1600,1603,1599,1603,1602,1601,1599,1593,1600,1598,1600,1601,1599,1593,1603,1600,1605,1600,1606,1600,1584,1602,1601,1598,1600,1600,1600,1595,1650,1598,1607,1600,1601,1595,1597,1599,1596,1600,1600,1599,1597,1602,1602,1593,1601,1613,1601,1599,1601,1600,1597,1658,1600,1593,1600,1601,1596,1598,1600,1594,1594,1599,1599,1597,1599,1600,1591,1597,1602,1593,1591,1603,1609,1598,1600,1600,1605,1600,1609,1600,1600,1599,1599,1596,1597,1600,1602,1604,1600,1601,1600,1595,1603,1584,1600,1600,1600,1587,1600,1615,1600,1591,1600,1607,1600,1600,1604,1598,1601,1600,1597,1597,1599,1600,1597,1600,1600,1616,1600,1623,1602,1599,1600,1590,1600,1598,1598,1583,1596,1600,1599,1600,1600,1598,1600,1599,1597,1600,1602,1602,1600,1602,1600,1600,1603,1599,1600,1590,1600,1599,1600,1601,1595,1603,1594,1599,1598,1607,1601,1606,1600,1600,1597,1604,1597,1600,1591,1600,1599,1601,1599,1600,1598,1598,1599,1629,1600,1608,1603,1600,1599,1598,1600,1598,1600,1600,1599,1600,1599,1605,1598,1600,1600,1599,1599,1600,1600,1593,1600,1600,1565,1602,1590,1597,1598,1600,1587
1584,1595,1610,1606,1569,1602,1595,1593,1600,1610,1595,1583,1611,1593,1589,1599,1598,1595,1597,1607,1600,1585,1609,1599,1584,1600,1602,1596,1598,1613,1601,1587,1611,1598,1585,1595,1600,1600,1600,1613,1609,1588,1611,1599,1606,1597,1591,1604,1621,1599,1609,1601,1584,1605,1600,1598,1598,1601,1599,1595,1600,1600,1602,1600,1600,1604,1599,1584,1605,1602,1586,1597,1616,1599,1585,1607,1594,1584,1616,1619,1563,1585,1639,1595,1585,1637,1584,1549,1648,1649,1520,1579,1660,1579,1580,1668,1573,1505,1694,1677,1488,1572,1663,1552,1583,1695,1547,1472,1705,1682,1471,1584,1675,1527,1595,1715,1527,1478,1716,1659,1483,1604,1661,1518,1614,1703,1521,1492,1698,1645,1510,1616,1630,1520,1620,1690,1547,1520,1665,1622,1549,1623,1616,1527,1632,1661,1535,1556,1650,1603,1562,1631,1590,1552,1622,1634,1562,1579,1627,1598,1584,1623,1595,1570,1616,1622,1571,1597,1613,1591,1593,1617,1590,1586,1614,1618,1591,1599,1606,1638,1603,1600,1602,1589,1602,1599,1599,1600,1600,1595,1593,1602,1600,1599,1597,1596,1600,1603,1590,1600,1607,1597,1591,1600,1586,1589,1606,1601,1599,1600,1601,1595,1600,1607,1597,1597,1608,1597,1597,1599,1600,1595,1600,1606,1589,1571,1600,1613,1589,1612,1600,1601,1603,1602,1595,1595,1610,1600,1597,1600,1616,1598,1597,1606,1594,1597,1601,1599,1584,1601,1570,1601,1601,1601,1600,1598,1593,1600,1598,1600,1601,1600,1598,1602,1594,1599,1600,1600,1597,1600,1601,1600,1589,1600,1584,1598,1600,1599,1600,1600,1601,1600,1599,1600,1598,1599,1600,1603,1600,1601,1602,1600,1600,1600,1599,1601,1600,1606,1599,1593,1596,1591,1599,1607,1599,1602,1603,1597,1599,1599,1600,1599,1600,1600,1598,1600,1587,1597,1598,1602,1597,1594,1599,1601,1597,1606,1600,1599,1596,1599,1602,1594,1601,1596,1599,1609,1600,1599,1595,1601,1597,1600,1599,1597,1600,1600,1598,1600,1600,1580,1600,1600,1598,1599,1599,1609,1600,1600,1599,1600,1602,1600,1600,1601,1606,1600,1597,1605,1600,1602,1599,1600,1587,1599,1600,1597,1601,1601,1600,1599,1600,1594,1603,1595,1601,1599,1601,1600,1600,1598,1597,1599,1600,1600,1602,1597,1603,1597,1602,1591,1597,1603,1600,1584,1600,1600,1598,1595,1600,1596,1600,1599,1601,1600,1604,1602,1600,1603,1601,1602,1598,1602,1600,1597,1601,1601,1603,1600,1613,1599,1596,1600,1600,1600,1603,1598,1601,1595,1601,1597,1602,1590,1602,1597,1597,1600,1599,1595,1598,1599,1597,1591,1599,1611,1598,1600,1597,1597,1594,1602,1598,1600,1601,1597,1601,1600,1601,1600,1600,1601,1600,1601,1598,1602,1594,1601,1611,1600,1600,1602,1602,1602,1603,1600,1601,1600,1600,1600,1600,1601,1602,1601,1603,1597,1599,1600,1599,1616,1594,1601,1598,1593,1600,1575,1597,1600,1597,1604,1597,1598,1598,1597,1599,1598,1579,1597,1600,1614,1600,1606,1600,1598,1603,1599,1600,1597,1600,1600,1600,1599,1600,1600,1600,1601,1610,1599,1615,1597,1597,1599,1599,1602,1600,1599,1613,1600,1601,1599,1597,1600,1611,1597,1601,1598,1595,1600,1601,1600,1600,1600,1600,1600,1600,1598,1601,1597,1601,1600,1603,1595,1605,1602,1603,1595,1601,1605,1599,1598,1600,1589,1599,1607,1597,1600,1600,1600,1600,1600,1598,1599,1600,1600,1599,1599,1599,1598,1600,1598,1587,1598
1600,1601,1603,1594,1598,1599,1599,1591,1602,1594,1589,1603,1590,1597,1600,1601,1601,1591,1606,1599,1599,1597,1595,1598,1601,1600,1584,1595,1605,1600,1586,1598,1602,1596,1600,1603,1600,1595,1592,1597,1595,1601,1589,1601,1570,1605,1601,1611,1600,1602,1600,1600,1598,1600,1598,1596,1597,1601,1600,1598,1601,1600,1600,1596,1601,1598,1600,1586,1610,1597,1591,1649,1603,1585,1597,1611,1593,1584,1623,1606,1579,1606,1610,1578,1616,1627,1579,1573,1644,1607,1554,1618,1621,1555,1621,1654,1525,1558,1666,1616,1551,1626,1605,1521,1638,1670,1520,1546,1680,1599,1552,1642,1598,1509,1650,1668,1511,1552,1664,1587,1562,1661,1583,1509,1654,1652,1522,1574,1649,1579,1589,1658,1571,1535,1649,1638,1534,1591,1625,1567,1600,1649,1570,1553,1658,1616,1583,1614,1603,1567,1615,1633,1563,1578,1623,1600,1584,1616,1599,1571,1618,1619,1577,1591,1617,1602,1595,1598,1587,1583,1609,1602,1583,1594,1603,1587,1597,1615,1591,1589,1614,1610,1586,1603,1599,1600,1601,1610,1573,1594,1614,1600,1582,1600,1617,1599,1602,1603,1595,1591,1600,1602,1595,1598,1603,1590,1597,1603,1601,1588,1601,1597,1595,1599,1603,1599,1599,1601,1600,1587,1607,1607,1599,1594,1613,1595,1599,1599,1579,1590,1607,1607,1568,1593,1607,1595,1593,1605,1626,1591,1607,1604,1600,1599,1616,1600,1597,1609,1601,1589,1605,1600,1595,1599,1602,1600,1593,1600,1602,1596,1598,1605,1605,1591,1575,1601,1597,1600,1594,1591,1595,1600,1599,1587,1600,1601,1600,1601,1600,1598,1600,1603,1600,1595,1600,1591,1599,1574,1597,1600,1599,1590,1598,1587,1600,1593,1598,1603,1599,1599,1604,1599,1601,1597,1594,1598,1599,1606,1600,1603,1599,1600,1591,1602,1589,1597,1602,1603,1588,1603,1600,1597,1597,1606,1598,1596,1603,1602,1595,1599,1600,1594,1599,1605,1591,1590,1602,1616,1599,1605,1601,1600,1602,1601,1595,1595,1601,1601,1597,1600,1603,1600,1600,1602,1598,1597,1612,1599,1601,1598,1607,1591,1580,1598,1590,1600,1586,1599,1563,1601,1600,1595,1602,1603,1599,1595,1600,1591,1600,1600,1601,1595,1602,1600,1600,1591,1601,1602,1606,1600,1597,1645,1600,1601,1596,1600,1601,1600,1598,1600,1597,1600,1595,1602,1597,1601,1599,1599,1602,1598,1600,1599,1597,1600,1600,1600,1598,1603,1600,1600,1599,1603,1599,1607,1601,1613,1600,1600,1600,1607,1600,1599,1600,1598,1600,1593,1598,1594,1597,1597,1601,1593,1603,1596,1601,1569,1601,1601,1600,1601,1600,1600,1600,1603,1590,1600,1600,1599,1648,1598,1600,1599,1605,1600,1573,1599,1600,1596,1598,1598,1598,1601,1595,1602,1599,1594,1597,1600,1599,1600,1601,1600,1600,1601,1600,1610,1600,1611,1593,1591,1599,1591,1600,1599,1600,1611,1595,1600,1599,1597,1600,1601,1597,1603,1597,1598,1600,1597,1593,1600,1601,1586,1599,1600,1600,1606,1601,1597,1602,1598,1602,1600,1602,1601,1597,1599,1595,1600,1595,1600,1600,1603,1603,1600,1589,1599,1570,1600,1600,1598,1597,1597,1602,1600,1599,1598,1601,1601,1600,1603,1600,1600,1600,1598,1595,1597,1597,1598,1600,1598,1600,1594,1600,1601,1601,1611,1599,1600,1597,1611,1600,1599,1597,1595,1600,1600,1599,1599,1598,1600,1614,1600,1610,1599,1614,1602,1602,1600,1582,1600,1600,1597,1593,1600,1600,1593,1594,1596,1597,1598
1593,1599,1571,1597,1616,1597,1596,1600,1597,1598,1600,1597,1600,1602,1599,1600,1600,1602,1600,1601,1601,1600,1600,1587,1599,1593,1597,1591,1598,1577,1596,1605,1600,1604,1602,1601,1600,1598,1590,1594,1604,1602,1598,1591,1601,1600,1653,1599,1616,1601,1593,1600,1609,1601,1595,1604,1602,1599,1600,1600,1599,1599,1605,1609,1599,1600,1603,1603,1601,1600,1600,1598,1600,1615,1589,1591,1607,1579,1587,1600,1600,1584,1613,1620,1573,1581,1629,1600,1582,1617,1602,1566,1623,1632,1553,1580,1635,1599,1575,1625,1575,1561,1648,1646,1552,1573,1647,1598,1567,1630,1600,1543,1635,1652,1552,1574,1650,1593,1579,1623,1586,1552,1633,1643,1552,1593,1633,1594,1585,1630,1587,1556,1619,1622,1569,1588,1627,1587,1593,1621,1590,1574,1622,1620,1585,1590,1648,1589,1616,1616,1584,1584,1616,1606,1599,1600,1607,1599,1601,1607,1600,1588,1600,1604,1591,1600,1605,1597,1600,1601,1599,1601,1601,1598,1602,1597,1603,1595,1610,1595,1599,1598,1602,1599,1588,1599,1598,1600,1586,1597,1598,1601,1595,1600,1597,1607,1597,1600,1600,1600,1607,1598,1579,1594,1599,1596,1600,1600,1600,1600,1600,1598,1601,1605,1594,1597,1598,1602,1597,1587,1600,1600,1600,1599,1597,1600,1603,1599,1600,1598,1601,1595,1603,1599,1595,1594,1603,1600,1600,1600,1595,1595,1611,1600,1648,1600,1603,1599,1595,1600,1595,1595,1594,1598,1595,1596,1599,1602,1600,1599,1600,1595,1599,1600,1595,1600,1601,1601,1616,1599,1598,1597,1600,1599,1613,1597,1604,1598,1600,1599,1593,1601,1598,1603,1600,1600,1599,1598,1600,1600,1600,1605,1596,1597,1600,1611,1599,1601,1598,1599,1596,1591,1600,1607,1600,1601,1600,1600,1601,1600,1599,1600,1598,1600,1594,1600,1604,1598,1583,1600,1602,1600,1602,1596,1601,1599,1595,1600,1598,1601,1595,1604,1599,1602,1598,1610,1598,1598,1599,1599,1598,1597,1603,1584,1600,1600,1600,1600,1601,1601,1600,1657,1603,1589,1600,1600,1600,1598,1599,1600,1599,1609,1601,1599,1595,1600,1598,1600,1599,1598,1599,1597,1600,1599,1600,1600,1601,1594,1600,1595,1602,1600,1597,1591,1600,1587,1598,1600,1602,1600,1602,1596,1604,1600,1600,1599,1597,1596,1597,1595,1598,1574,1598,1600,1599,1602,1600,1600,1599,1601,1597,1600,1600,1601,1589,1595,1616,1599,1602,1594,1599,1599,1584,1598,1597,1602,1603,1600,1597,1599,1595,1599,1599,1595,1600,1600,1595,1600,1595,1602,1597,1597,1598,1606,1601,1600,1600,1600,1597,1600,1594,1596,1595,1611,1596,1601,1599,1603,1597,1600,1597,1602,1598,1600,1595,1600,1598,1599,1594,1598,1595,1600,1616,1600,1591,1597,1603,1599,1597,1596,1600,1602,1598,1597,1602,1600,1599,1600,1597,1600,1594,1600,1600,1600,1599,1590,1598,1593,1600,1599,1600,1584,1599,1597,1600,1593,1596,1599,1598,1594,1595,1595,1602,1597,1600,1591,1600,1599,1600,1597,1597,1581,1598,1584,1597,1584,1597,1600,1594,1593,1594,1601,1599,1601,1591,1597,1590,1603,1594,1601,1590,1600,1599,1598,1587,1602,1599,1600,1600,1598,1600,1598,1589,1594,1594,1595,1598,1594,1597,1598,1599,1598,1597,1601,1599,1601,1597,1600,1595,1600,1594,1600,1600,1600,1593,1598,1597,1597,1600,1597,1602,1595,1609,1594,1614,1593,1595,1595,1597,1600,1589,1600,1598,1599,1597,1601,1591,1599,1584,1601
1601,1601,1567,1596,1601,1600,1597,1616,1607,1581,1598,1599,1584,1596,1601,1594,1595,1605,1600,1584,1612,1600,1584,1599,1600,1589,1599,1610,1596,1585,1607,1599,1594,1599,1599,1597,1600,1613,1597,1584,1616,1597,1600,1599,1597,1607,1599,1600,1600,1599,1595,1600,1600,1600,1598,1600,1602,1599,1594,1600,1610,1602,1591,1594,1607,1589,1606,1610,1583,1581,1635,1610,1566,1600,1611,1564,1622,1648,1548,1552,1671,1616,1535,1630,1616,1543,1637,1689,1505,1520,1710,1613,1506,1648,1616,1482,1664,1726,1473,1501,1737,1616,1499,1673,1616,1463,1682,1737,1457,1511,1749,1601,1520,1680,1590,1465,1680,1716,1472,1533,1703,1584,1547,1680,1585,1489,1680,1694,1498,1552,1678,1586,1568,1664,1575,1509,1652,1655,1526,1580,1648,1583,1588,1650,1582,1545,1642,1638,1567,1588,1622,1578,1598,1635,1584,1571,1627,1622,1575,1598,1602,1584,1593,1616,1585,1583,1616,1613,1587,1600,1609,1589,1599,1610,1593,1585,1601,1601,1593,1601,1597,1596,1600,1594,1595,1596,1598,1597,1602,1600,1591,1597,1607,1590,1596,1601,1591,1587,1583,1610,1572,1604,1610,1596,1617,1621,1587,1584,1593,1614,1583,1605,1609,1584,1601,1622,1583,1579,1622,1604,1581,1603,1611,1584,1603,1627,1584,1586,1617,1609,1584,1607,1611,1585,1600,1616,1583,1591,1611,1606,1585,1601,1612,1590,1605,1614,1589,1585,1610,1611,1591,1600,1602,1590,1589,1606,1603,1590,1596,1605,1582,1592,1599,1605,1583,1599,1600,1601,1591,1606,1600,1594,1600,1600,1595,1601,1607,1594,1600,1600,1600,1602,1600,1602,1591,1600,1597,1603,1595,1601,1595,1599,1599,1603,1598,1600,1597,1606,1597,1598,1595,1611,1597,1600,1599,1594,1594,1601,1600,1607,1600,1600,1591,1603,1599,1600,1595,1600,1603,1595,1595,1599,1593,1600,1606,1599,1593,1598,1626,1595,1600,1599,1600,1596,1585,1598,1589,1600,1599,1595,1595,1600,1597,1597,1601,1605,1599,1599,1604,1599,1595,1591,1600,1598,1599,1609,1596,1597,1601,1607,1600,1598,1594,1591,1596,1602,1600,1597,1602,1589,1590,1600,1609,1595,1595,1600,1597,1600,1615,1599,1590,1598,1591,1599,1597,1600,1594,1601,1595,1600,1595,1600,1593,1599,1596,1602,1596,1600,1598,1597,1600,1610,1595,1594,1601,1600,1600,1594,1602,1591,1599,1600,1596,1597,1600,1599,1600,1595,1605,1597,1593,1595,1571,1591,1593,1597,1595,1595,1599,1597,1600,1600,1600,1596,1600,1600,1593,1599,1599,1591,1603,1600,1594,1594,1600,1600,1600,1600,1595,1599,1597,1602,1600,1595,1603,1594,1597,1598,1600,1597,1584,1595,1601,1600,1581,1595,1599,1597,1598,1595,1600,1595,1602,1599,1595,1600,1601,1593,1600,1600,1595,1594,1600,1600,1600,1597,1593,1594,1600,1600,1601,1595,1600,1599,1600,1599,1594,1597,1595,1603,1596,1600,1602,1600,1595,1615,1591,1598,1598,1597,1595,1597,1599,1591,1599,1598,1594,1603,1591,1599,1600,1603,1600,1582,1598,1587,1600,1595,1599,1595,1595,1602,1598,1605,1599,1600,1595,1600,1599,1597,1600,1600,1600,1599,1591,1598,1584,1598,1600,1599,1600,1597,1590,1600,1600,1596,1589,1597,1600,1596,1591,1600,1593,1599,1600,1600,1600,1598,1595,1595,1601,1593,1600,1584,1595,1598,1601,1600,1597,1600,1594,1599,1597,1591,1600,1600,1601,1598,1600,1598,1600,1595,1594,1598,1600,1600,1587,1600,1598,1595
1600,1594,1601,1589,1616,1600,1583,1599,1599,1597,1601,1609,1600,1595,1611,1605,1586,1602,1601,1593,1597,1607,1599,1597,1617,1599,1593,1597,1599,1600,1600,1613,1601,1595,1609,1600,1586,1591,1600,1594,1593,1615,1599,1601,1607,1610,1603,1615,1597,1599,1599,1590,1600,1611,1590,1600,1600,1601,1595,1603,1604,1597,1598,1600,1600,1594,1600,1604,1587,1589,1607,1603,1600,1611,1590,1585,1610,1616,1577,1584,1621,1602,1577,1616,1601,1571,1623,1634,1564,1581,1640,1597,1572,1623,1600,1562,1628,1650,1552,1547,1649,1605,1555,1616,1600,1547,1632,1653,1545,1567,1658,1599,1570,1637,1593,1535,1635,1648,1548,1575,1648,1587,1581,1639,1613,1550,1635,1636,1557,1584,1636,1587,1584,1630,1593,1568,1619,1629,1569,1590,1619,1594,1596,1616,1599,1570,1616,1618,1574,1597,1610,1594,1646,1613,1604,1585,1602,1610,1597,1601,1607,1587,1604,1607,1600,1600,1611,1603,1591,1605,1614,1600,1607,1610,1598,1600,1609,1600,1606,1607,1593,1609,1605,1598,1600,1605,1597,1584,1615,1613,1587,1603,1610,1596,1601,1619,1592,1582,1621,1620,1578,1595,1618,1584,1595,1629,1581,1573,1633,1616,1571,1605,1623,1584,1602,1644,1579,1567,1664,1620,1563,1603,1613,1578,1605,1647,1580,1568,1638,1627,1561,1601,1634,1573,1600,1647,1584,1566,1639,1627,1569,1603,1616,1579,1600,1610,1584,1575,1632,1615,1578,1599,1614,1591,1581,1623,1615,1591,1600,1619,1584,1585,1619,1609,1587,1606,1614,1602,1607,1616,1589,1600,1616,1600,1595,1603,1607,1595,1602,1608,1594,1595,1605,1610,1595,1606,1615,1598,1600,1606,1599,1600,1587,1606,1596,1601,1600,1603,1606,1610,1600,1597,1598,1603,1595,1602,1606,1607,1599,1591,1599,1594,1610,1616,1602,1599,1603,1578,1600,1600,1600,1598,1605,1595,1595,1596,1600,1600,1602,1613,1602,1594,1612,1606,1599,1600,1604,1600,1600,1613,1596,1598,1607,1610,1593,1605,1594,1598,1606,1600,1595,1597,1601,1613,1600,1594,1603,1603,1605,1594,1600,1586,1613,1602,1597,1605,1600,1594,1604,1600,1589,1602,1601,1602,1601,1603,1603,1594,1609,1602,1599,1598,1603,1600,1603,1603,1596,1600,1611,1611,1600,1606,1600,1595,1606,1613,1589,1596,1603,1596,1600,1600,1597,1597,1601,1610,1598,1603,1600,1600,1600,1603,1597,1594,1600,1603,1600,1574,1607,1590,1601,1604,1601,1610,1607,1599,1600,1599,1600,1597,1600,1599,1599,1600,1603,1600,1600,1599,1601,1598,1602,1600,1603,1600,1584,1605,1600,1603,1602,1600,1600,1607,1598,1603,1598,1600,1596,1603,1602,1596,1603,1600,1599,1612,1602,1590,1602,1597,1600,1616,1600,1605,1590,1614,1598,1600,1598,1600,1607,1599,1600,1601,1600,1604,1600,1600,1603,1600,1603,1600,1600,1597,1595,1600,1602,1600,1561,1601,1603,1601,1600,1604,1600,1602,1599,1600,1599,1604,1602,1600,1598,1600,1600,1599,1600,1599,1600,1594,1591,1600,1610,1600,1600,1601,1600,1602,1595,1603,1601,1600,1602,1600,1603,1597,1601,1599,1599,1600,1600,1584,1600,1600,1599,1600,1600,1599,1602,1599,1610,1601,1600,1602,1589,1600,1582,1600,1600,1602,1584,1602,1600,1602,1599,1600,1597,1603,1607,1600,1595,1601,1604,1602,1609,1600,1598,1601,1600,1598,1600,1600,1600,1600,1600,1599,1600,1600,1600,1601,1599,1598,1600,1596,1606,1596,1601,1602,1600,1600,1602,1601
1601,1597,1595,1600,1587,1606,1600,1615,1600,1589,1599,1603,1611,1593,1597,1598,1597,1600,1601,1605,1600,1595,1606,1595,1591,1600,1597,1602,1597,1604,1597,1595,1573,1600,1586,1600,1572,1600,1607,1609,1600,1591,1611,1602,1600,1595,1600,1610,1599,1597,1601,1602,1597,1598,1600,1604,1598,1597,1595,1600,1602,1613,1601,1651,1599,1590,1607,1600,1591,1600,1607,1591,1605,1603,1591,1589,1616,1602,1588,1600,1611,1584,1579,1617,1592,1580,1621,1603,1565,1608,1625,1572,1616,1633,1566,1566,1646,1603,1571,1618,1599,1552,1627,1650,1535,1577,1648,1599,1570,1648,1585,1563,1639,1662,1545,1580,1648,1584,1588,1647,1583,1545,1646,1646,1547,1587,1638,1584,1584,1647,1583,1552,1642,1634,1553,1591,1620,1573,1598,1639,1581,1562,1636,1639,1569,1581,1619,1583,1600,1626,1587,1575,1617,1614,1583,1607,1609,1595,1600,1616,1586,1587,1614,1627,1587,1601,1606,1593,1601,1607,1593,1586,1606,1600,1593,1600,1599,1594,1586,1602,1598,1597,1627,1600,1594,1601,1587,1596,1596,1599,1599,1598,1601,1602,1600,1601,1600,1600,1603,1600,1600,1610,1600,1600,1603,1602,1600,1591,1607,1591,1600,1605,1600,1599,1615,1605,1595,1600,1610,1597,1600,1605,1597,1591,1600,1602,1591,1600,1599,1600,1595,1605,1590,1595,1603,1601,1601,1600,1607,1599,1595,1600,1600,1595,1602,1603,1599,1599,1601,1600,1600,1598,1603,1600,1600,1600,1623,1600,1600,1600,1602,1598,1600,1600,1599,1596,1605,1600,1598,1601,1598,1598,1600,1600,1597,1595,1603,1600,1600,1610,1601,1605,1600,1611,1598,1600,1599,1601,1591,1600,1604,1600,1603,1600,1599,1593,1600,1600,1595,1602,1605,1596,1583,1602,1586,1600,1566,1599,1599,1600,1611,1599,1603,1603,1600,1600,1599,1599,1598,1606,1601,1600,1600,1603,1600,1599,1591,1625,1600,1600,1602,1599,1600,1600,1598,1602,1603,1599,1599,1600,1594,1598,1579,1599,1602,1597,1600,1595,1601,1599,1600,1594,1601,1597,1600,1600,1597,1596,1583,1593,1589,1598,1600,1597,1598,1599,1599,1601,1597,1599,1597,1602,1597,1600,1600,1601,1600,1600,1601,1593,1601,1600,1598,1627,1606,1600,1600,1600,1600,1599,1602,1600,1597,1601,1602,1599,1598,1600,1599,1600,1600,1605,1594,1601,1603,1595,1609,1598,1600,1592,1607,1598,1603,1596,1600,1598,1598,1600,1600,1600,1601,1598,1602,1595,1606,1593,1600,1599,1600,1595,1603,1598,1600,1595,1600,1601,1602,1585,1606,1594,1601,1600,1600,1597,1599,1599,1598,1602,1603,1597,1601,1600,1600,1596,1607,1600,1583,1599,1594,1599,1570,1602,1595,1600,1598,1603,1597,1606,1599,1600,1600,1601,1597,1600,1596,1602,1595,1605,1600,1599,1597,1603,1595,1596,1597,1607,1598,1602,1601,1600,1600,1600,1601,1597,1600,1600,1602,1597,1600,1597,1601,1601,1594,1598,1613,1598,1615,1598,1600,1595,1600,1600,1602,1597,1600,1599,1599,1599,1601,1603,1600,1599,1600,1600,1611,1602,1607,1604,1600,1600,1600,1600,1598,1599,1595,1601,1599,1600,1590,1600,1597,1601,1602,1600,1600,1597,1600,1610,1600,1599,1601,1593,1600,1585,1605,1588,1601,1607,1602,1571,1600,1604,1598,1591,1598,1600,1601,1596,1597,1600,1599,1602,1602,1601,1606,1603,1600,1600,1611,1598,1602,1600,1587,1600,1593,1600,1599,1598,1600,1599,1600,1590,1600,1599,1601,1600,1600,1600,1598,1601
1603,1601,1600,1605,1598,1605,1611,1581,1614,1600,1597,1580,1601,1603,1593,1610,1611,1603,1610,1602,1607,1593,1599,1607,1598,1611,1602,1600,1613,1602,1600,1600,1602,1615,1601,1610,1602,1606,1609,1596,1602,1600,1600,1615,1605,1602,1603,1604,1600,1593,1606,1600,1600,1599,1600,1606,1598,1613,1605,1650,1600,1607,1595,1600,1613,1605,1587,1601,1600,1598,1598,1616,1590,1591,1618,1614,1578,1600,1627,1586,1584,1629,1583,1563,1645,1637,1553,1600,1632,1581,1600,1662,1561,1535,1670,1637,1533,1600,1645,1555,1605,1669,1552,1531,1669,1648,1521,1609,1648,1558,1611,1669,1550,1527,1677,1633,1533,1614,1626,1553,1616,1664,1552,1549,1654,1616,1561,1616,1606,1568,1617,1639,1573,1569,1634,1601,1585,1611,1597,1584,1606,1617,1583,1600,1607,1598,1597,1616,1591,1594,1601,1601,1597,1609,1597,1598,1603,1605,1590,1600,1601,1598,1607,1600,1598,1590,1615,1599,1595,1606,1587,1589,1605,1609,1637,1595,1606,1603,1597,1603,1601,1594,1606,1602,1599,1603,1605,1601,1602,1610,1602,1600,1600,1639,1599,1596,1601,1605,1596,1602,1600,1601,1599,1607,1600,1607,1599,1598,1600,1597,1601,1600,1597,1605,1606,1601,1591,1603,1604,1600,1601,1609,1599,1599,1603,1607,1591,1603,1601,1591,1600,1601,1588,1589,1613,1607,1591,1595,1605,1591,1602,1611,1593,1598,1606,1609,1594,1609,1605,1600,1600,1610,1598,1599,1603,1603,1589,1591,1622,1600,1582,1601,1599,1598,1600,1606,1599,1597,1600,1598,1601,1595,1600,1595,1600,1598,1602,1599,1600,1603,1601,1600,1601,1614,1601,1603,1599,1595,1597,1611,1597,1606,1600,1605,1603,1601,1607,1601,1600,1598,1600,1600,1601,1601,1599,1601,1615,1602,1599,1600,1599,1597,1645,1600,1601,1597,1600,1600,1595,1600,1602,1603,1600,1607,1598,1599,1602,1598,1597,1598,1604,1597,1603,1598,1599,1615,1600,1599,1596,1595,1601,1603,1597,1606,1598,1599,1606,1603,1599,1597,1603,1594,1602,1607,1598,1600,1627,1598,1600,1600,1605,1605,1605,1601,1599,1600,1598,1600,1601,1601,1597,1585,1600,1603,1591,1600,1599,1621,1600,1600,1602,1597,1605,1600,1598,1598,1602,1594,1605,1596,1598,1599,1600,1599,1601,1600,1597,1598,1597,1600,1600,1602,1615,1600,1600,1600,1604,1591,1600,1600,1600,1599,1601,1603,1601,1598,1598,1596,1596,1610,1603,1600,1601,1598,1600,1599,1600,1605,1598,1600,1597,1605,1602,1612,1599,1607,1600,1655,1597,1587,1599,1602,1600,1599,1602,1597,1607,1595,1606,1597,1602,1597,1600,1596,1602,1597,1578,1601,1600,1600,1600,1600,1616,1601,1604,1602,1601,1599,1601,1600,1601,1597,1599,1595,1596,1598,1598,1601,1594,1600,1601,1600,1600,1602,1598,1604,1600,1600,1601,1590,1600,1604,1594,1600,1600,1591,1594,1600,1598,1600,1601,1599,1581,1600,1600,1597,1651,1600,1601,1600,1599,1585,1600,1600,1602,1598,1598,1600,1601,1600,1602,1600,1597,1597,1601,1601,1594,1600,1605,1600,1591,1605,1600,1601,1607,1600,1600,1597,1600,1600,1597,1607,1595,1600,1600,1601,1600,1600,1598,1600,1594,1591,1595,1605,1596,1613,1599,1585,1597,1601,1605,1598,1599,1600,1597,1601,1599,1599,1600,1603,1596,1598,1587,1598,1602,1594,1597,1602,1598,1599,1600,1597,1599,1600,1599,1597,1595,1600,1595,1655,1597,1598,1599,1597,1600,1600,1600,1599,1604,1600
1601,1600,1599,1598,1600,1605,1600,1600,1603,1609,1601,1606,1605,1600,1607,1599,1603,1594,1591,1610,1600,1602,1607,1603,1607,1589,1603,1600,1587,1600,1601,1611,1614,1603,1603,1593,1603,1604,1596,1605,1600,1603,1606,1602,1601,1598,1602,1609,1597,1600,1605,1611,1599,1595,1604,1595,1598,1601,1600,1600,1603,1601,1598,1584,1604,1589,1594,1599,1600,1600,1599,1617,1591,1591,1610,1611,1584,1609,1615,1587,1603,1622,1573,1579,1635,1617,1565,1606,1629,1566,1584,1648,1563,1555,1664,1617,1552,1616,1615,1552,1620,1665,1535,1547,1665,1616,1545,1629,1616,1535,1630,1678,1527,1549,1674,1600,1543,1652,1603,1529,1639,1680,1533,1558,1660,1597,1575,1637,1598,1535,1633,1649,1549,1581,1642,1590,1584,1632,1633,1558,1619,1631,1571,1586,1617,1585,1597,1627,1587,1579,1619,1609,1584,1598,1610,1590,1600,1617,1597,1584,1613,1603,1591,1605,1597,1568,1605,1599,1591,1600,1601,1590,1598,1604,1599,1597,1607,1603,1600,1598,1593,1596,1602,1607,1594,1597,1605,1600,1582,1603,1604,1594,1607,1602,1607,1600,1607,1600,1600,1605,1597,1601,1603,1605,1589,1600,1602,1602,1597,1603,1600,1596,1606,1602,1591,1602,1602,1601,1599,1605,1600,1595,1607,1600,1597,1599,1600,1600,1592,1607,1598,1598,1591,1604,1601,1599,1600,1599,1602,1600,1603,1600,1600,1602,1594,1599,1600,1589,1602,1610,1602,1588,1600,1601,1595,1599,1600,1600,1600,1600,1593,1600,1613,1601,1600,1599,1600,1600,1601,1604,1599,1601,1597,1599,1601,1597,1600,1604,1598,1600,1601,1600,1598,1600,1606,1603,1600,1616,1601,1603,1602,1581,1595,1601,1602,1600,1599,1600,1605,1598,1606,1601,1602,1600,1604,1600,1600,1603,1604,1599,1606,1606,1602,1599,1600,1599,1590,1602,1600,1597,1600,1602,1595,1604,1600,1600,1601,1605,1600,1603,1605,1602,1600,1610,1600,1601,1596,1606,1600,1600,1607,1603,1604,1595,1602,1600,1604,1600,1598,1601,1604,1598,1603,1605,1602,1604,1603,1598,1599,1603,1602,1599,1601,1600,1616,1606,1627,1616,1600,1601,1588,1600,1603,1600,1599,1606,1601,1594,1601,1603,1600,1595,1610,1597,1601,1601,1600,1599,1597,1603,1600,1601,1602,1616,1600,1598,1600,1602,1599,1605,1605,1600,1603,1604,1601,1595,1604,1604,1605,1600,1601,1597,1606,1602,1614,1605,1602,1598,1606,1605,1600,1602,1600,1599,1601,1598,1603,1601,1603,1612,1600,1600,1603,1609,1611,1599,1600,1590,1607,1605,1600,1600,1604,1600,1601,1600,1600,1603,1616,1598,1600,1601,1602,1597,1606,1603,1595,1597,1605,1601,1600,1605,1601,1600,1616,1603,1589,1603,1599,1599,1590,1610,1610,1598,1603,1601,1600,1600,1600,1603,1601,1602,1600,1602,1602,1599,1600,1603,1600,1600,1604,1615,1600,1605,1602,1598,1599,1599,1599,1594,1600,1603,1607,1602,1600,1600,1603,1600,1602,1600,1604,1600,1599,1606,1603,1616,1600,1611,1605,1601,1605,1589,1603,1601,1600,1600,1605,1600,1600,1600,1599,1603,1600,1603,1601,1600,1597,1600,1584,1600,1597,1601,1590,1600,1608,1600,1607,1601,1600,1603,1604,1603,1600,1600,1603,1600,1602,1600,1602,1600,1600,1607,1600,1592,1602,1600,1599,1596,1600,1600,1606,1613,1599,1600,1601,1598,1607,1605,1600,1599,1603,1604,1599,1600,1601,1601,1602,1600,1595,1607,1607,1600,1578,1606,1605,1600,1600,1604,1601,1605
1591,1599,1604,1597,1600,1597,1601,1600,1613,1600,1602,1599,1601,1595,1601,1610,1598,1601,1613,1599,1602,1600,1598,1605,1595,1603,1600,1605,1613,1600,1605,1594,1605,1601,1600,1606,1595,1601,1607,1600,1600,1597,1606,1600,1600,1609,1603,1600,1595,1600,1594,1600,1601,1602,1597,1599,1599,1601,1595,1593,1599,1603,1598,1598,1602,1593,1600,1598,1597,1584,1603,1618,1581,1599,1617,1600,1584,1611,1600,1584,1625,1626,1559,1571,1645,1598,1565,1636,1597,1535,1638,1655,1520,1568,1677,1599,1561,1651,1619,1510,1658,1678,1491,1552,1683,1597,1549,1670,1584,1488,1668,1693,1486,1554,1691,1583,1566,1670,1570,1479,1667,1680,1498,1584,1673,1623,1569,1668,1569,1518,1655,1664,1520,1577,1648,1571,1584,1655,1581,1533,1648,1641,1545,1584,1623,1583,1594,1634,1571,1557,1631,1623,1581,1596,1607,1586,1597,1619,1587,1577,1610,1606,1587,1600,1600,1585,1601,1611,1590,1590,1602,1602,1595,1581,1600,1593,1603,1583,1595,1595,1600,1587,1600,1607,1590,1587,1610,1599,1596,1597,1597,1589,1615,1603,1584,1598,1617,1597,1589,1603,1598,1585,1602,1609,1589,1597,1606,1596,1594,1612,1598,1585,1603,1613,1584,1598,1613,1597,1600,1609,1594,1584,1607,1600,1586,1605,1605,1595,1599,1605,1597,1591,1607,1600,1595,1593,1622,1590,1598,1609,1599,1591,1600,1600,1592,1600,1602,1592,1604,1602,1597,1594,1596,1599,1616,1600,1627,1601,1595,1600,1597,1598,1597,1597,1600,1597,1600,1602,1583,1598,1586,1601,1607,1595,1606,1601,1587,1600,1604,1597,1600,1599,1595,1585,1597,1600,1595,1600,1600,1600,1590,1602,1596,1591,1601,1591,1591,1586,1605,1609,1595,1595,1595,1573,1603,1601,1595,1599,1603,1597,1589,1600,1595,1596,1597,1601,1600,1600,1598,1599,1589,1600,1594,1595,1614,1600,1594,1600,1605,1600,1606,1600,1600,1600,1599,1599,1598,1600,1595,1599,1599,1595,1600,1599,1599,1601,1603,1600,1600,1607,1600,1610,1598,1600,1597,1587,1599,1598,1595,1595,1600,1598,1599,1601,1600,1597,1600,1600,1595,1596,1599,1596,1605,1597,1591,1594,1595,1598,1567,1601,1598,1601,1599,1589,1600,1594,1597,1600,1599,1601,1600,1600,1597,1600,1598,1597,1597,1593,1600,1582,1597,1600,1600,1613,1594,1620,1598,1600,1598,1593,1598,1600,1590,1598,1601,1595,1600,1599,1599,1600,1599,1598,1607,1599,1596,1598,1596,1591,1600,1598,1600,1595,1601,1597,1602,1600,1603,1589,1599,1593,1600,1584,1601,1600,1597,1600,1600,1600,1602,1602,1600,1600,1600,1598,1600,1600,1604,1594,1600,1593,1600,1598,1603,1598,1603,1594,1600,1595,1600,1602,1597,1600,1573,1600,1607,1597,1615,1595,1603,1599,1597,1599,1598,1601,1600,1600,1598,1600,1597,1600,1598,1599,1597,1600,1600,1596,1600,1591,1601,1585,1600,1557,1600,1599,1595,1579,1597,1599,1599,1600,1603,1596,1601,1593,1600,1590,1600,1601,1599,1598,1596,1601,1600,1611,1600,1582,1600,1600,1600,1599,1600,1600,1597,1599,1599,1600,1595,1599,1599,1603,1597,1600,1593,1599,1599,1598,1591,1602,1599,1602,1577,1602,1574,1600,1593,1601,1596,1600,1598,1603,1598,1600,1596,1600,1598,1603,1594,1603,1598,1600,1595,1595,1599,1575,1595,1590,1596,1607,1600,1610,1595,1601,1597,1600,1599,1600,1597,1600,1604,1602,1600,1600,1615,1599,1603,1598,1587,1597,1603,1598
1603,1600,1599,1600,1604,1600,1600,1597,1598,1611,1596,1595,1611,1598,1594,1600,1595,1600,1601,1605,1602,1595,1611,1590,1595,1591,1597,1616,1600,1579,1600,1595,1603,1622,1587,1600,1600,1602,1600,1605,1599,1594,1611,1601,1600,1600,1600,1611,1604,1596,1588,1600,1611,1598,1607,1600,1610,1600,1601,1605,1616,1594,1600,1600,1592,1605,1605,1605,1595,1603,1606,1587,1611,1613,1584,1581,1625,1600,1580,1600,1611,1545,1616,1629,1565,1562,1649,1609,1559,1617,1616,1547,1629,1664,1531,1549,1681,1611,1545,1632,1617,1510,1647,1686,1503,1530,1695,1611,1533,1651,1606,1501,1651,1698,1502,1530,1692,1594,1535,1654,1601,1502,1658,1695,1509,1549,1680,1597,1552,1653,1584,1511,1638,1667,1520,1561,1658,1583,1579,1649,1586,1535,1647,1648,1547,1586,1627,1584,1589,1641,1584,1556,1665,1622,1571,1597,1619,1583,1600,1628,1563,1577,1623,1609,1584,1603,1600,1585,1600,1616,1586,1577,1613,1599,1591,1600,1599,1567,1611,1583,1589,1594,1601,1583,1590,1602,1598,1605,1609,1601,1599,1597,1607,1595,1600,1603,1591,1597,1597,1603,1587,1606,1600,1597,1613,1606,1600,1597,1600,1595,1585,1599,1600,1586,1604,1597,1593,1597,1603,1603,1600,1603,1597,1595,1600,1606,1594,1610,1601,1595,1599,1606,1601,1591,1601,1596,1595,1599,1600,1599,1600,1602,1598,1600,1605,1601,1591,1599,1591,1600,1595,1600,1611,1600,1603,1606,1601,1581,1600,1600,1594,1589,1601,1599,1598,1598,1599,1600,1601,1599,1599,1600,1599,1598,1584,1601,1599,1600,1600,1599,1599,1603,1600,1602,1569,1604,1605,1600,1601,1600,1598,1603,1601,1600,1600,1600,1599,1595,1599,1595,1599,1599,1601,1598,1602,1599,1600,1598,1606,1600,1602,1595,1600,1595,1601,1596,1603,1597,1585,1600,1594,1597,1605,1600,1600,1595,1602,1600,1600,1600,1600,1599,1601,1597,1619,1599,1597,1604,1595,1601,1596,1603,1599,1600,1601,1600,1598,1600,1598,1600,1601,1643,1606,1589,1600,1600,1598,1600,1600,1600,1600,1641,1603,1600,1600,1600,1600,1599,1600,1600,1598,1600,1600,1603,1603,1601,1590,1605,1600,1601,1606,1601,1601,1600,1623,1600,1598,1600,1600,1603,1600,1600,1600,1599,1600,1597,1600,1601,1600,1584,1597,1593,1593,1603,1601,1599,1600,1584,1602,1599,1600,1613,1600,1601,1600,1598,1600,1598,1605,1599,1598,1599,1599,1599,1600,1601,1585,1600,1599,1602,1596,1601,1611,1601,1657,1604,1597,1600,1600,1601,1600,1601,1600,1600,1602,1600,1601,1600,1602,1599,1600,1607,1599,1600,1603,1588,1600,1601,1599,1600,1600,1602,1591,1601,1602,1601,1597,1601,1599,1603,1599,1605,1597,1600,1596,1600,1600,1601,1600,1599,1601,1602,1586,1602,1617,1598,1605,1605,1602,1601,1603,1600,1598,1601,1600,1603,1601,1600,1600,1599,1600,1602,1602,1600,1603,1598,1602,1600,1600,1600,1600,1599,1594,1600,1600,1579,1602,1584,1605,1584,1600,1600,1601,1600,1600,1603,1600,1604,1603,1599,1601,1600,1603,1600,1602,1583,1600,1605,1596,1603,1606,1598,1601,1600,1603,1604,1600,1603,1597,1603,1612,1601,1595,1601,1569,1600,1600,1598,1598,1600,1594,1599,1597,1605,1601,1593,1600,1598,1605,1604,1605,1600,1601,1605,1601,1600,1597,1600,1598,1574,1599,1605,1600,1600,1600,1598,1599,1600,1599,1598,1601,1602,1600,1605,1607,1601,1600,1600,1605,1601
1587,1601,1612,1599,1600,1600,1582,1595,1593,1605,1600,1600,1598,1604,1603,1600,1604,1601,1604,1595,1603,1600,1601,1600,1605,1598,1600,1605,1602,1589,1601,1604,1600,1597,1602,1599,1605,1602,1600,1600,1602,1599,1598,1607,1601,1602,1600,1601,1602,1600,1590,1607,1616,1596,1581,1605,1600,1598,1598,1602,1597,1600,1599,1595,1595,1602,1599,1591,1602,1605,1587,1594,1616,1606,1589,1616,1594,1584,1626,1633,1555,1584,1643,1599,1579,1638,1586,1535,1651,1661,1515,1565,1675,1579,1564,1666,1573,1494,1686,1688,1477,1554,1708,1563,1558,1701,1553,1458,1715,1712,1453,1562,1706,1535,1573,1725,1529,1456,1720,1695,1466,1574,1686,1525,1598,1712,1526,1472,1706,1651,1488,1597,1659,1527,1613,1679,1535,1509,1678,1643,1523,1616,1628,1535,1616,1664,1549,1550,1655,1616,1560,1617,1584,1560,1613,1639,1565,1571,1630,1599,1584,1618,1598,1579,1615,1620,1581,1593,1607,1595,1593,1617,1593,1587,1615,1601,1595,1598,1601,1566,1600,1599,1593,1586,1603,1595,1600,1601,1597,1599,1601,1599,1598,1606,1585,1596,1648,1600,1584,1604,1602,1590,1609,1606,1594,1596,1600,1600,1594,1601,1600,1584,1605,1613,1584,1591,1610,1606,1587,1613,1597,1588,1612,1663,1587,1584,1610,1597,1590,1626,1593,1584,1611,1606,1591,1593,1606,1596,1599,1604,1594,1586,1605,1612,1595,1595,1595,1598,1589,1606,1581,1594,1624,1605,1598,1597,1601,1558,1599,1600,1605,1600,1600,1599,1601,1593,1600,1598,1600,1599,1594,1600,1598,1600,1600,1599,1594,1602,1591,1598,1574,1599,1597,1596,1598,1602,1596,1605,1600,1598,1598,1598,1599,1598,1594,1601,1597,1600,1600,1600,1600,1600,1600,1603,1594,1602,1584,1593,1601,1599,1577,1598,1600,1600,1606,1605,1600,1599,1600,1601,1600,1600,1601,1602,1599,1603,1595,1600,1590,1600,1620,1597,1600,1600,1600,1600,1602,1602,1601,1599,1594,1599,1599,1599,1596,1599,1597,1590,1596,1602,1599,1601,1600,1600,1600,1603,1601,1609,1602,1601,1600,1600,1601,1601,1603,1600,1600,1598,1600,1600,1604,1600,1599,1600,1594,1600,1586,1601,1587,1603,1603,1599,1600,1602,1599,1600,1602,1599,1601,1603,1599,1599,1616,1593,1600,1600,1601,1597,1598,1615,1597,1600,1598,1571,1595,1600,1600,1617,1600,1601,1601,1600,1599,1598,1600,1600,1598,1600,1600,1601,1600,1601,1593,1605,1598,1600,1602,1600,1603,1598,1617,1598,1601,1597,1598,1598,1594,1595,1600,1599,1599,1600,1600,1599,1600,1607,1600,1591,1599,1616,1597,1600,1600,1599,1602,1600,1598,1602,1600,1596,1600,1597,1600,1595,1598,1599,1600,1600,1599,1603,1583,1598,1584,1598,1612,1600,1586,1585,1607,1598,1594,1600,1601,1593,1600,1600,1600,1594,1600,1597,1600,1602,1601,1600,1600,1600,1599,1597,1600,1599,1605,1600,1595,1599,1598,1597,1605,1598,1600,1601,1599,1607,1600,1610,1600,1604,1600,1600,1600,1602,1601,1595,1600,1597,1601,1595,1600,1594,1599,1588,1600,1606,1600,1598,1600,1599,1603,1596,1598,1600,1598,1600,1600,1601,1584,1599,1594,1599,1601,1600,1612,1599,1597,1596,1589,1602,1604,1599,1600,1599,1600,1600,1594,1600,1600,1602,1599,1595,1600,1600,1601,1599,1597,1600,1599,1600,1600,1586,1600,1579,1600,1590,1597,1600,1601,1599,1601,1594,1597,1600,1600,1601,1598,1603,1603,1596,1600,1599,1596,1598
1600,1600,1600,1601,1574,1600,1595,1591,1599,1615,1599,1581,1607,1597,1587,1603,1597,1594,1605,1610,1602,1583,1605,1601,1590,1594,1598,1591,1585,1614,1600,1586,1609,1599,1590,1600,1600,1590,1599,1609,1599,1589,1609,1591,1600,1600,1645,1606,1588,1596,1605,1600,1599,1600,1599,1600,1589,1600,1597,1600,1599,1601,1597,1602,1598,1597,1611,1600,1593,1599,1601,1589,1607,1616,1583,1583,1633,1601,1575,1584,1605,1566,1611,1649,1557,1569,1650,1612,1552,1619,1616,1546,1622,1669,1520,1548,1680,1614,1533,1644,1603,1507,1636,1693,1505,1530,1687,1607,1523,1656,1603,1495,1655,1697,1507,1527,1701,1598,1543,1651,1600,1495,1653,1689,1503,1543,1681,1595,1559,1651,1586,1509,1650,1648,1524,1565,1659,1586,1579,1645,1584,1533,1637,1647,1552,1583,1632,1585,1600,1633,1566,1559,1629,1627,1567,1600,1621,1585,1603,1618,1585,1571,1616,1616,1584,1600,1602,1585,1601,1616,1586,1586,1605,1603,1590,1619,1600,1566,1601,1610,1594,1627,1611,1597,1591,1603,1600,1594,1601,1606,1599,1597,1610,1599,1600,1599,1603,1598,1601,1600,1598,1595,1601,1603,1594,1599,1603,1600,1600,1602,1601,1599,1600,1602,1599,1587,1599,1593,1600,1603,1599,1616,1601,1605,1598,1598,1599,1600,1596,1602,1600,1599,1606,1597,1596,1600,1597,1600,1599,1605,1600,1602,1602,1606,1597,1599,1585,1599,1607,1600,1581,1598,1600,1603,1598,1600,1599,1603,1595,1600,1603,1603,1602,1602,1600,1600,1599,1602,1593,1597,1598,1600,1583,1594,1604,1598,1599,1600,1602,1600,1583,1602,1600,1602,1601,1601,1593,1598,1599,1594,1597,1602,1601,1597,1604,1600,1600,1609,1595,1614,1599,1600,1596,1579,1600,1600,1594,1589,1599,1600,1600,1603,1600,1601,1597,1600,1597,1596,1604,1598,1600,1601,1599,1600,1597,1600,1600,1597,1616,1599,1579,1601,1602,1600,1600,1601,1597,1598,1596,1597,1600,1602,1597,1600,1600,1601,1593,1599,1602,1594,1600,1600,1599,1590,1598,1599,1601,1610,1600,1600,1597,1600,1601,1599,1602,1600,1598,1597,1600,1599,1595,1598,1604,1599,1603,1599,1601,1599,1598,1600,1595,1600,1594,1600,1599,1599,1600,1600,1593,1599,1599,1598,1600,1600,1591,1600,1599,1600,1600,1600,1601,1598,1597,1599,1595,1594,1604,1600,1589,1595,1568,1600,1600,1602,1596,1597,1602,1601,1598,1601,1600,1599,1600,1599,1600,1599,1603,1597,1593,1600,1615,1600,1600,1600,1598,1601,1605,1600,1595,1600,1599,1597,1604,1600,1600,1598,1600,1606,1594,1603,1600,1597,1600,1603,1595,1602,1601,1604,1600,1599,1597,1600,1600,1602,1599,1600,1593,1598,1599,1600,1614,1597,1599,1599,1600,1597,1600,1597,1600,1598,1610,1597,1598,1599,1595,1600,1596,1601,1598,1598,1598,1597,1597,1600,1597,1603,1595,1618,1599,1598,1599,1630,1600,1600,1600,1598,1600,1586,1600,1602,1600,1597,1602,1600,1600,1597,1600,1600,1600,1600,1597,1575,1602,1607,1601,1599,1600,1611,1600,1600,1600,1607,1601,1599,1600,1594,1600,1597,1599,1598,1598,1600,1600,1598,1581,1600,1606,1600,1600,1600,1601,1599,1600,1600,1600,1595,1599,1604,1599,1599,1599,1597,1600,1600,1600,1603,1600,1600,1597,1599,1600,1594,1600,1595,1600,1606,1595,1602,1595,1600,1601,1610,1601,1599,1602,1591,1601,1595,1598,1598,1591,1600,1595,1601,1599,1600,1600,1598,1600,1600
1599,1600,1600,1600,1598,1601,1593,1601,1602,1602,1600,1600,1601,1598,1598,1599,1598,1597,1601,1601,1600,1602,1600,1600,1600,1648,1597,1598,1597,1604,1596,1629,1600,1600,1600,1595,1602,1600,1601,1605,1600,1597,1613,1598,1593,1599,1600,1602,1595,1599,1617,1600,1599,1604,1590,1599,1599,1604,1600,1597,1605,1601,1600,1600,1596,1603,1599,1587,1611,1600,1588,1590,1620,1600,1587,1599,1594,1577,1627,1641,1552,1581,1641,1587,1580,1645,1584,1533,1659,1651,1517,1570,1677,1575,1565,1680,1571,1484,1701,1686,1462,1558,1707,1554,1562,1718,1535,1451,1729,1711,1441,1567,1712,1527,1578,1733,1518,1445,1733,1712,1449,1583,1694,1517,1590,1738,1519,1456,1728,1677,1472,1598,1667,1519,1605,1713,1523,1486,1735,1650,1520,1613,1616,1520,1621,1682,1532,1520,1670,1631,1546,1620,1617,1551,1617,1653,1552,1569,1648,1609,1569,1616,1595,1560,1615,1638,1567,1582,1629,1600,1587,1611,1598,1569,1613,1616,1582,1600,1614,1593,1590,1612,1595,1586,1609,1609,1589,1598,1605,1594,1599,1606,1587,1591,1603,1606,1600,1600,1609,1587,1577,1600,1598,1587,1604,1596,1598,1599,1600,1591,1600,1601,1596,1594,1602,1596,1602,1600,1599,1597,1601,1598,1595,1594,1598,1605,1599,1598,1598,1600,1599,1603,1596,1600,1595,1600,1600,1603,1599,1599,1597,1601,1599,1600,1601,1597,1598,1597,1616,1600,1598,1601,1598,1598,1603,1605,1601,1591,1602,1595,1600,1600,1602,1594,1602,1594,1599,1595,1600,1600,1599,1600,1599,1600,1584,1603,1598,1600,1597,1600,1599,1600,1597,1600,1598,1597,1597,1600,1597,1601,1600,1603,1600,1600,1600,1610,1600,1597,1591,1599,1600,1606,1599,1600,1593,1601,1600,1606,1598,1600,1600,1600,1599,1600,1598,1600,1600,1600,1599,1600,1599,1600,1597,1602,1600,1600,1600,1601,1600,1597,1597,1598,1600,1600,1594,1597,1602,1631,1599,1600,1600,1589,1598,1601,1597,1600,1597,1600,1599,1599,1600,1595,1603,1599,1594,1595,1600,1597,1599,1597,1601,1599,1601,1600,1601,1599,1600,1597,1596,1598,1610,1602,1590,1601,1584,1600,1600,1597,1595,1599,1595,1594,1595,1599,1600,1589,1601,1600,1598,1600,1599,1596,1599,1597,1598,1599,1593,1575,1598,1597,1595,1602,1598,1600,1595,1597,1600,1599,1596,1601,1597,1594,1599,1597,1598,1598,1601,1598,1600,1597,1584,1597,1597,1598,1590,1596,1601,1598,1595,1597,1594,1600,1599,1600,1600,1600,1601,1598,1593,1600,1599,1591,1600,1600,1600,1598,1600,1586,1600,1600,1595,1587,1592,1601,1590,1592,1599,1598,1599,1584,1599,1595,1595,1600,1600,1602,1601,1595,1597,1597,1608,1598,1600,1601,1591,1599,1596,1589,1600,1600,1600,1600,1614,1600,1600,1599,1599,1595,1597,1591,1597,1593,1595,1579,1591,1596,1597,1601,1597,1647,1591,1595,1595,1579,1594,1600,1598,1596,1597,1595,1600,1599,1600,1594,1600,1601,1600,1600,1600,1599,1600,1599,1600,1600,1597,1601,1600,1598,1595,1597,1595,1600,1598,1600,1604,1601,1609,1600,1600,1600,1606,1598,1602,1602,1599,1597,1601,1590,1597,1600,1600,1590,1595,1598,1597,1601,1595,1598,1597,1599,1601,1595,1599,1596,1600,1600,1598,1600,1595,1602,1597,1600,1599,1606,1597,1575,1600,1598,1600,1583,1596,1603,1596,1599,1600,1600,1600,1598,1594,1597,1601,1597,1599,1600,1602,1599,1609,1599,1606,1601
1601,1600,1595,1596,1598,1577,1614,1600,1587,1600,1600,1598,1599,1606,1602,1575,1603,1600,1584,1599,1601,1599,1600,1584,1601,1584,1607,1597,1580,1602,1595,1607,1600,1609,1598,1585,1607,1601,1575,1599,1601,1599,1599,1605,1609,1600,1599,1600,1579,1598,1601,1600,1606,1595,1595,1602,1584,1593,1607,1600,1598,1599,1602,1601,1595,1599,1600,1595,1600,1611,1584,1593,1616,1600,1579,1613,1602,1574,1610,1629,1565,1563,1642,1614,1566,1620,1606,1550,1625,1654,1533,1553,1665,1607,1550,1629,1612,1523,1646,1677,1514,1535,1691,1602,1554,1648,1595,1503,1653,1691,1535,1548,1683,1595,1554,1664,1588,1498,1664,1680,1510,1566,1667,1582,1568,1664,1573,1519,1654,1658,1535,1584,1648,1577,1594,1650,1578,1546,1643,1632,1557,1593,1617,1576,1609,1639,1580,1568,1631,1615,1584,1609,1610,1577,1609,1616,1586,1584,1605,1600,1585,1605,1597,1584,1605,1613,1599,1597,1611,1600,1599,1606,1600,1594,1607,1603,1593,1600,1598,1587,1598,1606,1600,1598,1600,1600,1600,1595,1590,1599,1600,1597,1596,1602,1598,1599,1606,1603,1594,1601,1595,1595,1592,1601,1600,1600,1602,1600,1598,1600,1597,1587,1600,1605,1587,1591,1608,1599,1596,1600,1600,1599,1605,1603,1593,1599,1611,1608,1600,1589,1598,1595,1604,1611,1594,1594,1600,1597,1600,1603,1599,1595,1606,1605,1597,1600,1601,1600,1600,1607,1613,1593,1597,1603,1595,1600,1601,1594,1594,1610,1599,1597,1594,1605,1595,1599,1599,1600,1599,1601,1600,1596,1603,1600,1601,1599,1611,1600,1584,1605,1584,1597,1601,1602,1594,1599,1600,1598,1600,1599,1596,1591,1604,1601,1599,1600,1601,1600,1597,1605,1598,1597,1600,1593,1599,1587,1600,1594,1600,1616,1599,1608,1601,1600,1597,1600,1600,1599,1600,1600,1596,1596,1590,1603,1595,1603,1598,1600,1600,1602,1600,1597,1600,1600,1595,1600,1600,1598,1595,1600,1594,1591,1599,1606,1598,1597,1600,1600,1600,1598,1601,1597,1601,1563,1601,1590,1601,1600,1603,1599,1600,1600,1600,1597,1603,1598,1602,1598,1596,1598,1610,1600,1600,1599,1603,1598,1598,1600,1599,1598,1600,1597,1600,1600,1598,1600,1600,1600,1598,1601,1597,1600,1599,1601,1597,1600,1603,1599,1600,1595,1600,1600,1597,1597,1598,1600,1595,1598,1596,1607,1600,1599,1599,1597,1599,1594,1600,1600,1611,1597,1600,1594,1603,1594,1607,1593,1585,1598,1610,1600,1599,1600,1597,1600,1600,1601,1599,1600,1594,1600,1597,1600,1599,1602,1600,1594,1598,1602,1600,1599,1600,1600,1600,1591,1599,1584,1600,1606,1600,1602,1600,1598,1600,1597,1600,1594,1600,1599,1600,1600,1574,1600,1591,1600,1600,1603,1597,1599,1600,1602,1643,1606,1589,1602,1597,1600,1593,1603,1593,1600,1596,1600,1599,1600,1601,1602,1601,1600,1601,1593,1598,1599,1598,1567,1599,1590,1595,1601,1594,1602,1594,1598,1598,1599,1600,1591,1600,1598,1602,1594,1594,1595,1597,1591,1599,1593,1600,1596,1597,1605,1595,1598,1587,1591,1638,1597,1603,1600,1587,1598,1598,1597,1596,1598,1595,1594,1597,1595,1595,1595,1599,1593,1590,1594,1600,1604,1598,1600,1599,1595,1600,1600,1598,1595,1598,1593,1600,1599,1595,1594,1600,1597,1601,1600,1597,1598,1595,1610,1600,1594,1600,1604,1597,1612,1605,1595,1595,1598,1600,1597,1597,1599,1600,1597,1599,1600,1603,1595,1600,1598
1600,1587,1600,1595,1579,1596,1598,1594,1600,1607,1598,1575,1607,1597,1581,1598,1602,1599,1603,1601,1603,1579,1607,1598,1582,1595,1597,1600,1601,1603,1600,1579,1605,1594,1582,1600,1600,1600,1599,1613,1599,1577,1603,1606,1600,1600,1604,1615,1599,1589,1600,1600,1600,1592,1600,1597,1594,1603,1602,1597,1600,1599,1605,1601,1601,1600,1586,1598,1601,1595,1614,1611,1601,1584,1615,1606,1581,1595,1619,1591,1584,1630,1585,1555,1643,1644,1529,1581,1655,1585,1572,1663,1569,1517,1680,1680,1487,1568,1687,1563,1571,1697,1555,1456,1719,1708,1456,1570,1713,1535,1563,1734,1530,1435,1753,1712,1456,1570,1711,1520,1584,1738,1521,1451,1725,1694,1465,1587,1679,1523,1590,1712,1535,1484,1695,1661,1509,1598,1643,1535,1600,1679,1559,1530,1651,1623,1552,1607,1616,1569,1609,1634,1575,1579,1613,1600,1589,1605,1597,1584,1597,1606,1592,1596,1600,1591,1606,1605,1590,1598,1602,1587,1598,1606,1591,1586,1613,1605,1586,1600,1595,1586,1602,1615,1589,1588,1610,1600,1593,1599,1600,1583,1600,1600,1600,1581,1600,1614,1591,1597,1603,1600,1600,1602,1605,1594,1600,1607,1598,1596,1604,1600,1594,1597,1604,1597,1586,1606,1606,1585,1615,1600,1594,1600,1599,1593,1600,1605,1594,1585,1609,1605,1585,1595,1602,1596,1600,1612,1590,1585,1609,1603,1590,1614,1607,1595,1600,1605,1593,1587,1606,1600,1595,1598,1605,1588,1586,1603,1606,1584,1600,1609,1588,1587,1610,1614,1587,1595,1601,1587,1596,1606,1586,1594,1600,1601,1589,1603,1598,1595,1600,1601,1594,1597,1603,1600,1595,1600,1612,1591,1603,1601,1596,1600,1601,1600,1601,1600,1594,1599,1616,1593,1594,1600,1600,1601,1598,1603,1595,1593,1602,1598,1598,1616,1600,1599,1594,1602,1595,1600,1599,1593,1597,1597,1603,1598,1603,1595,1591,1595,1598,1599,1598,1599,1600,1595,1601,1605,1591,1595,1601,1599,1596,1605,1595,1594,1597,1600,1596,1599,1600,1594,1600,1598,1591,1597,1600,1616,1597,1600,1600,1594,1595,1620,1597,1597,1595,1601,1597,1600,1598,1597,1599,1598,1591,1600,1595,1605,1599,1600,1600,1594,1597,1600,1595,1598,1595,1600,1590,1602,1605,1595,1613,1594,1591,1600,1594,1600,1606,1600,1601,1594,1600,1592,1600,1599,1598,1598,1600,1591,1598,1594,1594,1597,1599,1594,1597,1599,1600,1595,1600,1605,1595,1601,1598,1606,1604,1595,1600,1595,1601,1594,1598,1598,1595,1599,1599,1600,1596,1600,1599,1597,1609,1600,1600,1594,1600,1598,1597,1600,1605,1595,1602,1592,1599,1597,1591,1600,1599,1600,1599,1601,1600,1597,1598,1584,1595,1597,1597,1597,1600,1598,1600,1598,1600,1591,1600,1605,1600,1598,1598,1600,1595,1599,1602,1590,1598,1600,1586,1600,1593,1600,1632,1600,1599,1594,1602,1599,1651,1601,1596,1600,1598,1603,1600,1594,1599,1599,1593,1596,1598,1598,1606,1598,1599,1597,1605,1599,1595,1600,1642,1595,1619,1599,1598,1595,1597,1599,1600,1599,1600,1597,1595,1594,1597,1600,1601,1599,1599,1594,1600,1595,1598,1598,1599,1597,1597,1600,1600,1600,1595,1591,1600,1600,1587,1601,1594,1597,1589,1598,1627,1597,1603,1600,1600,1600,1599,1599,1594,1597,1599,1600,1599,1601,1586,1600,1600,1602,1595,1601,1601,1600,1597,1600,1591,1600,1598,1600,1599,1597,1600,1600,1600,1574,1597,1598,1599,1599,1598,1589
1602,1604,1602,1590,1600,1597,1605,1629,1600,1602,1597,1601,1600,1603,1596,1597,1605,1599,1596,1602,1600,1600,1603,1604,1596,1597,1600,1597,1597,1600,1649,1600,1595,1600,1599,1595,1600,1600,1591,1600,1598,1604,1599,1610,1605,1606,1598,1599,1603,1598,1600,1598,1600,1587,1602,1600,1602,1572,1607,1603,1601,1601,1598,1599,1597,1597,1614,1607,1594,1606,1605,1591,1601,1616,1578,1584,1616,1608,1581,1619,1584,1567,1621,1645,1554,1567,1664,1603,1552,1633,1616,1525,1641,1680,1516,1533,1703,1607,1521,1659,1613,1488,1661,1710,1475,1520,1727,1615,1504,1673,1599,1472,1679,1729,1471,1520,1735,1600,1525,1679,1585,1470,1680,1715,1483,1526,1706,1583,1551,1679,1580,1485,1680,1689,1501,1552,1680,1552,1578,1664,1579,1514,1664,1653,1527,1584,1648,1565,1591,1654,1570,1535,1645,1654,1557,1611,1617,1574,1600,1638,1577,1574,1629,1616,1580,1609,1602,1580,1614,1629,1583,1584,1627,1600,1595,1611,1606,1582,1625,1611,1597,1590,1616,1596,1597,1605,1595,1591,1604,1607,1587,1601,1609,1598,1600,1610,1600,1587,1614,1614,1599,1591,1605,1596,1602,1617,1595,1587,1611,1601,1591,1600,1603,1594,1599,1609,1598,1600,1602,1602,1600,1602,1590,1591,1602,1601,1579,1590,1607,1606,1591,1601,1600,1600,1598,1603,1595,1600,1602,1607,1598,1598,1603,1595,1595,1603,1600,1594,1602,1602,1598,1597,1599,1606,1600,1615,1603,1592,1601,1598,1602,1595,1607,1598,1602,1600,1600,1597,1603,1600,1600,1597,1606,1600,1603,1599,1600,1647,1600,1602,1595,1616,1599,1602,1600,1599,1597,1600,1602,1597,1599,1599,1603,1594,1606,1599,1585,1602,1600,1602,1590,1605,1598,1603,1600,1600,1600,1601,1600,1599,1605,1600,1601,1596,1600,1599,1601,1581,1597,1594,1602,1600,1601,1603,1599,1600,1600,1600,1596,1598,1601,1600,1601,1600,1599,1601,1605,1600,1609,1598,1600,1600,1602,1599,1599,1593,1599,1600,1602,1600,1574,1600,1595,1599,1595,1599,1605,1603,1611,1601,1600,1598,1599,1601,1603,1599,1600,1601,1600,1605,1595,1598,1598,1598,1597,1594,1600,1601,1597,1593,1601,1601,1601,1648,1590,1599,1600,1601,1598,1595,1598,1600,1601,1600,1601,1601,1600,1599,1597,1603,1601,1600,1591,1600,1600,1602,1604,1601,1607,1600,1600,1599,1598,1602,1599,1598,1600,1589,1600,1600,1601,1599,1601,1600,1599,1589,1600,1600,1603,1599,1602,1594,1603,1595,1602,1611,1600,1593,1598,1598,1599,1595,1599,1597,1597,1600,1600,1601,1591,1601,1600,1602,1600,1606,1605,1597,1613,1600,1591,1598,1591,1595,1600,1600,1599,1598,1600,1600,1600,1599,1601,1600,1602,1599,1600,1603,1601,1603,1600,1611,1600,1585,1598,1601,1600,1594,1605,1601,1600,1600,1601,1600,1601,1597,1598,1597,1600,1599,1598,1599,1602,1598,1575,1602,1605,1597,1605,1602,1607,1597,1600,1602,1600,1602,1602,1603,1620,1600,1594,1600,1600,1603,1600,1595,1603,1600,1599,1600,1600,1600,1600,1600,1599,1600,1600,1583,1601,1600,1600,1580,1601,1599,1602,1598,1597,1600,1599,1599,1593,1605,1597,1605,1600,1603,1595,1584,1600,1613,1601,1587,1600,1599,1600,1600,1600,1600,1601,1595,1601,1599,1601,1597,1600,1600,1600,1600,1600,1601,1616,1599,1648,1600,1616,1600,1598,1603,1600,1601,1600,1595,1599,1599,1601,1600,1600,1600,1599,1596,1600,1595
1595,1623,1600,1601,1600,1600,1616,1579,1602,1593,1574,1600,1585,1601,1585,1613,1602,1583,1602,1600,1583,1602,1599,1602,1596,1605,1600,1583,1602,1595,1574,1600,1597,1598,1598,1600,1603,1583,1606,1584,1584,1584,1602,1605,1600,1602,1600,1598,1594,1599,1600,1600,1597,1598,1605,1595,1588,1602,1596,1595,1605,1599,1600,1600,1600,1587,1621,1610,1584,1586,1618,1600,1582,1604,1609,1573,1615,1629,1559,1565,1655,1611,1551,1608,1621,1535,1623,1677,1519,1499,1698,1617,1510,1648,1627,1495,1648,1719,1484,1490,1744,1629,1475,1650,1636,1463,1641,1749,1456,1472,1758,1631,1492,1664,1625,1455,1687,1758,1455,1478,1751,1619,1488,1664,1616,1463,1664,1729,1479,1507,1711,1598,1520,1658,1607,1499,1648,1695,1515,1534,1675,1597,1557,1621,1601,1531,1634,1654,1551,1571,1634,1596,1582,1618,1599,1572,1613,1618,1584,1592,1615,1599,1590,1602,1598,1591,1605,1609,1600,1595,1598,1599,1595,1597,1603,1600,1600,1600,1601,1594,1596,1602,1599,1578,1601,1603,1590,1602,1603,1605,1597,1581,1599,1584,1602,1603,1592,1600,1600,1597,1599,1600,1600,1590,1597,1600,1591,1600,1604,1597,1589,1598,1573,1599,1586,1598,1600,1600,1606,1595,1606,1597,1599,1599,1596,1598,1598,1601,1594,1597,1598,1600,1600,1601,1599,1597,1604,1599,1598,1612,1603,1646,1600,1590,1598,1597,1597,1600,1597,1600,1596,1600,1599,1601,1601,1600,1599,1603,1599,1599,1600,1600,1600,1603,1599,1597,1602,1596,1594,1597,1593,1591,1600,1602,1593,1600,1600,1599,1598,1600,1599,1592,1602,1591,1598,1600,1584,1594,1599,1599,1599,1597,1602,1600,1596,1600,1593,1600,1595,1603,1597,1599,1600,1595,1600,1595,1600,1595,1601,1595,1600,1595,1600,1596,1600,1613,1599,1591,1599,1574,1599,1599,1600,1601,1600,1597,1599,1597,1600,1601,1591,1600,1601,1600,1597,1600,1584,1600,1600,1601,1607,1600,1597,1599,1597,1600,1599,1597,1600,1596,1600,1599,1600,1599,1597,1600,1594,1599,1599,1601,1600,1601,1602,1600,1599,1598,1596,1598,1599,1600,1599,1599,1595,1598,1635,1599,1601,1600,1591,1595,1599,1597,1600,1601,1601,1600,1590,1601,1635,1600,1615,1602,1586,1602,1603,1600,1597,1601,1594,1597,1617,1603,1595,1600,1600,1595,1600,1600,1597,1596,1603,1597,1600,1603,1602,1587,1600,1598,1600,1594,1600,1600,1600,1600,1599,1594,1598,1596,1598,1598,1601,1600,1584,1600,1600,1595,1616,1600,1600,1600,1607,1595,1600,1601,1600,1600,1598,1600,1597,1600,1600,1600,1600,1601,1603,1599,1597,1602,1600,1598,1600,1595,1600,1617,1598,1599,1602,1571,1600,1595,1601,1599,1599,1597,1601,1600,1600,1600,1593,1595,1599,1596,1600,1600,1601,1599,1566,1598,1601,1599,1600,1600,1600,1600,1594,1600,1596,1599,1600,1597,1600,1600,1599,1602,1600,1599,1599,1587,1603,1598,1595,1600,1600,1600,1595,1600,1597,1600,1599,1600,1600,1600,1600,1599,1598,1599,1600,1600,1600,1598,1599,1600,1599,1595,1597,1597,1600,1602,1599,1597,1599,1584,1599,1599,1597,1596,1598,1601,1599,1600,1600,1600,1600,1600,1597,1600,1603,1599,1598,1598,1601,1598,1603,1597,1600,1600,1601,1597,1600,1603,1602,1591,1600,1600,1599,1607,1597,1618,1597,1598,1600,1595,1604,1595,1598,1597,1597,1616,1600,1599,1597,1575,1598,1599,1600,1600,1589,1600,1600,1602
1600,1599,1597,1600,1594,1600,1594,1597,1605,1599,1597,1595,1601,1600,1600,1614,1598,1593,1600,1593,1600,1598,1600,1602,1597,1599,1596,1600,1595,1600,1601,1599,1600,1599,1599,1598,1603,1597,1597,1600,1605,1600,1606,1599,1594,1600,1594,1602,1591,1596,1596,1601,1600,1599,1600,1593,1597,1602,1599,1600,1600,1598,1600,1609,1589,1569,1610,1600,1589,1614,1600,1583,1616,1645,1563,1584,1640,1599,1573,1623,1599,1547,1633,1659,1520,1562,1695,1594,1535,1649,1591,1497,1666,1709,1472,1521,1739,1591,1520,1696,1578,1438,1710,1747,1423,1518,1758,1567,1518,1717,1563,1413,1728,1747,1413,1522,1749,1575,1524,1762,1552,1427,1728,1745,1431,1547,1725,1552,1551,1721,1551,1452,1712,1698,1470,1573,1666,1553,1584,1687,1551,1494,1664,1664,1518,1584,1639,1561,1595,1659,1566,1533,1649,1624,1552,1600,1615,1573,1603,1638,1579,1565,1627,1611,1579,1606,1602,1583,1605,1617,1584,1587,1607,1597,1586,1603,1597,1585,1606,1611,1602,1597,1603,1589,1600,1600,1595,1597,1605,1600,1591,1603,1593,1595,1577,1600,1593,1598,1603,1594,1600,1608,1589,1594,1604,1600,1598,1610,1601,1590,1599,1609,1585,1590,1602,1607,1598,1585,1601,1598,1602,1607,1595,1600,1605,1588,1591,1601,1600,1585,1600,1600,1599,1595,1599,1598,1595,1600,1594,1594,1603,1600,1597,1600,1591,1599,1600,1601,1606,1588,1600,1595,1589,1599,1600,1594,1600,1600,1599,1599,1600,1605,1600,1600,1590,1599,1590,1598,1587,1597,1600,1601,1615,1601,1603,1600,1595,1600,1595,1595,1598,1600,1598,1600,1601,1597,1600,1601,1601,1598,1603,1601,1594,1591,1600,1600,1600,1594,1589,1600,1600,1598,1591,1599,1598,1600,1601,1602,1590,1600,1600,1600,1600,1595,1595,1594,1598,1603,1613,1600,1595,1599,1584,1603,1599,1600,1600,1600,1595,1599,1599,1595,1599,1599,1599,1599,1600,1616,1600,1602,1600,1605,1601,1599,1600,1593,1599,1600,1597,1595,1600,1602,1600,1603,1600,1600,1598,1597,1598,1598,1601,1601,1600,1600,1603,1592,1600,1601,1599,1597,1599,1599,1598,1604,1599,1597,1600,1600,1600,1599,1601,1610,1601,1616,1600,1587,1603,1600,1602,1600,1599,1596,1598,1604,1597,1602,1602,1600,1600,1577,1598,1600,1600,1602,1599,1589,1600,1600,1603,1600,1600,1600,1601,1600,1600,1600,1599,1594,1600,1600,1595,1600,1597,1602,1600,1602,1600,1598,1601,1600,1597,1600,1605,1594,1600,1600,1599,1603,1603,1599,1602,1596,1599,1568,1600,1600,1589,1600,1602,1606,1604,1599,1595,1601,1602,1600,1599,1597,1600,1602,1600,1598,1600,1599,1601,1600,1607,1599,1600,1595,1585,1600,1590,1601,1606,1600,1600,1599,1597,1600,1600,1601,1601,1600,1600,1600,1600,1600,1599,1600,1599,1597,1600,1600,1600,1600,1596,1616,1602,1584,1600,1599,1600,1600,1600,1599,1598,1599,1600,1600,1597,1617,1600,1606,1602,1599,1600,1587,1600,1600,1600,1614,1595,1600,1601,1600,1600,1594,1600,1593,1598,1600,1594,1602,1602,1602,1600,1600,1600,1600,1597,1599,1595,1600,1607,1600,1602,1600,1600,1597,1600,1597,1600,1599,1600,1600,1600,1600,1599,1600,1600,1598,1600,1598,1600,1600,1597,1599,1599,1600,1600,1601,1595,1600,1596,1599,1594,1599,1603,1600,1653,1599,1599,1610,1595,1601,1600,1599,1597,1600,1600,1602,1607,1600,1594,1600,1600,1600,1602,1600
1601,1639,1595,1599,1602,1594,1600,1601,1595,1600,1597,1600,1601,1599,1600,1599,1600,1602,1604,1599,1574,1601,1605,1599,1585,1594,1610,1598,1600,1600,1602,1598,1600,1598,1601,1595,1600,1612,1600,1584,1597,1609,1593,1611,1606,1600,1603,1601,1605,1579,1591,1600,1603,1603,1595,1597,1599,1603,1602,1600,1599,1599,1597,1596,1611,1610,1577,1591,1627,1595,1586,1626,1587,1549,1640,1648,1535,1577,1664,1584,1562,1657,1579,1555,1681,1695,1470,1555,1722,1559,1543,1711,1555,1418,1745,1744,1397,1523,1771,1531,1534,1778,1516,1360,1792,1783,1355,1532,1792,1507,1535,1808,1502,1345,1812,1788,1347,1547,1774,1488,1554,1810,1485,1372,1802,1758,1379,1580,1729,1487,1595,1786,1487,1411,1761,1695,1451,1611,1669,1488,1630,1734,1499,1474,1709,1642,1521,1643,1616,1509,1642,1679,1520,1553,1664,1600,1568,1646,1584,1543,1644,1646,1552,1587,1625,1582,1595,1641,1579,1568,1607,1616,1584,1605,1604,1583,1599,1621,1584,1587,1614,1600,1600,1615,1590,1584,1613,1601,1593,1605,1598,1587,1614,1606,1586,1599,1603,1589,1603,1612,1589,1590,1616,1593,1595,1604,1600,1584,1608,1613,1585,1589,1614,1603,1593,1608,1609,1585,1613,1616,1589,1591,1611,1595,1597,1614,1602,1587,1611,1619,1584,1600,1605,1595,1598,1612,1596,1596,1607,1609,1594,1600,1607,1597,1600,1612,1590,1584,1610,1600,1597,1595,1601,1573,1600,1606,1600,1597,1600,1602,1595,1598,1602,1601,1600,1613,1601,1594,1605,1600,1598,1594,1601,1600,1598,1601,1602,1596,1602,1597,1651,1600,1613,1600,1600,1596,1600,1600,1601,1603,1607,1599,1602,1597,1595,1601,1602,1598,1577,1601,1601,1600,1601,1600,1602,1594,1595,1599,1601,1600,1600,1599,1601,1593,1599,1601,1595,1605,1600,1601,1600,1597,1601,1594,1600,1616,1595,1600,1600,1600,1601,1600,1600,1595,1600,1600,1596,1600,1599,1589,1588,1603,1600,1603,1587,1602,1603,1600,1602,1600,1599,1600,1603,1599,1601,1595,1601,1600,1594,1603,1596,1601,1598,1600,1600,1600,1600,1593,1600,1613,1600,1595,1600,1600,1599,1581,1600,1600,1600,1599,1599,1599,1602,1600,1609,1601,1600,1600,1597,1600,1593,1603,1611,1600,1600,1606,1599,1600,1591,1600,1600,1600,1596,1600,1603,1601,1602,1597,1604,1593,1602,1599,1600,1595,1602,1600,1600,1598,1597,1606,1599,1607,1598,1599,1600,1584,1597,1602,1600,1600,1594,1602,1600,1602,1602,1598,1598,1600,1600,1600,1603,1600,1594,1600,1611,1600,1599,1600,1611,1598,1602,1595,1595,1601,1597,1601,1599,1600,1599,1601,1595,1603,1600,1600,1597,1597,1599,1600,1599,1599,1599,1599,1600,1598,1603,1598,1598,1600,1600,1600,1597,1600,1610,1600,1602,1603,1599,1598,1598,1599,1600,1597,1616,1602,1602,1600,1594,1600,1603,1600,1600,1600,1600,1611,1601,1600,1599,1599,1599,1599,1614,1599,1600,1601,1607,1600,1597,1603,1610,1600,1600,1601,1601,1600,1597,1600,1599,1598,1600,1597,1602,1597,1600,1600,1602,1601,1603,1600,1601,1601,1597,1598,1600,1593,1601,1607,1601,1576,1600,1583,1595,1599,1597,1600,1598,1599,1600,1595,1600,1600,1600,1600,1600,1600,1609,1602,1568,1600,1596,1594,1598,1600,1600,1605,1597,1603,1600,1595,1600,1600,1600,1602,1600,1597,1600,1573,1600,1605,1597,1599,1600,1598,1600,1611,1600,1598,1603,1599,1598,1599
1600,1602,1601,1600,1600,1596,1599,1616,1605,1600,1602,1602,1601,1593,1600,1603,1600,1601,1603,1600,1602,1598,1595,1599,1595,1608,1600,1606,1602,1600,1591,1594,1599,1595,1597,1602,1598,1599,1605,1603,1598,1601,1602,1597,1594,1605,1613,1600,1600,1606,1600,1590,1600,1600,1600,1595,1601,1600,1600,1595,1599,1597,1600,1601,1595,1600,1616,1599,1600,1612,1587,1588,1623,1602,1578,1601,1616,1583,1601,1637,1571,1569,1645,1616,1549,1607,1623,1559,1610,1655,1535,1535,1680,1634,1521,1615,1636,1525,1621,1696,1517,1510,1707,1651,1501,1616,1637,1509,1627,1763,1506,1522,1712,1638,1503,1630,1628,1505,1629,1701,1514,1518,1701,1631,1520,1632,1619,1517,1631,1685,1587,1527,1682,1610,1553,1625,1613,1546,1628,1655,1553,1567,1639,1605,1571,1617,1598,1558,1616,1633,1577,1569,1623,1603,1584,1606,1597,1590,1610,1615,1585,1613,1612,1597,1601,1606,1590,1587,1606,1600,1597,1600,1599,1594,1600,1601,1594,1600,1601,1600,1602,1599,1568,1600,1601,1605,1600,1598,1600,1598,1598,1600,1600,1593,1599,1599,1595,1599,1599,1599,1596,1603,1600,1600,1597,1601,1600,1600,1601,1612,1600,1577,1602,1601,1597,1599,1599,1595,1600,1595,1600,1597,1597,1602,1581,1600,1598,1599,1631,1600,1595,1601,1599,1599,1591,1600,1597,1598,1602,1598,1599,1595,1599,1599,1595,1597,1595,1599,1601,1600,1597,1600,1593,1600,1599,1600,1598,1595,1600,1599,1597,1602,1600,1600,1601,1600,1600,1599,1600,1595,1598,1620,1595,1603,1601,1600,1601,1595,1600,1591,1602,1596,1593,1598,1599,1600,1597,1601,1598,1599,1600,1600,1597,1601,1604,1598,1593,1600,1600,1599,1600,1600,1594,1597,1579,1593,1568,1601,1585,1600,1600,1600,1599,1600,1601,1595,1602,1595,1603,1595,1600,1597,1600,1600,1600,1586,1602,1597,1599,1581,1603,1588,1601,1598,1599,1594,1599,1600,1597,1598,1599,1597,1598,1601,1605,1602,1601,1599,1592,1599,1600,1599,1600,1600,1602,1598,1616,1600,1595,1599,1594,1600,1597,1600,1600,1596,1600,1600,1597,1597,1598,1599,1598,1594,1600,1643,1602,1595,1598,1601,1600,1595,1595,1603,1599,1603,1601,1600,1602,1599,1600,1597,1600,1600,1599,1601,1589,1599,1585,1601,1609,1599,1603,1601,1591,1600,1603,1596,1598,1595,1595,1595,1597,1598,1600,1600,1600,1597,1597,1591,1595,1600,1595,1582,1599,1601,1599,1567,1593,1589,1597,1578,1595,1600,1593,1601,1599,1600,1593,1600,1597,1601,1595,1600,1598,1599,1603,1600,1595,1600,1602,1600,1589,1601,1597,1600,1600,1602,1598,1597,1602,1595,1601,1595,1600,1600,1600,1600,1595,1600,1599,1635,1600,1597,1600,1601,1599,1600,1600,1593,1595,1596,1600,1600,1586,1600,1598,1597,1599,1600,1595,1598,1598,1595,1597,1593,1606,1597,1603,1599,1596,1599,1600,1600,1598,1600,1603,1600,1597,1600,1595,1600,1604,1599,1600,1597,1600,1600,1595,1598,1600,1598,1600,1600,1600,1602,1598,1594,1592,1598,1600,1594,1598,1601,1599,1599,1597,1593,1595,1600,1603,1599,1600,1600,1599,1598,1594,1598,1598,1599,1597,1606,1598,1606,1600,1583,1601,1599,1595,1591,1600,1597,1600,1600,1600,1600,1601,1599,1596,1597,1587,1597,1594,1598,1611,1600,1603,1595,1598,1594,1598,1600,1598,1601,1597,1597,1595,1595,1599,1600,1598,1595,1599,1600,1600,1600,1600,1600,1600,1600
1603,1601,1602,1604,1598,1599,1598,1619,1611,1600,1618,1592,1599,1595,1605,1584,1600,1579,1603,1609,1601,1606,1605,1600,1603,1605,1600,1598,1609,1601,1594,1600,1599,1599,1579,1610,1598,1597,1609,1605,1589,1599,1603,1592,1600,1612,1603,1603,1597,1607,1600,1598,1601,1607,1597,1594,1602,1607,1597,1585,1600,1606,1602,1600,1597,1610,1600,1600,1607,1620,1591,1598,1617,1600,1593,1611,1602,1581,1616,1618,1579,1584,1626,1598,1582,1619,1599,1565,1618,1646,1553,1575,1648,1594,1574,1639,1595,1522,1648,1663,1520,1564,1675,1586,1569,1661,1585,1499,1664,1670,1507,1563,1667,1584,1564,1651,1584,1515,1659,1671,1517,1576,1663,1581,1578,1661,1581,1524,1658,1659,1523,1583,1645,1577,1600,1652,1575,1549,1616,1642,1554,1591,1616,1571,1602,1641,1580,1561,1634,1619,1575,1601,1621,1584,1600,1623,1584,1582,1617,1607,1584,1600,1609,1586,1604,1613,1598,1589,1614,1603,1598,1604,1605,1599,1612,1607,1595,1599,1611,1606,1594,1604,1599,1601,1600,1604,1597,1600,1611,1601,1597,1601,1604,1595,1600,1594,1599,1599,1602,1603,1594,1600,1602,1600,1601,1603,1593,1595,1601,1584,1596,1623,1603,1597,1607,1657,1594,1601,1610,1595,1588,1625,1600,1597,1607,1606,1597,1598,1605,1596,1600,1602,1604,1593,1582,1603,1595,1597,1616,1597,1589,1605,1594,1599,1600,1607,1594,1607,1598,1605,1599,1602,1598,1600,1597,1601,1597,1601,1606,1602,1596,1603,1598,1600,1601,1602,1597,1600,1600,1599,1606,1601,1599,1598,1606,1600,1600,1603,1599,1598,1599,1604,1598,1594,1598,1604,1597,1601,1597,1611,1600,1602,1594,1610,1605,1609,1599,1610,1591,1597,1602,1605,1595,1601,1602,1602,1605,1601,1589,1601,1600,1607,1600,1601,1599,1600,1587,1603,1599,1600,1607,1599,1599,1597,1600,1600,1600,1604,1598,1600,1595,1606,1594,1603,1595,1611,1599,1612,1599,1594,1600,1606,1600,1600,1605,1599,1601,1594,1601,1597,1601,1597,1601,1598,1602,1598,1595,1600,1598,1602,1603,1600,1595,1599,1599,1599,1598,1600,1600,1595,1600,1605,1600,1605,1600,1598,1597,1600,1600,1600,1607,1600,1600,1597,1600,1599,1599,1596,1601,1613,1600,1605,1597,1599,1598,1598,1595,1591,1598,1600,1601,1602,1599,1596,1599,1599,1600,1599,1606,1602,1605,1599,1611,1599,1606,1603,1605,1603,1587,1595,1601,1591,1599,1595,1601,1600,1602,1607,1597,1599,1597,1597,1593,1600,1597,1598,1599,1598,1597,1636,1600,1606,1601,1602,1596,1599,1600,1597,1605,1599,1603,1600,1594,1600,1599,1595,1599,1600,1600,1602,1599,1601,1585,1598,1607,1597,1599,1594,1600,1597,1600,1597,1600,1600,1600,1605,1599,1600,1602,1599,1600,1599,1599,1601,1599,1600,1597,1599,1604,1600,1600,1597,1600,1600,1600,1608,1601,1598,1595,1597,1599,1600,1599,1600,1602,1603,1599,1600,1606,1598,1602,1600,1601,1606,1600,1595,1596,1584,1597,1571,1600,1606,1598,1598,1598,1598,1600,1602,1600,1598,1600,1597,1598,1594,1600,1598,1615,1600,1587,1601,1606,1599,1600,1600,1598,1600,1597,1598,1598,1600,1602,1600,1601,1601,1597,1600,1600,1600,1595,1595,1600,1600,1599,1604,1598,1600,1600,1602,1601,1595,1601,1598,1601,1598,1613,1600,1600,1600,1594,1602,1601,1597,1600,1600,1602,1598,1585,1600,1601,1601,1602,1600,1607,1598,1600,1598,1600,1598,1597,1601
1579,1599,1598,1600,1590,1598,1598,1561,1616,1599,1566,1597,1599,1600,1601,1613,1594,1568,1610,1601,1565,1648,1599,1603,1600,1605,1601,1568,1606,1586,1567,1609,1603,1599,1595,1611,1602,1568,1604,1600,1564,1598,1604,1598,1587,1615,1603,1601,1597,1601,1609,1597,1654,1601,1597,1598,1609,1600,1598,1595,1597,1600,1599,1601,1595,1599,1605,1597,1595,1616,1597,1597,1614,1611,1579,1588,1626,1599,1585,1615,1586,1615,1623,1638,1549,1583,1647,1594,1570,1643,1587,1531,1650,1660,1525,1563,1671,1578,1569,1663,1574,1497,1673,1679,1497,1557,1686,1578,1559,1680,1573,1489,1675,1688,1487,1559,1683,1579,1557,1668,1573,1499,1669,1695,1497,1568,1667,1569,1573,1670,1573,1514,1654,1666,1529,1575,1653,1574,1578,1646,1584,1545,1637,1643,1548,1585,1633,1587,1583,1629,1643,1566,1619,1627,1579,1591,1616,1600,1587,1613,1599,1584,1610,1613,1585,1591,1609,1597,1598,1603,1600,1590,1601,1600,1595,1598,1607,1603,1599,1600,1604,1599,1601,1601,1603,1597,1574,1601,1585,1596,1599,1600,1600,1598,1600,1595,1601,1604,1599,1600,1607,1597,1596,1599,1598,1595,1577,1602,1599,1606,1610,1600,1601,1600,1599,1595,1602,1600,1593,1600,1600,1600,1598,1600,1599,1591,1606,1571,1596,1605,1600,1600,1600,1616,1595,1595,1600,1601,1599,1600,1604,1599,1600,1599,1600,1591,1607,1604,1597,1603,1601,1595,1603,1602,1599,1595,1598,1585,1594,1595,1603,1599,1601,1600,1600,1597,1595,1600,1597,1600,1616,1597,1598,1597,1601,1595,1600,1601,1602,1600,1601,1599,1600,1599,1600,1598,1601,1601,1600,1597,1602,1597,1600,1602,1600,1600,1599,1584,1597,1600,1602,1602,1607,1607,1600,1595,1602,1586,1601,1601,1599,1598,1600,1599,1600,1596,1600,1600,1598,1600,1604,1597,1605,1601,1599,1597,1595,1599,1581,1602,1600,1600,1602,1598,1603,1600,1600,1600,1597,1602,1595,1598,1600,1603,1598,1603,1600,1597,1600,1600,1601,1591,1600,1600,1599,1600,1598,1591,1601,1600,1599,1602,1598,1599,1600,1598,1603,1601,1600,1597,1603,1594,1597,1600,1600,1603,1600,1597,1599,1600,1595,1600,1599,1600,1600,1605,1597,1600,1597,1616,1600,1602,1601,1602,1596,1591,1598,1599,1595,1601,1600,1600,1600,1574,1600,1593,1606,1614,1593,1600,1599,1602,1600,1600,1599,1600,1598,1600,1599,1603,1599,1599,1601,1600,1607,1600,1605,1600,1584,1598,1584,1600,1595,1597,1595,1600,1594,1600,1599,1600,1600,1601,1600,1594,1603,1597,1600,1591,1597,1600,1600,1574,1602,1609,1600,1598,1599,1600,1599,1600,1599,1600,1594,1600,1594,1600,1597,1600,1602,1600,1600,1599,1597,1600,1605,1603,1613,1596,1589,1598,1594,1597,1600,1595,1595,1600,1595,1600,1600,1601,1598,1599,1596,1610,1597,1597,1598,1601,1600,1601,1601,1605,1600,1596,1603,1662,1600,1595,1599,1598,1597,1600,1597,1600,1601,1599,1600,1591,1594,1609,1598,1602,1597,1600,1599,1613,1599,1599,1598,1600,1600,1598,1597,1594,1600,1600,1595,1600,1597,1600,1598,1601,1602,1595,1587,1597,1598,1600,1600,1600,1590,1598,1600,1600,1601,1599,1599,1596,1599,1597,1600,1593,1600,1595,1599,1597,1600,1598,1602,1597,1596,1595,1600,1602,1594,1597,1597,1599,1595,1598,1612,1600,1588,1599,1571,1598,1600,1591,1601,1600,1599,1601,1600,1599,1595,1599,1600,1600,1574,1597
1599,1597,1602,1599,1597,1600,1611,1600,1602,1599,1600,1597,1605,1609,1601,1602,1612,1600,1619,1602,1575,1600,1600,1613,1600,1611,1609,1599,1603,1601,1605,1600,1599,1615,1600,1609,1605,1606,1606,1593,1601,1597,1599,1616,1606,1595,1599,1603,1594,1603,1603,1611,1600,1598,1597,1606,1593,1601,1599,1604,1601,1602,1590,1603,1602,1598,1600,1605,1606,1589,1613,1600,1574,1601,1613,1585,1602,1618,1578,1583,1630,1615,1563,1600,1618,1578,1602,1642,1568,1552,1658,1621,1545,1605,1629,1552,1611,1687,1531,1487,1675,1638,1520,1616,1635,1535,1616,1683,1526,1520,1681,1631,1520,1618,1648,1520,1625,1685,1511,1522,1657,1630,1517,1631,1616,1527,1635,1677,1534,1535,1664,1613,1553,1638,1602,1545,1629,1660,1547,1562,1647,1603,1566,1635,1602,1573,1627,1637,1567,1650,1635,1597,1584,1609,1595,1573,1616,1625,1579,1589,1617,1595,1605,1616,1591,1583,1616,1610,1589,1597,1609,1593,1597,1609,1598,1596,1605,1606,1588,1575,1606,1597,1597,1609,1591,1599,1601,1600,1591,1595,1601,1596,1600,1603,1597,1573,1600,1600,1600,1598,1602,1600,1597,1600,1600,1597,1603,1603,1597,1600,1606,1600,1599,1599,1600,1591,1600,1600,1587,1595,1611,1602,1590,1598,1600,1595,1600,1605,1598,1595,1609,1601,1598,1605,1598,1592,1600,1606,1598,1587,1607,1609,1594,1603,1597,1559,1602,1607,1595,1587,1607,1600,1600,1605,1603,1598,1599,1606,1596,1600,1600,1600,1598,1597,1601,1600,1601,1582,1597,1579,1600,1584,1600,1607,1603,1601,1600,1600,1603,1601,1599,1600,1600,1596,1595,1598,1600,1587,1597,1600,1600,1598,1593,1600,1597,1600,1611,1597,1602,1600,1595,1599,1600,1598,1600,1600,1600,1600,1599,1599,1599,1597,1598,1600,1600,1600,1601,1600,1600,1589,1594,1586,1600,1605,1600,1598,1601,1600,1600,1600,1600,1595,1600,1600,1597,1596,1595,1600,1575,1603,1600,1600,1601,1599,1572,1602,1622,1600,1603,1598,1602,1600,1600,1598,1601,1597,1600,1601,1595,1599,1607,1602,1597,1606,1599,1602,1600,1600,1599,1599,1602,1601,1600,1598,1600,1599,1595,1605,1601,1601,1602,1603,1614,1597,1600,1598,1605,1600,1600,1599,1603,1600,1595,1604,1589,1599,1595,1599,1600,1602,1600,1601,1600,1600,1604,1595,1606,1595,1600,1600,1600,1604,1600,1602,1596,1600,1601,1605,1601,1650,1599,1603,1604,1585,1599,1573,1602,1599,1605,1598,1601,1600,1600,1601,1600,1601,1601,1603,1600,1600,1600,1601,1613,1602,1654,1599,1604,1600,1590,1600,1600,1605,1600,1596,1600,1605,1600,1601,1600,1600,1601,1602,1601,1600,1603,1597,1599,1600,1599,1618,1594,1607,1598,1607,1601,1602,1602,1600,1600,1600,1599,1601,1600,1601,1600,1602,1596,1602,1602,1602,1603,1600,1617,1598,1575,1597,1600,1600,1606,1604,1600,1600,1602,1611,1599,1599,1595,1610,1602,1601,1600,1601,1597,1603,1586,1606,1607,1600,1595,1599,1603,1601,1600,1601,1600,1598,1606,1602,1600,1600,1600,1600,1600,1602,1600,1600,1601,1599,1600,1600,1601,1604,1602,1590,1603,1597,1597,1598,1599,1615,1600,1601,1600,1601,1602,1600,1600,1600,1606,1597,1606,1614,1600,1600,1600,1602,1600,1600,1598,1599,1603,1601,1602,1603,1599,1599,1603,1600,1605,1602,1599,1578,1600,1606,1601,1603,1595,1603,1602,1574,1600,1601,1600,1606,1602,1600,1600,1605,1600,1595
1600,1605,1570,1598,1600,1599,1606,1613,1593,1581,1610,1600,1579,1599,1600,1600,1598,1609,1600,1586,1611,1600,1585,1591,1597,1601,1600,1611,1600,1584,1614,1600,1585,1599,1601,1593,1599,1609,1587,1584,1613,1601,1613,1600,1597,1605,1601,1596,1605,1601,1598,1607,1601,1600,1600,1600,1600,1599,1583,1600,1600,1587,1595,1610,1605,1598,1590,1605,1598,1573,1614,1616,1578,1574,1631,1601,1575,1612,1601,1562,1627,1647,1548,1566,1664,1607,1530,1633,1604,1524,1648,1682,1495,1535,1673,1601,1510,1657,1598,1485,1674,1712,1473,1520,1717,1590,1520,1685,1595,1469,1683,1729,1463,1557,1723,1586,1530,1681,1591,1481,1687,1690,1473,1527,1712,1582,1545,1680,1582,1478,1680,1697,1489,1556,1680,1583,1550,1670,1582,1507,1662,1667,1484,1575,1638,1582,1552,1655,1582,1530,1648,1648,1552,1584,1635,1584,1592,1637,1582,1554,1626,1621,1566,1584,1616,1582,1596,1622,1585,1598,1616,1614,1581,1584,1605,1589,1595,1611,1587,1586,1610,1602,1585,1601,1598,1589,1601,1605,1591,1594,1602,1599,1591,1603,1605,1600,1614,1605,1595,1600,1600,1597,1603,1600,1599,1600,1601,1600,1600,1601,1585,1595,1603,1600,1600,1609,1596,1591,1607,1605,1591,1600,1597,1601,1596,1604,1609,1590,1579,1601,1586,1599,1620,1600,1600,1600,1589,1601,1601,1600,1598,1600,1590,1597,1600,1603,1595,1600,1586,1600,1600,1600,1601,1592,1598,1600,1591,1602,1597,1599,1600,1600,1600,1592,1605,1599,1600,1600,1599,1600,1598,1598,1639,1599,1600,1596,1600,1599,1600,1595,1603,1599,1593,1598,1600,1598,1594,1594,1594,1599,1600,1599,1594,1593,1599,1584,1599,1613,1597,1583,1602,1595,1598,1599,1600,1597,1592,1600,1600,1598,1600,1598,1598,1599,1598,1599,1584,1603,1584,1600,1594,1604,1597,1596,1603,1596,1600,1597,1597,1600,1598,1600,1598,1597,1597,1600,1597,1598,1595,1599,1598,1601,1597,1609,1599,1596,1597,1593,1597,1584,1594,1605,1598,1603,1597,1600,1597,1597,1600,1600,1597,1600,1598,1597,1599,1599,1599,1600,1613,1600,1593,1599,1577,1600,1597,1599,1600,1598,1599,1600,1599,1601,1597,1601,1599,1598,1600,1599,1600,1595,1604,1600,1597,1573,1596,1605,1596,1602,1593,1601,1600,1599,1598,1597,1600,1591,1600,1595,1600,1600,1596,1601,1594,1600,1602,1600,1599,1600,1599,1600,1600,1600,1600,1601,1591,1601,1595,1601,1599,1597,1596,1596,1600,1600,1599,1597,1599,1597,1602,1607,1598,1600,1600,1583,1599,1601,1600,1600,1600,1611,1599,1600,1600,1597,1594,1597,1591,1599,1600,1598,1600,1598,1610,1593,1600,1599,1598,1598,1594,1598,1600,1597,1599,1606,1600,1602,1594,1598,1599,1600,1601,1595,1600,1600,1600,1601,1596,1600,1600,1607,1601,1601,1598,1601,1597,1611,1595,1598,1597,1597,1597,1601,1600,1601,1598,1598,1598,1600,1600,1602,1599,1600,1600,1600,1600,1599,1597,1599,1598,1650,1598,1600,1601,1583,1598,1599,1600,1606,1597,1605,1603,1601,1601,1599,1600,1603,1609,1600,1599,1603,1594,1600,1601,1599,1613,1601,1602,1600,1599,1600,1598,1600,1595,1600,1599,1600,1599,1598,1598,1594,1599,1600,1599,1589,1601,1600,1600,1579,1600,1616,1600,1594,1597,1601,1598,1598,1597,1603,1600,1597,1599,1594,1602,1596,1603,1599,1589,1600,1600,1600,1649,1596,1596,1598,1583,1597,1599,1599,1600,1600
1600,1595,1592,1600,1620,1599,1649,1610,1611,1597,1611,1605,1603,1600,1601,1600,1600,1598,1603,1600,1600,1602,1601,1600,1601,1600,1604,1600,1600,1601,1594,1616,1600,1607,1606,1602,1606,1599,1601,1597,1600,1607,1598,1606,1612,1600,1610,1603,1603,1610,1587,1599,1613,1603,1568,1601,1607,1598,1600,1604,1598,1601,1600,1603,1600,1600,1595,1609,1594,1597,1611,1603,1584,1604,1616,1587,1600,1618,1584,1572,1636,1618,1562,1603,1628,1580,1610,1648,1545,1547,1655,1630,1535,1600,1647,1550,1603,1679,1545,1520,1696,1649,1503,1616,1648,1524,1613,1712,1513,1501,1712,1648,1498,1626,1643,1507,1637,1714,1506,1498,1712,1630,1514,1643,1625,1483,1648,1699,1505,1523,1686,1617,1542,1649,1600,1520,1648,1679,1524,1566,1663,1587,1582,1648,1579,1535,1664,1649,1563,1587,1617,1573,1600,1650,1599,1555,1648,1616,1566,1614,1616,1563,1619,1634,1565,1584,1635,1602,1584,1617,1594,1569,1626,1623,1570,1585,1627,1589,1600,1622,1590,1597,1629,1617,1575,1601,1614,1584,1606,1631,1583,1579,1625,1605,1586,1606,1610,1573,1610,1627,1570,1584,1629,1602,1570,1620,1600,1569,1626,1633,1566,1584,1633,1600,1593,1621,1591,1561,1632,1626,1557,1598,1626,1593,1590,1646,1585,1559,1633,1633,1561,1591,1630,1583,1597,1633,1585,1565,1633,1621,1570,1600,1623,1580,1600,1630,1584,1573,1655,1618,1567,1600,1618,1586,1577,1625,1615,1583,1606,1616,1585,1584,1616,1612,1584,1605,1604,1589,1601,1616,1589,1591,1603,1606,1591,1609,1602,1598,1600,1606,1600,1596,1607,1599,1595,1603,1600,1607,1601,1567,1599,1595,1596,1596,1600,1619,1600,1604,1600,1601,1603,1603,1597,1597,1594,1599,1579,1603,1600,1600,1600,1605,1600,1605,1611,1600,1600,1600,1600,1600,1601,1604,1593,1603,1610,1600,1598,1605,1593,1598,1604,1599,1601,1603,1600,1600,1600,1601,1600,1600,1599,1595,1603,1595,1600,1600,1598,1591,1600,1615,1600,1603,1601,1599,1601,1600,1601,1595,1600,1600,1598,1599,1603,1599,1600,1600,1597,1597,1602,1602,1589,1600,1598,1600,1600,1602,1595,1599,1615,1597,1598,1600,1601,1599,1601,1602,1594,1597,1600,1600,1600,1601,1600,1599,1600,1600,1597,1602,1600,1600,1600,1599,1602,1603,1600,1584,1600,1600,1607,1600,1604,1600,1602,1600,1600,1600,1598,1598,1598,1600,1602,1597,1588,1600,1601,1597,1598,1595,1616,1599,1598,1596,1601,1600,1603,1600,1600,1601,1600,1606,1600,1600,1601,1599,1599,1600,1597,1600,1600,1564,1597,1599,1600,1606,1600,1594,1598,1600,1604,1607,1600,1600,1602,1600,1600,1601,1600,1601,1595,1601,1600,1601,1603,1600,1601,1600,1601,1600,1601,1598,1598,1600,1601,1600,1600,1598,1597,1599,1600,1602,1594,1584,1598,1597,1594,1603,1600,1591,1598,1600,1599,1601,1597,1600,1595,1600,1598,1598,1601,1599,1593,1600,1598,1601,1596,1600,1598,1600,1600,1600,1600,1599,1601,1600,1601,1599,1601,1563,1600,1600,1600,1588,1604,1600,1597,1600,1606,1597,1600,1601,1602,1599,1601,1598,1599,1597,1591,1596,1600,1600,1577,1600,1611,1598,1600,1600,1600,1599,1600,1601,1600,1597,1600,1598,1598,1600,1598,1599,1598,1599,1599,1601,1601,1601,1600,1596,1597,1610,1600,1598,1598,1600,1588,1614,1598,1600,1598,1601,1594,1605,1597,1600,1600,1599,1600,1600,1595,1600,1594,1601
1603,1597,1601,1600,1598,1599,1601,1586,1610,1609,1591,1598,1600,1602,1602,1609,1591,1595,1611,1610,1607,1594,1596,1601,1600,1605,1602,1591,1600,1603,1593,1604,1602,1600,1583,1600,1600,1599,1598,1610,1593,1600,1609,1600,1595,1610,1607,1611,1600,1599,1605,1595,1599,1608,1599,1580,1601,1607,1601,1600,1606,1598,1601,1597,1600,1598,1599,1598,1603,1594,1594,1603,1603,1584,1616,1616,1574,1589,1636,1603,1566,1623,1591,1553,1614,1649,1535,1563,1670,1594,1554,1648,1598,1510,1662,1689,1486,1535,1711,1598,1520,1680,1590,1467,1694,1723,1442,1521,1739,1589,1517,1708,1571,1443,1713,1744,1429,1530,1735,1567,1535,1722,1557,1442,1715,1725,1459,1552,1720,1551,1550,1712,1554,1461,1718,1684,1483,1577,1677,1547,1590,1692,1552,1498,1680,1654,1524,1598,1645,1552,1606,1631,1564,1531,1648,1626,1556,1611,1616,1575,1606,1632,1571,1581,1616,1606,1589,1615,1588,1584,1610,1614,1600,1600,1586,1584,1634,1606,1585,1595,1617,1583,1602,1617,1591,1571,1634,1608,1577,1610,1606,1566,1616,1642,1567,1568,1635,1607,1569,1616,1604,1565,1620,1645,1563,1573,1645,1599,1571,1618,1600,1567,1626,1635,1571,1581,1673,1599,1583,1619,1613,1567,1618,1631,1574,1586,1623,1595,1593,1619,1597,1571,1614,1615,1578,1598,1615,1600,1596,1610,1590,1587,1600,1603,1590,1597,1600,1600,1594,1600,1600,1591,1596,1601,1607,1600,1587,1598,1598,1595,1601,1600,1599,1587,1600,1606,1585,1595,1602,1586,1598,1606,1598,1591,1603,1600,1587,1600,1600,1600,1606,1604,1600,1598,1606,1584,1595,1601,1600,1593,1600,1601,1598,1600,1611,1603,1599,1600,1597,1597,1602,1600,1593,1599,1607,1600,1600,1597,1590,1600,1598,1614,1603,1595,1600,1603,1591,1598,1600,1601,1591,1601,1599,1591,1600,1599,1590,1595,1605,1609,1600,1600,1600,1593,1600,1595,1594,1600,1602,1598,1591,1600,1597,1595,1605,1603,1595,1600,1589,1600,1585,1599,1605,1599,1600,1601,1597,1595,1610,1599,1600,1600,1602,1600,1600,1604,1600,1602,1601,1600,1596,1598,1600,1597,1600,1597,1600,1602,1601,1594,1598,1601,1600,1599,1590,1595,1597,1597,1600,1604,1600,1600,1600,1601,1599,1601,1598,1600,1599,1600,1598,1600,1598,1601,1596,1600,1597,1600,1600,1599,1600,1600,1602,1598,1602,1605,1600,1600,1600,1578,1597,1599,1600,1599,1598,1600,1600,1600,1598,1602,1589,1600,1600,1605,1596,1637,1600,1600,1595,1602,1595,1600,1601,1601,1590,1600,1599,1600,1603,1605,1600,1601,1598,1601,1602,1600,1600,1599,1619,1600,1600,1598,1602,1598,1598,1600,1600,1599,1601,1597,1605,1598,1602,1600,1595,1595,1597,1604,1597,1611,1600,1600,1601,1600,1600,1579,1600,1601,1597,1600,1597,1602,1600,1600,1601,1599,1601,1599,1602,1601,1615,1596,1600,1603,1602,1605,1601,1599,1610,1603,1599,1600,1600,1600,1599,1600,1604,1600,1603,1600,1602,1599,1600,1604,1601,1598,1607,1600,1603,1602,1590,1600,1599,1604,1599,1614,1599,1600,1603,1601,1600,1599,1605,1600,1602,1599,1603,1597,1603,1587,1605,1599,1602,1602,1603,1654,1600,1600,1601,1611,1606,1603,1600,1600,1606,1606,1600,1600,1605,1600,1602,1601,1611,1601,1605,1600,1596,1603,1577,1600,1602,1600,1589,1602,1603,1601,1600,1600,1601,1596,1604,1599,1599,1600,1598,1597,1599,1608,1600,1601
1598,1602,1604,1597,1605,1587,1600,1605,1594,1600,1609,1606,1600,1600,1605,1598,1600,1599,1588,1601,1600,1600,1593,1600,1606,1599,1604,1593,1600,1601,1602,1604,1601,1601,1605,1597,1603,1596,1595,1600,1596,1613,1597,1600,1611,1599,1606,1600,1601,1614,1594,1567,1600,1602,1598,1591,1602,1595,1605,1601,1591,1599,1601,1600,1596,1603,1598,1588,1601,1607,1584,1589,1627,1597,1560,1619,1587,1565,1601,1637,1543,1568,1663,1595,1557,1644,1595,1511,1664,1692,1478,1544,1712,1593,1526,1689,1578,1456,1712,1730,1423,1498,1760,1567,1509,1734,1565,1398,1747,1777,1379,1505,1840,1550,1515,1765,1551,1371,1780,1786,1367,1510,1781,1533,1521,1783,1520,1376,1769,1762,1392,1549,1745,1521,1558,1759,1520,1427,1744,1727,1447,1568,1707,1527,1584,1727,1534,1470,1702,1662,1489,1596,1661,1571,1596,1689,1555,1516,1665,1643,1546,1595,1634,1568,1600,1648,1579,1555,1646,1621,1569,1599,1611,1584,1614,1620,1587,1582,1597,1611,1586,1600,1605,1594,1597,1605,1595,1584,1602,1599,1585,1595,1600,1600,1594,1615,1597,1594,1598,1600,1597,1569,1598,1600,1594,1594,1600,1600,1595,1600,1604,1591,1603,1600,1590,1600,1602,1600,1600,1601,1599,1591,1586,1599,1597,1597,1600,1593,1602,1598,1600,1595,1602,1604,1593,1596,1599,1600,1599,1600,1598,1597,1605,1599,1600,1601,1602,1599,1600,1613,1594,1600,1600,1602,1601,1579,1600,1604,1599,1602,1597,1599,1600,1600,1600,1600,1599,1600,1598,1594,1597,1600,1600,1610,1601,1613,1600,1600,1600,1615,1600,1601,1600,1600,1600,1601,1599,1601,1603,1600,1604,1599,1600,1601,1607,1600,1597,1602,1600,1601,1603,1603,1600,1602,1602,1600,1600,1601,1600,1600,1600,1599,1600,1610,1600,1594,1603,1595,1601,1600,1597,1600,1598,1602,1600,1602,1591,1600,1599,1600,1616,1598,1598,1595,1578,1601,1602,1600,1603,1600,1600,1600,1605,1602,1601,1601,1618,1599,1597,1600,1600,1601,1601,1610,1600,1600,1603,1598,1600,1599,1600,1602,1598,1603,1599,1599,1605,1600,1599,1600,1603,1589,1600,1605,1596,1595,1608,1616,1597,1598,1595,1591,1606,1600,1599,1591,1604,1600,1600,1600,1600,1591,1601,1598,1582,1600,1600,1600,1600,1605,1600,1600,1597,1600,1597,1607,1596,1599,1604,1600,1590,1600,1597,1594,1599,1609,1590,1600,1603,1600,1600,1599,1600,1595,1600,1605,1587,1600,1603,1601,1605,1602,1601,1588,1602,1601,1595,1599,1599,1600,1600,1607,1598,1593,1603,1599,1598,1602,1601,1598,1600,1606,1598,1599,1600,1601,1599,1602,1599,1600,1600,1604,1600,1599,1600,1601,1600,1598,1599,1598,1600,1607,1599,1598,1600,1600,1597,1600,1597,1601,1599,1602,1600,1597,1603,1601,1601,1600,1603,1598,1603,1600,1600,1600,1570,1602,1600,1601,1584,1601,1601,1600,1599,1598,1595,1600,1595,1603,1599,1600,1600,1601,1578,1600,1580,1600,1600,1606,1599,1600,1600,1600,1599,1599,1597,1598,1600,1602,1600,1607,1604,1593,1602,1602,1600,1600,1602,1600,1600,1603,1600,1600,1601,1613,1602,1600,1601,1600,1597,1607,1598,1597,1600,1604,1600,1603,1601,1600,1600,1600,1597,1599,1600,1597,1600,1598,1598,1595,1594,1598,1603,1605,1616,1600,1598,1600,1596,1601,1603,1600,1599,1587,1600,1599,1600,1601,1600,1600,1597,1600,1597,1602,1597,1601,1600,1596,1600,1604,1600,1572
1600,1577,1577,1605,1591,1598,1609,1611,1600,1577,1597,1600,1582,1599,1597,1599,1600,1606,1605,1579,1601,1600,1581,1599,1598,1603,1600,1605,1599,1582,1610,1595,1584,1597,1600,1614,1601,1583,1601,1583,1611,1595,1579,1595,1606,1601,1594,1605,1603,1603,1593,1600,1601,1600,1597,1603,1603,1597,1607,1599,1584,1600,1590,1602,1600,1600,1598,1613,1587,1593,1623,1603,1569,1602,1608,1576,1615,1639,1559,1558,1659,1614,1552,1617,1618,1532,1626,1680,1518,1529,1705,1621,1516,1638,1623,1491,1650,1727,1473,1491,1747,1621,1494,1667,1621,1443,1680,1761,1431,1486,1766,1616,1486,1690,1600,1424,1707,1764,1423,1502,1751,1585,1515,1712,1575,1435,1710,1743,1439,1527,1723,1564,1553,1712,1557,1470,1711,1682,1476,1552,1680,1552,1587,1697,1535,1489,1690,1657,1513,1602,1647,1546,1613,1679,1551,1533,1663,1627,1520,1616,1600,1552,1600,1649,1559,1565,1634,1601,1581,1625,1600,1569,1617,1625,1575,1587,1616,1595,1590,1613,1590,1579,1614,1611,1590,1593,1605,1593,1601,1632,1586,1593,1601,1600,1591,1603,1601,1597,1603,1606,1599,1597,1605,1599,1603,1600,1600,1599,1600,1600,1591,1600,1594,1595,1601,1601,1595,1600,1605,1600,1601,1601,1598,1597,1601,1605,1593,1599,1600,1600,1600,1603,1597,1593,1600,1600,1600,1589,1600,1597,1603,1603,1599,1615,1598,1601,1600,1600,1600,1597,1600,1598,1597,1599,1602,1599,1601,1599,1601,1603,1598,1582,1599,1600,1599,1594,1595,1658,1599,1600,1599,1600,1598,1601,1602,1602,1600,1600,1596,1598,1600,1599,1600,1594,1600,1597,1601,1600,1602,1600,1600,1598,1599,1598,1600,1599,1595,1602,1599,1616,1600,1599,1598,1570,1600,1611,1600,1602,1600,1594,1600,1598,1602,1598,1600,1595,1604,1599,1598,1598,1595,1601,1602,1600,1600,1595,1600,1595,1598,1601,1600,1597,1600,1597,1580,1598,1611,1600,1601,1594,1655,1597,1595,1599,1598,1603,1598,1600,1600,1598,1601,1597,1601,1594,1600,1595,1600,1598,1600,1600,1594,1602,1599,1571,1595,1603,1599,1598,1600,1601,1597,1601,1598,1600,1595,1601,1598,1599,1602,1600,1601,1599,1610,1595,1593,1601,1584,1598,1584,1605,1582,1601,1601,1594,1599,1603,1597,1600,1596,1603,1594,1600,1599,1600,1599,1600,1603,1587,1603,1596,1575,1612,1600,1606,1600,1597,1596,1600,1600,1601,1598,1598,1600,1601,1590,1602,1600,1599,1600,1601,1569,1600,1601,1599,1579,1616,1599,1595,1593,1598,1601,1595,1603,1597,1599,1600,1600,1601,1600,1600,1600,1599,1600,1597,1603,1599,1600,1610,1600,1600,1594,1616,1601,1585,1598,1606,1606,1594,1600,1599,1597,1600,1599,1600,1600,1600,1600,1599,1599,1600,1597,1602,1597,1600,1598,1602,1600,1600,1601,1599,1600,1598,1603,1597,1601,1594,1600,1603,1603,1587,1598,1604,1595,1587,1600,1600,1600,1598,1600,1599,1603,1601,1602,1600,1602,1597,1599,1606,1601,1593,1600,1598,1600,1600,1595,1599,1599,1599,1603,1598,1601,1597,1601,1594,1606,1602,1600,1605,1600,1603,1600,1600,1602,1602,1600,1600,1599,1600,1600,1598,1601,1601,1598,1600,1600,1600,1613,1596,1614,1601,1600,1599,1600,1598,1600,1600,1600,1601,1600,1607,1599,1597,1595,1596,1597,1599,1600,1603,1597,1597,1600,1600,1603,1598,1600,1603,1603,1610,1602,1600,1615,1597,1600,1598,1601,1597,1601,1599,1607,1600
1599,1602,1601,1600,1602,1581,1607,1591,1583,1601,1600,1600,1601,1600,1602,1585,1597,1596,1584,1601,1600,1603,1621,1600,1601,1582,1601,1600,1586,1597,1597,1601,1597,1604,1600,1586,1602,1600,1585,1600,1604,1597,1599,1589,1600,1601,1600,1595,1602,1586,1599,1604,1599,1594,1599,1601,1595,1600,1602,1598,1605,1595,1599,1595,1605,1604,1604,1597,1605,1585,1600,1616,1600,1586,1623,1600,1575,1600,1615,1580,1600,1633,1567,1569,1647,1621,1556,1600,1621,1553,1611,1651,1545,1519,1677,1637,1530,1616,1629,1579,1619,1681,1525,1530,1683,1619,1524,1625,1616,1523,1630,1689,1526,1521,1681,1619,1526,1631,1614,1529,1632,1679,1527,1557,1669,1612,1552,1631,1605,1532,1628,1663,1551,1551,1647,1591,1570,1623,1602,1559,1614,1633,1571,1577,1622,1603,1584,1607,1603,1579,1602,1616,1587,1587,1610,1600,1598,1602,1601,1593,1600,1603,1589,1593,1605,1598,1603,1599,1614,1599,1649,1593,1627,1597,1596,1606,1596,1593,1603,1610,1590,1599,1602,1597,1600,1599,1600,1596,1600,1609,1591,1595,1606,1601,1599,1600,1598,1599,1607,1598,1598,1601,1599,1598,1600,1599,1600,1596,1605,1601,1586,1601,1572,1596,1599,1600,1615,1596,1603,1602,1600,1600,1616,1599,1600,1600,1595,1600,1600,1598,1597,1591,1599,1598,1600,1602,1595,1602,1600,1602,1600,1599,1597,1597,1598,1602,1597,1595,1600,1599,1595,1606,1597,1595,1600,1600,1599,1600,1598,1575,1597,1601,1599,1598,1600,1600,1600,1615,1599,1598,1599,1601,1602,1605,1597,1600,1600,1598,1595,1601,1595,1596,1600,1601,1599,1602,1612,1599,1611,1601,1659,1598,1601,1600,1600,1600,1589,1600,1600,1597,1599,1597,1598,1601,1597,1602,1598,1598,1598,1597,1599,1600,1601,1601,1602,1601,1598,1600,1602,1598,1601,1598,1599,1597,1600,1601,1616,1599,1597,1598,1601,1600,1597,1600,1600,1600,1601,1598,1597,1597,1598,1606,1600,1600,1607,1596,1555,1600,1600,1594,1600,1593,1598,1595,1597,1600,1601,1602,1600,1595,1595,1600,1598,1609,1600,1599,1597,1603,1602,1600,1600,1599,1600,1600,1600,1594,1598,1599,1598,1603,1600,1599,1603,1593,1584,1600,1586,1601,1590,1599,1609,1598,1600,1601,1600,1600,1629,1599,1600,1597,1597,1600,1597,1599,1601,1600,1600,1595,1601,1584,1594,1600,1596,1609,1598,1602,1599,1602,1598,1598,1595,1605,1598,1617,1600,1600,1600,1600,1600,1598,1601,1598,1595,1597,1599,1600,1599,1597,1601,1600,1603,1600,1595,1601,1600,1600,1604,1603,1602,1595,1600,1600,1600,1591,1600,1595,1597,1596,1600,1594,1594,1603,1591,1591,1600,1600,1598,1572,1600,1595,1595,1600,1595,1584,1600,1601,1600,1596,1600,1598,1600,1595,1603,1600,1600,1599,1600,1601,1601,1595,1589,1595,1596,1597,1597,1599,1581,1595,1600,1598,1594,1598,1597,1600,1594,1600,1600,1601,1597,1597,1600,1597,1599,1600,1598,1599,1597,1600,1598,1600,1599,1594,1597,1597,1589,1600,1600,1648,1598,1604,1598,1591,1603,1598,1600,1599,1597,1596,1599,1595,1600,1601,1593,1598,1599,1597,1600,1599,1595,1600,1596,1595,1597,1594,1597,1600,1603,1601,1593,1600,1633,1600,1607,1595,1575,1599,1603,1598,1591,1594,1605,1593,1600,1595,1591,1600,1598,1599,1601,1598,1598,1591,1598,1598,1593,1598,1599,1591,1596,1609,1595,1587,1599,1601,1597,1598,1597,1619,1597,1600
1607,1600,1597,1601,1603,1581,1610,1591,1584,1597,1594,1589,1600,1612,1603,1601,1618,1591,1584,1601,1596,1605,1601,1600,1598,1586,1601,1595,1584,1601,1598,1601,1589,1605,1604,1583,1603,1599,1585,1600,1600,1600,1600,1604,1603,1603,1599,1598,1600,1598,1594,1604,1595,1600,1600,1610,1599,1596,1602,1649,1596,1600,1593,1600,1602,1613,1591,1600,1603,1601,1600,1609,1595,1593,1614,1609,1585,1591,1625,1600,1598,1616,1620,1584,1612,1626,1575,1584,1616,1600,1587,1618,1594,1568,1622,1631,1558,1584,1632,1603,1581,1618,1603,1569,1616,1627,1571,1558,1643,1600,1571,1594,1616,1566,1616,1645,1575,1567,1635,1611,1569,1610,1613,1571,1607,1634,1583,1573,1625,1612,1620,1604,1613,1584,1593,1623,1587,1578,1623,1613,1585,1595,1611,1585,1599,1617,1595,1583,1616,1612,1589,1598,1610,1599,1595,1612,1596,1591,1601,1604,1590,1595,1601,1599,1600,1600,1595,1593,1597,1601,1587,1594,1612,1600,1597,1600,1599,1600,1600,1602,1598,1601,1603,1603,1609,1597,1631,1599,1629,1598,1600,1595,1600,1599,1596,1598,1600,1601,1596,1598,1597,1600,1597,1589,1600,1595,1595,1599,1598,1600,1600,1597,1597,1600,1600,1605,1600,1600,1600,1599,1600,1600,1601,1599,1600,1600,1599,1601,1603,1602,1599,1600,1571,1599,1597,1600,1603,1600,1602,1601,1598,1598,1600,1594,1601,1593,1596,1596,1600,1598,1596,1609,1601,1609,1600,1613,1605,1600,1602,1600,1600,1600,1601,1602,1603,1601,1601,1600,1602,1599,1600,1600,1600,1601,1599,1591,1599,1601,1600,1594,1596,1570,1595,1594,1597,1611,1600,1597,1600,1600,1600,1601,1605,1600,1600,1600,1601,1598,1616,1602,1584,1596,1603,1598,1597,1600,1584,1600,1600,1602,1616,1602,1600,1602,1600,1601,1600,1600,1600,1599,1599,1600,1600,1599,1600,1606,1600,1595,1599,1611,1597,1606,1595,1605,1600,1600,1598,1587,1601,1599,1599,1598,1600,1596,1601,1600,1602,1602,1602,1602,1600,1600,1600,1599,1598,1599,1602,1596,1605,1594,1601,1597,1600,1600,1599,1600,1597,1585,1599,1617,1600,1608,1597,1601,1602,1598,1600,1597,1601,1600,1599,1600,1600,1590,1597,1602,1599,1616,1599,1603,1597,1600,1599,1603,1595,1601,1599,1601,1595,1603,1602,1599,1587,1600,1595,1603,1594,1600,1601,1603,1599,1602,1606,1601,1600,1600,1597,1598,1600,1603,1600,1599,1602,1600,1602,1601,1601,1575,1605,1585,1600,1603,1606,1600,1604,1613,1602,1591,1602,1600,1600,1600,1611,1602,1603,1599,1600,1599,1613,1600,1609,1600,1602,1600,1601,1600,1653,1600,1600,1600,1600,1601,1602,1597,1600,1605,1602,1600,1601,1598,1601,1604,1599,1598,1601,1607,1600,1616,1603,1635,1601,1605,1603,1602,1600,1600,1601,1604,1600,1600,1600,1601,1600,1600,1602,1600,1599,1602,1595,1602,1594,1600,1600,1599,1575,1603,1597,1605,1595,1600,1604,1601,1603,1600,1599,1600,1601,1597,1607,1597,1600,1600,1590,1600,1603,1603,1594,1601,1599,1600,1613,1601,1610,1600,1599,1600,1594,1602,1600,1604,1597,1601,1597,1601,1600,1605,1600,1600,1600,1600,1600,1600,1600,1600,1599,1605,1600,1597,1600,1595,1600,1597,1615,1599,1601,1600,1607,1600,1607,1602,1614,1600,1600,1600,1606,1600,1600,1602,1605,1599,1613,1602,1573,1605,1605,1601,1600,1603,1600,1598,1596,1599,1599,1600,1602,1610,1600,1602,1600,1601
1599,1598,1600,1600,1593,1594,1609,1600,1600,1616,1597,1585,1603,1605,1586,1592,1600,1600,1594,1605,1599,1597,1601,1603,1594,1600,1597,1600,1583,1600,1594,1596,1616,1600,1595,1600,1598,1603,1592,1602,1603,1594,1602,1605,1607,1595,1593,1602,1600,1595,1605,1600,1593,1598,1603,1589,1600,1600,1599,1568,1602,1600,1598,1600,1602,1597,1600,1605,1597,1593,1609,1605,1587,1598,1617,1590,1592,1616,1594,1570,1617,1626,1570,1588,1680,1590,1582,1633,1606,1547,1648,1645,1526,1574,1658,1581,1579,1663,1567,1519,1664,1665,1511,1571,1667,1574,1575,1683,1563,1499,1679,1665,1501,1587,1663,1562,1584,1678,1559,1513,1668,1655,1520,1586,1648,1556,1596,1665,1559,1526,1658,1640,1552,1596,1619,1569,1600,1646,1569,1565,1635,1616,1570,1603,1604,1607,1603,1637,1586,1582,1614,1606,1589,1601,1600,1584,1602,1602,1593,1603,1600,1595,1603,1665,1594,1601,1601,1589,1609,1606,1590,1587,1609,1597,1587,1614,1599,1585,1613,1609,1591,1600,1604,1587,1600,1616,1602,1575,1616,1610,1583,1598,1604,1587,1603,1625,1584,1583,1616,1615,1584,1613,1600,1579,1615,1619,1573,1558,1616,1591,1586,1616,1597,1571,1614,1612,1574,1600,1616,1587,1597,1619,1596,1575,1617,1615,1579,1599,1616,1584,1607,1616,1600,1575,1617,1606,1573,1601,1610,1590,1597,1612,1586,1588,1613,1613,1584,1598,1605,1600,1597,1612,1598,1598,1603,1600,1599,1589,1604,1607,1594,1590,1603,1600,1590,1600,1600,1590,1600,1606,1591,1587,1611,1598,1593,1600,1600,1596,1603,1601,1591,1601,1609,1604,1586,1608,1602,1591,1603,1602,1586,1589,1607,1602,1597,1597,1601,1590,1601,1607,1595,1591,1601,1598,1579,1601,1587,1597,1595,1600,1600,1591,1600,1597,1598,1601,1598,1595,1600,1601,1594,1600,1607,1600,1594,1600,1593,1596,1595,1603,1591,1600,1600,1599,1599,1598,1598,1599,1587,1600,1588,1599,1590,1600,1600,1600,1598,1593,1603,1599,1599,1597,1607,1593,1591,1600,1603,1599,1599,1593,1599,1603,1596,1599,1599,1596,1598,1600,1598,1599,1599,1595,1599,1594,1597,1600,1600,1594,1598,1600,1599,1597,1600,1596,1597,1584,1600,1618,1597,1595,1600,1600,1597,1600,1595,1598,1605,1602,1600,1599,1599,1598,1601,1598,1602,1599,1587,1597,1579,1595,1599,1598,1600,1600,1599,1600,1599,1597,1598,1599,1599,1598,1601,1590,1598,1603,1597,1595,1603,1598,1595,1578,1600,1600,1599,1602,1600,1602,1599,1599,1602,1596,1600,1600,1603,1598,1591,1600,1600,1595,1600,1599,1602,1599,1589,1600,1573,1600,1600,1594,1605,1600,1599,1593,1601,1600,1597,1602,1600,1599,1600,1598,1602,1598,1600,1597,1599,1599,1598,1593,1599,1653,1603,1599,1600,1590,1597,1595,1598,1595,1600,1598,1603,1599,1595,1595,1596,1597,1601,1600,1597,1600,1600,1597,1587,1597,1583,1600,1599,1599,1600,1595,1600,1600,1597,1600,1599,1597,1599,1600,1595,1600,1600,1603,1600,1595,1597,1600,1598,1600,1599,1600,1598,1600,1601,1600,1600,1587,1597,1611,1601,1579,1599,1597,1598,1579,1601,1600,1599,1598,1600,1600,1603,1603,1600,1600,1596,1616,1597,1574,1603,1585,1600,1596,1600,1595,1600,1598,1600,1598,1606,1597,1593,1610,1600,1602,1601,1595,1584,1599,1601,1601,1600,1599,1616,1598,1600,1597,1600,1600,1600,1600,1597,1601,1600,1601,1599,1597,1600,1600
1601,1600,1584,1601,1591,1600,1597,1618,1597,1584,1603,1600,1584,1597,1591,1568,1601,1606,1600,1585,1601,1599,1584,1601,1597,1603,1597,1601,1589,1589,1594,1594,1589,1597,1600,1603,1613,1600,1600,1584,1616,1599,1579,1600,1600,1595,1600,1605,1605,1601,1600,1597,1607,1594,1600,1593,1600,1610,1600,1648,1598,1599,1601,1600,1597,1596,1602,1603,1587,1600,1607,1595,1593,1616,1589,1585,1616,1618,1582,1598,1635,1583,1593,1637,1591,1549,1668,1634,1533,1597,1655,1558,1598,1667,1552,1513,1682,1655,1501,1595,1664,1535,1594,1703,1523,1487,1713,1675,1473,1600,1675,1517,1616,1724,1511,1472,1725,1664,1481,1614,1648,1502,1616,1726,1518,1493,1716,1648,1506,1620,1633,1509,1626,1691,1520,1520,1678,1613,1526,1630,1601,1527,1631,1664,1535,1562,1650,1591,1577,1631,1594,1552,1631,1635,1565,1598,1619,1601,1599,1619,1587,1584,1621,1611,1585,1602,1607,1619,1600,1611,1587,1587,1600,1600,1603,1603,1599,1597,1598,1600,1583,1601,1600,1590,1609,1600,1581,1604,1635,1584,1616,1607,1584,1593,1614,1593,1593,1613,1590,1578,1617,1607,1584,1595,1617,1580,1600,1591,1586,1578,1616,1601,1577,1604,1611,1587,1598,1626,1587,1580,1615,1607,1581,1599,1606,1584,1600,1615,1586,1581,1616,1610,1581,1600,1611,1586,1607,1616,1599,1587,1595,1605,1597,1601,1599,1585,1600,1609,1585,1590,1607,1601,1588,1601,1607,1585,1611,1598,1600,1593,1598,1611,1605,1598,1607,1597,1594,1600,1598,1590,1600,1600,1593,1597,1600,1598,1595,1597,1597,1594,1600,1599,1593,1601,1599,1643,1600,1599,1600,1600,1600,1606,1600,1603,1599,1600,1597,1598,1599,1600,1603,1600,1604,1600,1600,1600,1604,1601,1600,1600,1600,1600,1603,1600,1600,1597,1603,1597,1600,1605,1600,1594,1601,1595,1600,1600,1599,1571,1600,1578,1600,1598,1601,1598,1600,1603,1597,1600,1597,1610,1600,1601,1599,1595,1595,1600,1600,1600,1600,1600,1602,1602,1597,1597,1600,1603,1593,1600,1586,1601,1588,1602,1615,1597,1600,1598,1619,1597,1602,1597,1600,1600,1600,1599,1600,1597,1594,1592,1601,1600,1600,1601,1600,1595,1597,1611,1595,1612,1599,1589,1600,1594,1602,1593,1600,1599,1599,1600,1601,1600,1602,1600,1602,1597,1600,1597,1603,1594,1604,1599,1591,1599,1600,1603,1601,1603,1601,1600,1600,1600,1600,1600,1601,1600,1600,1598,1602,1601,1599,1598,1598,1602,1599,1601,1597,1613,1602,1600,1600,1604,1598,1601,1598,1584,1596,1603,1602,1600,1600,1600,1601,1600,1599,1603,1606,1600,1600,1598,1648,1600,1595,1600,1605,1599,1606,1597,1589,1600,1599,1603,1601,1602,1601,1600,1598,1600,1597,1603,1599,1601,1599,1600,1599,1593,1597,1586,1596,1600,1595,1610,1601,1603,1600,1587,1601,1595,1601,1598,1600,1597,1599,1601,1600,1600,1599,1599,1595,1600,1597,1601,1602,1598,1598,1598,1600,1600,1598,1602,1597,1600,1643,1600,1599,1591,1589,1595,1614,1600,1603,1599,1601,1598,1595,1600,1599,1599,1605,1601,1599,1602,1581,1598,1597,1599,1597,1598,1600,1600,1599,1602,1601,1600,1602,1600,1598,1593,1598,1600,1598,1627,1598,1600,1601,1587,1602,1603,1602,1602,1600,1601,1595,1598,1595,1599,1599,1599,1607,1595,1599,1599,1598,1595,1599,1600,1597,1619,1599,1595,1653,1600,1600,1599,1601,1603,1599,1600,1595,1594,1599,1600
