1600,1599,1600,1600,1585,1597,1590,1597,1601,1604,1611,1584,1610,1596,1587,1597,1589,1602,1605,1603,1600,1582,1598,1595,1585,1605,1591,1601,1600,1614,1600,1587,1600,1605,1585,1605,1602,1600,1597,1614,1601,1584,1603,1600,1602,1600,1599,1607,1600,1597,1606,1605,1594,1600,1600,1606,1617,1595,1600,1598,1599,1600,1607,1598,1598,1603,1593,1593,1605,1614,1580,1587,1628,1604,1569,1616,1607,1567,1619,1660,1527,1600,1681,1629,1527,1638,1616,1507,1638,1712,1477,1502,1743,1626,1482,1665,1635,1441,1680,1776,1409,1457,1809,1633,1438,1712,1631,1389,1722,1831,1377,1440,1821,1608,1456,1734,1598,1363,1744,1818,1373,1473,1798,1584,1494,1744,1562,1392,1744,1743,1413,1530,1741,1535,1552,1743,1535,1446,1726,1689,1469,1581,1675,1523,1604,1710,1531,1495,1691,1643,1527,1616,1627,1527,1636,1673,1535,1564,1649,1598,1567,1636,1582,1552,1639,1635,1558,1603,1609,1580,1616,1639,1569,1570,1637,1597,1584,1622,1589,1561,1644,1631,1563,1595,1625,1569,1607,1637,1573,1567,1637,1612,1558,1617,1599,1570,1630,1637,1565,1578,1627,1600,1581,1631,1591,1568,1627,1623,1570,1593,1612,1585,1591,1632,1583,1570,1625,1616,1579,1602,1609,1577,1606,1628,1582,1582,1622,1588,1586,1602,1605,1571,1616,1616,1581,1586,1616,1610,1585,1600,1597,1584,1615,1616,1584,1595,1616,1597,1571,1611,1609,1585,1602,1610,1593,1597,1603,1611,1587,1600,1609,1600,1601,1602,1598,1590,1602,1609,1591,1600,1609,1602,1600,1601,1601,1594,1600,1607,1594,1584,1616,1602,1599,1602,1610,1593,1600,1600,1598,1597,1607,1600,1600,1597,1602,1597,1598,1609,1600,1595,1605,1600,1601,1605,1603,1597,1601,1606,1600,1599,1603,1599,1599,1584,1600,1600,1600,1602,1595,1601,1597,1606,1600,1601,1609,1600,1603,1599,1586,1602,1585,1606,1600,1598,1603,1600,1597,1600,1601,1590,1600,1604,1599,1600,1600,1600,1600,1600,1600,1596,1600,1600,1596,1600,1600,1616,1601,1606,1601,1594,1603,1605,1595,1617,1600,1603,1597,1606,1598,1600,1600,1602,1597,1605,1600,1600,1605,1598,1601,1599,1602,1600,1598,1601,1600,1598,1608,1612,1599,1594,1600,1600,1601,1585,1597,1591,1603,1599,1600,1595,1605,1589,1605,1601,1601,1601,1607,1598,1603,1595,1601,1601,1600,1554,1599,1597,1598,1600,1602,1601,1600,1599,1598,1600,1598,1600,1599,1602,1601,1600,1601,1600,1600,1602,1602,1602,1574,1600,1602,1600,1600,1600,1601,1600,1600,1603,1600,1600,1599,1600,1601,1604,1600,1602,1600,1648,1600,1616,1601,1602,1599,1596,1597,1602,1600,1599,1601,1603,1598,1602,1600,1599,1601,1601,1599,1602,1599,1595,1601,1603,1585,1600,1614,1601,1589,1602,1603,1598,1601,1600,1599,1603,1604,1595,1599,1603,1600,1595,1600,1607,1600,1602,1601,1599,1601,1615,1600,1610,1602,1581,1570,1607,1600,1600,1601,1603,1600,1601,1595,1601,1600,1601,1601,1600,1599,1603,1601,1600,1601,1585,1597,1607,1597,1599,1603,1601,1602,1621,1600,1600,1602,1600,1601,1604,1602,1601,1597,1599,1600,1600,1595,1599,1590,1602,1609,1600,1626,1602,1607,1600,1601,1600,1600,1600,1599,1604,1599,1594,1602,1600,1606,1599,1599,1601,1600,1604,1602,1599,1601,1605,1599,1599,1600,1606,1603,1600,1596,1600,1605,1600,1583,1597,1583,1605,1605,1594,1589,1600,1600,1605
1600,1600,1607,1601,1585,1601,1597,1602,1605,1609,1607,1585,1607,1598,1584,1601,1600,1604,1605,1606,1601,1600,1606,1584,1594,1589,1600,1602,1597,1607,1603,1592,1602,1599,1587,1605,1601,1595,1600,1604,1601,1599,1605,1601,1612,1599,1602,1600,1601,1599,1607,1602,1600,1600,1601,1601,1600,1606,1609,1607,1586,1602,1588,1600,1607,1604,1599,1591,1611,1613,1584,1590,1635,1606,1575,1615,1616,1565,1631,1648,1547,1559,1677,1611,1550,1623,1611,1511,1660,1699,1487,1525,1742,1620,1500,1678,1615,1456,1693,1760,1424,1487,1786,1616,1463,1713,1602,1407,1743,1799,1386,1478,1805,1587,1488,1744,1568,1392,1748,1786,1397,1510,1761,1553,1547,1750,1535,1416,1745,1739,1426,1584,1712,1523,1596,1738,1515,1458,1741,1700,1479,1620,1648,1511,1634,1721,1499,1503,1711,1621,1522,1649,1606,1502,1664,1691,1509,1553,1693,1593,1568,1655,1575,1523,1664,1663,1526,1581,1651,1580,1593,1651,1573,1535,1648,1642,1555,1599,1628,1577,1605,1635,1584,1568,1632,1639,1573,1617,1613,1600,1610,1626,1586,1573,1621,1603,1585,1610,1601,1586,1600,1621,1593,1594,1611,1600,1591,1609,1602,1593,1608,1606,1591,1602,1601,1604,1601,1599,1600,1612,1600,1637,1607,1605,1602,1600,1603,1647,1603,1610,1599,1600,1603,1611,1600,1612,1600,1594,1600,1590,1598,1603,1603,1600,1600,1606,1594,1593,1601,1616,1600,1595,1600,1589,1593,1607,1604,1603,1595,1602,1601,1601,1606,1598,1602,1611,1600,1599,1602,1597,1597,1598,1601,1605,1600,1602,1606,1596,1601,1600,1598,1600,1597,1605,1614,1604,1615,1603,1612,1600,1612,1600,1599,1603,1601,1601,1605,1600,1595,1601,1601,1602,1600,1603,1600,1603,1600,1601,1598,1585,1604,1601,1605,1600,1600,1611,1602,1599,1599,1604,1600,1600,1606,1601,1602,1589,1600,1600,1595,1600,1595,1600,1584,1606,1601,1598,1613,1599,1600,1604,1598,1600,1603,1600,1599,1603,1600,1603,1601,1600,1600,1599,1605,1598,1599,1611,1600,1607,1600,1608,1593,1610,1600,1600,1605,1601,1600,1599,1600,1604,1606,1600,1598,1602,1597,1607,1610,1600,1609,1600,1601,1604,1595,1602,1600,1600,1600,1596,1595,1602,1600,1601,1597,1601,1602,1602,1598,1598,1600,1610,1607,1591,1600,1598,1597,1603,1600,1603,1601,1602,1600,1595,1604,1599,1603,1605,1598,1602,1605,1600,1603,1605,1585,1601,1586,1603,1600,1601,1599,1603,1604,1600,1603,1599,1599,1600,1597,1600,1600,1599,1597,1601,1590,1600,1603,1599,1600,1603,1600,1599,1605,1600,1603,1600,1599,1601,1600,1600,1605,1600,1600,1599,1601,1599,1602,1602,1613,1600,1605,1599,1600,1599,1600,1596,1605,1600,1600,1602,1602,1600,1595,1600,1573,1599,1605,1598,1605,1601,1600,1602,1601,1600,1600,1602,1601,1598,1599,1603,1603,1602,1600,1594,1602,1570,1600,1606,1601,1611,1598,1603,1600,1603,1593,1599,1607,1603,1600,1600,1600,1597,1604,1599,1598,1603,1600,1599,1600,1607,1604,1596,1601,1601,1600,1610,1599,1605,1600,1601,1601,1596,1605,1593,1601,1602,1595,1600,1598,1599,1600,1601,1603,1598,1597,1600,1601,1599,1616,1600,1603,1601,1595,1594,1601,1600,1601,1600,1597,1598,1604,1600,1600,1600,1600,1601,1600,1600,1600,1581,1600,1600,1598,1601,1600,1584,1600,1600,1600,1609,1601,1602,1600,1599,1600,1600,1600,1602,1600,1594,1601,1601
1600,1603,1553,1596,1597,1606,1604,1607,1600,1584,1604,1599,1586,1600,1593,1605,1600,1609,1613,1585,1594,1593,1588,1600,1596,1607,1606,1601,1604,1583,1600,1603,1590,1600,1599,1603,1600,1607,1600,1585,1602,1601,1606,1600,1599,1611,1600,1600,1602,1605,1598,1600,1614,1601,1595,1597,1601,1600,1600,1606,1599,1595,1602,1607,1585,1600,1616,1598,1573,1608,1607,1584,1602,1629,1566,1574,1646,1605,1552,1622,1614,1535,1635,1681,1502,1531,1712,1614,1507,1655,1616,1471,1677,1733,1444,1484,1779,1616,1461,1687,1621,1405,1713,1809,1383,1446,1823,1620,1442,1729,1600,1372,1744,1830,1361,1456,1814,1595,1478,1744,1575,1377,1735,1796,1401,1500,1766,1566,1525,1738,1555,1423,1721,1731,1456,1552,1691,1552,1581,1702,1551,1491,1680,1644,1525,1615,1621,1584,1623,1654,1551,1562,1635,1594,1587,1633,1584,1558,1642,1618,1559,1605,1603,1570,1619,1639,1547,1573,1645,1598,1578,1622,1597,1556,1631,1638,1554,1584,1630,1589,1588,1630,1586,1572,1623,1611,1573,1601,1618,1605,1600,1622,1583,1573,1626,1613,1581,1594,1602,1585,1609,1618,1602,1583,1618,1605,1585,1597,1610,1586,1600,1611,1591,1584,1603,1603,1571,1600,1597,1591,1599,1607,1600,1587,1604,1602,1595,1598,1601,1597,1597,1600,1600,1594,1600,1607,1587,1593,1601,1603,1597,1598,1607,1593,1600,1607,1595,1586,1609,1598,1591,1597,1600,1594,1590,1605,1600,1590,1600,1609,1584,1589,1606,1606,1593,1603,1601,1573,1600,1611,1587,1591,1609,1616,1589,1602,1600,1594,1603,1602,1585,1599,1607,1594,1595,1600,1600,1595,1602,1600,1607,1600,1614,1594,1602,1597,1600,1591,1599,1596,1598,1602,1605,1591,1582,1599,1593,1600,1600,1597,1594,1602,1599,1598,1599,1601,1595,1607,1600,1620,1595,1607,1600,1584,1601,1597,1601,1591,1600,1595,1592,1600,1599,1600,1595,1599,1591,1600,1599,1600,1639,1604,1594,1601,1598,1604,1603,1599,1597,1598,1595,1607,1600,1596,1600,1595,1596,1598,1600,1595,1593,1603,1593,1600,1600,1600,1591,1600,1600,1593,1598,1600,1597,1600,1594,1600,1599,1600,1594,1595,1597,1601,1600,1594,1601,1599,1603,1599,1600,1594,1599,1600,1599,1599,1600,1594,1599,1594,1606,1598,1600,1594,1600,1597,1602,1591,1599,1597,1600,1598,1601,1595,1600,1600,1596,1598,1600,1600,1598,1616,1598,1604,1595,1599,1602,1602,1600,1599,1599,1600,1600,1600,1602,1601,1599,1600,1597,1600,1600,1595,1600,1599,1602,1598,1591,1597,1584,1597,1583,1600,1600,1600,1599,1599,1599,1596,1600,1603,1594,1599,1602,1598,1594,1598,1594,1600,1603,1594,1595,1600,1599,1567,1601,1586,1596,1600,1599,1598,1600,1600,1599,1600,1600,1600,1598,1601,1593,1599,1602,1600,1591,1602,1594,1597,1597,1600,1594,1600,1603,1600,1601,1600,1600,1601,1600,1594,1601,1600,1600,1594,1591,1600,1600,1599,1595,1601,1582,1596,1590,1600,1600,1600,1587,1594,1600,1603,1600,1600,1600,1600,1597,1604,1597,1600,1603,1601,1595,1602,1599,1600,1602,1607,1599,1600,1598,1598,1600,1601,1599,1611,1596,1600,1597,1598,1598,1605,1599,1601,1600,1599,1600,1595,1598,1603,1600,1601,1610,1598,1601,1600,1599,1600,1600,1600,1597,1598,1600,1600,1600,1603,1598,1590,1600,1597,1600,1599,1600,1602,1598,1599,1602,1598,1591,1598,1596,1605,1595,1600,1595,1600
1601,1600,1587,1600,1591,1595,1600,1604,1601,1590,1612,1596,1591,1600,1591,1602,1599,1606,1600,1594,1610,1600,1598,1603,1595,1603,1601,1610,1600,1594,1607,1600,1590,1600,1602,1600,1600,1601,1598,1586,1609,1600,1589,1600,1600,1604,1599,1613,1610,1615,1594,1595,1610,1595,1598,1582,1599,1598,1609,1604,1589,1598,1610,1600,1595,1607,1600,1585,1610,1616,1579,1586,1616,1611,1555,1603,1617,1584,1606,1652,1549,1535,1686,1632,1504,1616,1648,1520,1625,1727,1488,1474,1757,1665,1452,1632,1677,1461,1644,1799,1433,1472,1824,1684,1392,1661,1694,1417,1655,1846,1394,1377,1865,1699,1359,1670,1696,1378,1666,1872,1385,1361,1854,1694,1379,1674,1667,1399,1667,1840,1423,1408,1811,1669,1431,1654,1663,1450,1642,1771,1478,1459,1739,1651,1488,1633,1646,1503,1616,1703,1535,1510,1676,1638,1533,1602,1632,1570,1589,1645,1579,1552,1621,1638,1568,1581,1645,1600,1573,1614,1616,1581,1602,1625,1584,1571,1630,1619,1569,1591,1622,1590,1591,1627,1595,1567,1617,1626,1577,1587,1623,1599,1590,1616,1597,1579,1616,1620,1575,1593,1619,1597,1585,1616,1607,1565,1613,1616,1591,1587,1614,1602,1595,1607,1603,1584,1609,1616,1584,1590,1616,1602,1595,1604,1601,1586,1603,1616,1614,1586,1612,1603,1590,1601,1600,1593,1602,1613,1590,1587,1613,1611,1591,1598,1600,1600,1604,1606,1596,1593,1611,1597,1598,1600,1614,1601,1600,1598,1600,1594,1602,1600,1594,1600,1609,1601,1598,1600,1602,1598,1599,1608,1600,1584,1603,1600,1600,1610,1599,1594,1612,1609,1599,1594,1607,1600,1600,1605,1598,1591,1601,1607,1594,1603,1602,1598,1597,1607,1587,1599,1609,1598,1596,1607,1600,1593,1601,1609,1595,1600,1600,1600,1601,1616,1595,1591,1610,1602,1594,1602,1602,1590,1600,1605,1598,1611,1603,1603,1591,1602,1601,1600,1600,1605,1599,1600,1600,1601,1600,1600,1599,1599,1603,1602,1598,1600,1601,1600,1599,1601,1600,1600,1609,1600,1600,1597,1601,1596,1597,1603,1601,1610,1600,1597,1599,1601,1599,1602,1597,1600,1603,1593,1604,1600,1601,1590,1599,1604,1600,1599,1593,1609,1597,1602,1600,1599,1599,1600,1600,1600,1609,1599,1600,1598,1593,1603,1600,1603,1613,1597,1600,1595,1602,1602,1597,1600,1609,1599,1600,1600,1600,1599,1598,1600,1602,1601,1599,1595,1600,1602,1601,1616,1600,1601,1600,1596,1591,1603,1600,1600,1597,1599,1600,1599,1595,1600,1600,1603,1600,1589,1602,1600,1613,1599,1629,1594,1595,1599,1584,1601,1605,1599,1596,1600,1600,1600,1600,1601,1600,1595,1597,1602,1605,1597,1600,1596,1601,1595,1599,1616,1600,1614,1603,1587,1591,1595,1600,1599,1600,1600,1591,1600,1600,1600,1591,1605,1597,1600,1600,1597,1607,1599,1575,1594,1593,1600,1599,1601,1601,1594,1598,1600,1594,1599,1600,1598,1595,1595,1601,1597,1601,1600,1601,1595,1606,1598,1583,1598,1591,1595,1597,1599,1627,1600,1600,1598,1601,1597,1592,1595,1599,1597,1597,1601,1597,1600,1599,1598,1597,1600,1598,1606,1598,1598,1605,1595,1600,1593,1596,1601,1600,1595,1597,1601,1600,1596,1600,1598,1598,1600,1600,1599,1601,1598,1599,1606,1595,1593,1601,1600,1593,1597,1603,1600,1590,1594,1602,1600,1598,1600,1601,1595,1596,1597,1602,1600,1600,1590,1601,1594,1600,1598,1594,1598,1600,1594,1599,1591,1597,1602
1594,1603,1597,1600,1611,1600,1601,1598,1840,1613,1600,1606,1600,1615,1603,1605,1607,1610,1857,1607,1602,1602,1602,1611,1599,1610,1611,1601,1869,1601,1598,1607,1602,1601,1600,1607,1609,1606,1853,1597,1606,1602,1566,1615,1611,1604,1613,1603,1612,1596,1599,1613,1600,1600,1616,1609,1599,1605,1616,1600,1604,1600,1606,1599,1600,1610,1602,1588,1611,1612,1579,1590,1631,1602,1577,1618,1601,1558,1631,1648,1531,1558,1683,1607,1533,1638,1610,1498,1664,1717,1467,1511,1750,1603,1488,1684,1611,1435,1712,1780,1402,1475,1817,1601,1456,1742,1601,1366,1748,1830,1343,1469,1828,1577,1472,1771,1579,1347,1773,1818,1360,1501,1798,1535,1520,1773,1549,1395,1761,1763,1414,1552,1738,1503,1571,1771,1528,1438,1731,1682,1472,1602,1663,1515,1616,1711,1527,1505,1687,1631,1535,1632,1616,1520,1648,1674,1535,1557,1662,1589,1583,1648,1582,1551,1642,1632,1559,1603,1620,1578,1612,1632,1579,1571,1635,1600,1578,1613,1600,1574,1616,1635,1575,1579,1623,1595,1590,1617,1600,1585,1611,1613,1584,1601,1607,1591,1604,1618,1590,1591,1616,1613,1586,1606,1594,1594,1605,1615,1598,1597,1594,1603,1595,1612,1600,1594,1608,1606,1591,1589,1611,1601,1593,1605,1601,1598,1601,1609,1593,1599,1605,1601,1599,1607,1600,1597,1602,1600,1593,1597,1610,1604,1600,1605,1601,1598,1598,1606,1604,1599,1582,1600,1603,1601,1610,1599,1599,1602,1610,1600,1600,1609,1600,1597,1603,1609,1600,1600,1602,1599,1601,1610,1599,1600,1616,1603,1583,1602,1603,1599,1604,1603,1600,1599,1600,1600,1586,1606,1601,1600,1600,1606,1601,1598,1600,1600,1605,1605,1599,1600,1605,1584,1599,1605,1599,1603,1603,1596,1597,1603,1602,1585,1601,1606,1595,1600,1602,1607,1595,1600,1600,1600,1603,1603,1600,1597,1601,1601,1591,1601,1570,1600,1601,1600,1600,1601,1600,1600,1600,1599,1606,1601,1598,1605,1597,1598,1599,1607,1599,1598,1603,1600,1597,1601,1600,1600,1602,1601,1599,1601,1610,1599,1599,1600,1590,1600,1581,1604,1598,1600,1606,1605,1615,1600,1599,1591,1606,1601,1611,1597,1584,1599,1600,1607,1572,1597,1603,1602,1601,1600,1600,1601,1601,1600,1599,1600,1600,1609,1597,1601,1602,1610,1602,1603,1600,1595,1600,1603,1605,1611,1600,1601,1600,1600,1608,1600,1600,1599,1599,1597,1601,1601,1598,1600,1600,1599,1594,1601,1600,1603,1614,1601,1595,1595,1619,1606,1600,1603,1600,1601,1601,1602,1598,1606,1606,1600,1602,1603,1595,1579,1600,1600,1599,1600,1599,1600,1597,1604,1597,1602,1600,1600,1601,1602,1600,1597,1605,1596,1603,1600,1598,1597,1605,1601,1616,1605,1589,1602,1611,1605,1616,1602,1603,1600,1599,1601,1601,1602,1600,1600,1597,1603,1601,1607,1600,1600,1601,1600,1597,1600,1599,1585,1600,1597,1600,1595,1599,1593,1596,1590,1602,1601,1600,1601,1601,1600,1599,1594,1599,1597,1599,1601,1599,1597,1602,1591,1607,1601,1601,1605,1602,1594,1600,1600,1600,1601,1594,1603,1598,1602,1599,1601,1600,1596,1602,1600,1598,1605,1598,1600,1603,1599,1600,1600,1599,1583,1598,1598,1600,1601,1594,1600,1601,1598,1600,1614,1595,1590,1606,1586,1597,1599,1600,1597,1601,1599,1597,1595,1604,1601,1599,1647,1601,1600,1600,1608,1597,1595,1600,1602,1599,1600,1594,1598,1600,1601,1600,1600,1591,1595
1600,1603,1605,1599,1584,1593,1595,1600,1597,1615,1598,1586,1607,1616,1584,1601,1591,1595,1601,1609,1601,1585,1599,1587,1584,1601,1597,1606,1597,1605,1599,1589,1605,1601,1582,1609,1649,1603,1601,1606,1611,1587,1601,1593,1601,1603,1603,1611,1599,1600,1600,1603,1596,1602,1600,1601,1594,1604,1604,1603,1600,1607,1603,1597,1600,1616,1596,1568,1616,1615,1584,1601,1628,1569,1589,1622,1584,1566,1648,1638,1534,1584,1664,1567,1581,1670,1573,1502,1695,1680,1450,1575,1710,1546,1577,1720,1578,1439,1752,1729,1409,1569,1739,1511,1570,1791,1491,1387,1795,1749,1385,1582,1739,1472,1597,1808,1466,1386,1808,1717,1407,1616,1693,1462,1626,1792,1458,1437,1776,1670,1461,1648,1648,1467,1662,1739,1487,1495,1714,1612,1532,1665,1589,1491,1678,1680,1510,1566,1661,1567,1590,1672,1556,1524,1665,1631,1551,1613,1612,1550,1629,1659,1547,1565,1653,1590,1579,1636,1595,1552,1635,1639,1551,1591,1630,1584,1600,1638,1575,1553,1639,1625,1563,1605,1610,1579,1600,1641,1567,1577,1617,1616,1569,1606,1598,1578,1591,1626,1578,1587,1618,1600,1598,1615,1599,1576,1617,1617,1583,1600,1611,1591,1599,1605,1597,1584,1613,1594,1588,1599,1610,1595,1600,1575,1599,1586,1613,1605,1597,1600,1601,1591,1606,1604,1594,1599,1602,1600,1600,1602,1604,1595,1606,1597,1612,1604,1600,1597,1600,1605,1598,1599,1600,1601,1594,1603,1600,1597,1600,1603,1594,1599,1605,1602,1593,1601,1599,1599,1611,1602,1577,1600,1602,1600,1601,1603,1599,1595,1600,1602,1594,1603,1597,1600,1600,1603,1593,1597,1604,1606,1598,1599,1606,1602,1600,1602,1602,1606,1605,1601,1600,1596,1601,1602,1598,1600,1601,1602,1603,1600,1595,1601,1606,1602,1597,1600,1604,1597,1600,1602,1600,1603,1603,1597,1600,1611,1604,1599,1600,1609,1600,1603,1603,1598,1598,1587,1602,1595,1601,1602,1601,1597,1601,1603,1600,1613,1601,1601,1600,1600,1601,1603,1597,1600,1601,1600,1599,1602,1601,1600,1605,1596,1616,1595,1609,1601,1605,1600,1600,1600,1594,1603,1599,1605,1605,1600,1604,1598,1602,1599,1603,1601,1601,1600,1603,1597,1602,1600,1600,1616,1600,1574,1606,1613,1598,1598,1600,1618,1599,1605,1603,1600,1602,1597,1601,1600,1601,1600,1603,1599,1586,1599,1586,1602,1600,1601,1599,1603,1609,1600,1574,1600,1598,1603,1600,1602,1603,1600,1600,1597,1603,1602,1600,1598,1601,1598,1598,1610,1597,1596,1599,1597,1602,1605,1598,1603,1600,1615,1600,1600,1601,1600,1600,1601,1605,1599,1602,1596,1600,1603,1606,1600,1604,1599,1598,1605,1605,1600,1601,1604,1600,1600,1604,1603,1603,1599,1603,1599,1601,1595,1601,1609,1601,1600,1599,1602,1602,1590,1598,1606,1600,1605,1600,1607,1600,1607,1600,1598,1600,1601,1600,1599,1600,1601,1606,1597,1600,1600,1599,1601,1598,1605,1600,1601,1600,1600,1598,1602,1599,1600,1607,1606,1597,1600,1571,1603,1598,1600,1578,1598,1604,1597,1600,1597,1600,1600,1600,1597,1606,1600,1600,1597,1606,1601,1614,1600,1600,1605,1597,1606,1598,1600,1600,1614,1598,1603,1601,1591,1600,1600,1600,1612,1601,1589,1603,1585,1601,1595,1602,1600,1602,1600,1600,1600,1602,1600,1604,1600,1598,1600,1601,1602,1600,1600,1602,1600,1600,1605,1597,1599,1582,1607,1599,1600,1600,1600,1600,1601,1599,1601
1599,1595,1602,1600,1570,1605,1600,1599,1598,1615,1599,1570,1616,1595,1578,1603,1600,1603,1597,1616,1602,1571,1611,1602,1569,1601,1601,1600,1598,1606,1602,1576,1609,1600,1576,1597,1603,1604,1602,1613,1603,1565,1665,1599,1600,1598,1600,1608,1600,1599,1602,1600,1600,1603,1602,1594,1599,1607,1598,1619,1603,1603,1599,1600,1600,1606,1598,1595,1613,1606,1582,1595,1634,1597,1584,1623,1602,1562,1641,1647,1535,1575,1665,1584,1557,1664,1579,1502,1669,1692,1461,1550,1715,1569,1546,1713,1558,1435,1736,1754,1397,1535,1774,1535,1524,1773,1529,1370,1789,1786,1362,1530,1777,1519,1550,1792,1499,1362,1805,1767,1379,1556,1747,1505,1582,1798,1487,1392,1782,1725,1421,1600,1689,1487,1616,1771,1488,1456,1728,1666,1491,1636,1634,1489,1659,1726,1501,1516,1701,1616,1544,1651,1605,1513,1648,1677,1521,1563,1660,1596,1575,1648,1583,1552,1641,1634,1552,1584,1627,1578,1600,1626,1580,1561,1630,1622,1578,1603,1606,1584,1597,1625,1595,1585,1643,1602,1594,1605,1603,1584,1612,1607,1595,1593,1605,1599,1600,1603,1598,1591,1601,1602,1597,1585,1599,1600,1604,1607,1594,1606,1609,1595,1601,1601,1600,1597,1607,1600,1592,1605,1607,1609,1602,1609,1600,1587,1611,1606,1589,1600,1606,1597,1600,1615,1596,1586,1606,1607,1592,1603,1597,1591,1587,1614,1597,1593,1610,1600,1594,1607,1601,1595,1603,1609,1615,1598,1613,1605,1606,1597,1605,1602,1595,1601,1600,1598,1600,1611,1600,1595,1606,1603,1598,1597,1601,1599,1597,1588,1598,1601,1610,1600,1600,1600,1600,1603,1603,1609,1600,1642,1604,1605,1598,1603,1602,1571,1603,1600,1600,1598,1600,1600,1597,1604,1605,1600,1602,1601,1600,1600,1607,1598,1605,1604,1609,1601,1593,1600,1601,1603,1598,1600,1605,1598,1600,1602,1602,1600,1603,1600,1601,1614,1605,1613,1603,1598,1600,1605,1602,1605,1601,1601,1604,1601,1600,1601,1601,1603,1605,1600,1607,1601,1599,1605,1599,1603,1600,1603,1598,1603,1604,1603,1584,1601,1610,1599,1610,1604,1600,1600,1602,1599,1599,1601,1603,1605,1603,1600,1601,1598,1605,1604,1603,1600,1599,1602,1605,1607,1606,1625,1597,1615,1606,1605,1598,1599,1601,1608,1611,1600,1597,1604,1607,1601,1601,1601,1601,1602,1593,1601,1600,1605,1599,1603,1605,1602,1603,1601,1603,1601,1603,1601,1600,1605,1607,1602,1599,1600,1605,1602,1600,1604,1600,1609,1607,1594,1607,1614,1598,1587,1605,1616,1601,1604,1599,1612,1607,1600,1606,1600,1600,1600,1616,1607,1611,1599,1577,1610,1601,1604,1606,1602,1607,1600,1601,1602,1605,1600,1606,1602,1600,1607,1601,1609,1600,1618,1600,1603,1607,1600,1605,1600,1593,1606,1605,1611,1600,1602,1603,1591,1600,1601,1603,1593,1600,1603,1606,1605,1601,1601,1608,1603,1602,1599,1604,1603,1602,1600,1605,1600,1602,1600,1601,1609,1605,1601,1607,1616,1600,1603,1605,1603,1600,1602,1605,1601,1600,1600,1597,1607,1606,1600,1613,1601,1604,1600,1614,1609,1600,1602,1616,1604,1611,1597,1598,1600,1602,1603,1602,1607,1600,1599,1607,1591,1600,1607,1597,1605,1598,1603,1605,1603,1605,1593,1600,1602,1602,1607,1600,1605,1606,1600,1611,1600,1605,1603,1600,1598,1606,1609,1606,1603,1601,1600,1610,1600,1591,1603,1604,1601,1598,1605,1600,1605,1603,1600,1601,1600,1602,1606
1648,1607,1605,1603,1586,1601,1614,1605,1613,1602,1604,1597,1602,1613,1597,1611,1609,1603,1611,1601,1601,1600,1598,1613,1599,1610,1605,1606,1609,1601,1602,1601,1600,1616,1600,1610,1613,1601,1583,1600,1603,1595,1607,1613,1607,1600,1600,1600,1600,1599,1603,1605,1598,1594,1597,1609,1605,1602,1605,1601,1599,1600,1601,1606,1595,1591,1614,1615,1584,1598,1617,1587,1600,1634,1582,1532,1650,1639,1535,1595,1649,1555,1591,1678,1550,1490,1703,1667,1472,1595,1694,1521,1591,1744,1507,1433,1776,1712,1405,1595,1723,1478,1581,1803,1445,1392,1820,1728,1371,1614,1727,1449,1623,1825,1438,1383,1834,1711,1389,1634,1698,1437,1636,1830,1434,1413,1808,1687,1425,1656,1663,1431,1659,1800,1447,1457,1769,1649,1471,1665,1636,1457,1666,1744,1477,1494,1726,1616,1502,1669,1602,1489,1657,1709,1507,1534,1682,1600,1518,1651,1600,1518,1648,1664,1535,1573,1647,1594,1584,1638,1589,1554,1637,1637,1563,1584,1621,1584,1595,1627,1589,1573,1617,1616,1584,1600,1609,1593,1600,1621,1595,1589,1611,1605,1597,1600,1601,1591,1600,1607,1588,1600,1616,1600,1604,1606,1598,1599,1613,1603,1606,1606,1606,1594,1606,1606,1599,1599,1603,1602,1600,1607,1600,1600,1613,1610,1599,1600,1606,1602,1602,1606,1600,1598,1602,1613,1601,1600,1609,1600,1596,1611,1578,1591,1596,1609,1594,1601,1616,1604,1600,1606,1600,1600,1603,1606,1602,1599,1607,1602,1601,1600,1607,1605,1601,1606,1603,1598,1606,1610,1594,1603,1610,1605,1605,1609,1605,1600,1610,1602,1600,1598,1612,1598,1595,1604,1606,1600,1600,1607,1600,1605,1603,1605,1604,1605,1605,1601,1606,1600,1600,1600,1603,1601,1605,1589,1603,1602,1607,1601,1601,1601,1605,1607,1604,1594,1606,1600,1605,1602,1601,1600,1605,1603,1602,1604,1607,1600,1589,1597,1618,1601,1604,1600,1559,1600,1603,1609,1598,1610,1605,1605,1601,1603,1601,1609,1606,1601,1602,1603,1606,1606,1602,1602,1602,1605,1602,1609,1607,1607,1602,1641,1608,1605,1605,1599,1606,1600,1600,1603,1607,1602,1601,1600,1600,1606,1602,1605,1574,1605,1601,1609,1589,1605,1607,1606,1603,1603,1604,1610,1605,1599,1602,1600,1606,1603,1599,1606,1603,1603,1603,1600,1604,1610,1602,1583,1606,1612,1600,1600,1610,1593,1607,1608,1602,1600,1605,1605,1606,1605,1601,1602,1607,1599,1603,1605,1603,1603,1605,1600,1605,1610,1603,1601,1603,1600,1601,1616,1600,1604,1597,1606,1602,1615,1605,1591,1603,1601,1601,1603,1608,1605,1609,1600,1606,1584,1603,1599,1606,1605,1606,1591,1605,1603,1600,1601,1607,1602,1606,1602,1603,1600,1600,1610,1605,1607,1605,1606,1588,1603,1581,1603,1586,1611,1617,1598,1603,1610,1607,1601,1601,1600,1602,1605,1600,1607,1603,1603,1607,1596,1607,1603,1605,1597,1607,1584,1601,1587,1602,1589,1602,1609,1600,1605,1600,1606,1605,1603,1606,1607,1604,1598,1606,1595,1607,1607,1600,1614,1613,1613,1603,1591,1600,1616,1605,1601,1600,1603,1606,1600,1603,1600,1610,1602,1608,1600,1606,1600,1601,1602,1597,1600,1605,1600,1610,1603,1590,1601,1600,1600,1605,1602,1602,1605,1600,1600,1609,1598,1606,1600,1600,1607,1604,1615,1603,1616,1599,1611,1602,1615,1606,1615,1597,1607,1606,1600,1602,1603,1600,1607,1605,1601,1599,1602,1605,1611,1593,1599,1599,1602
1600,1599,1587,1594,1601,1598,1840,1603,1597,1603,1584,1608,1597,1602,1603,1600,1861,1599,1600,1603,1593,1605,1584,1600,1600,1599,1857,1595,1595,1597,1591,1600,1598,1602,1604,1602,1868,1600,1600,1605,1597,1606,1594,1600,1604,1600,1600,1595,1605,1648,1599,1599,1602,1602,1595,1595,1597,1599,1589,1600,1600,1598,1590,1601,1599,1600,1582,1616,1599,1580,1602,1634,1570,1577,1651,1601,1559,1640,1600,1525,1650,1674,1497,1558,1706,1589,1520,1680,1595,1462,1692,1741,1429,1510,1775,1583,1486,1744,1581,1392,1757,1790,1359,1488,1827,1557,1472,1792,1555,1327,1806,1833,1311,1492,1827,1523,1493,1818,1519,1319,1809,1819,1318,1521,1804,1493,1543,1826,1491,1342,1812,1776,1371,1579,1743,1472,1596,1808,1469,1397,1785,1703,1429,1623,1675,1463,1641,1738,1473,1456,1750,1636,1491,1654,1621,1478,1663,1717,1488,1524,1696,1598,1546,1664,1600,1503,1657,1669,1515,1571,1665,1581,1581,1658,1569,1532,1646,1643,1555,1601,1627,1584,1600,1642,1577,1570,1629,1615,1573,1606,1606,1585,1606,1623,1586,1583,1616,1603,1584,1602,1600,1591,1602,1607,1581,1598,1611,1593,1586,1605,1602,1593,1605,1603,1617,1607,1600,1591,1607,1603,1589,1590,1616,1599,1643,1601,1599,1598,1610,1597,1600,1599,1602,1591,1601,1611,1593,1589,1608,1603,1595,1600,1601,1594,1601,1598,1589,1600,1602,1633,1598,1613,1603,1599,1600,1595,1594,1598,1599,1603,1591,1595,1603,1601,1597,1601,1601,1595,1598,1601,1601,1601,1600,1586,1600,1595,1602,1584,1599,1605,1601,1598,1606,1602,1603,1597,1604,1596,1600,1601,1597,1597,1600,1600,1601,1601,1611,1593,1610,1600,1567,1600,1595,1597,1603,1605,1601,1597,1600,1600,1600,1600,1593,1600,1600,1602,1599,1600,1601,1602,1601,1604,1595,1607,1600,1607,1593,1613,1602,1597,1600,1606,1603,1594,1610,1600,1599,1600,1601,1598,1600,1600,1591,1598,1591,1603,1607,1600,1605,1602,1600,1601,1597,1604,1600,1600,1600,1597,1599,1598,1600,1599,1601,1595,1597,1600,1600,1600,1598,1600,1598,1600,1607,1600,1601,1603,1605,1591,1600,1593,1616,1600,1600,1599,1599,1601,1605,1597,1600,1601,1631,1599,1603,1600,1605,1600,1599,1597,1603,1596,1599,1600,1597,1594,1600,1600,1600,1607,1596,1598,1602,1590,1600,1597,1597,1593,1602,1600,1597,1599,1600,1598,1594,1600,1598,1606,1598,1605,1600,1600,1599,1601,1600,1597,1598,1599,1604,1600,1600,1598,1605,1600,1603,1598,1599,1602,1584,1600,1598,1600,1600,1600,1606,1597,1598,1602,1600,1600,1599,1600,1599,1598,1600,1600,1603,1603,1600,1599,1600,1600,1605,1593,1600,1589,1603,1606,1600,1600,1600,1601,1601,1600,1600,1600,1600,1600,1599,1601,1591,1599,1603,1600,1599,1601,1597,1601,1648,1600,1604,1600,1611,1597,1605,1599,1601,1600,1600,1600,1599,1600,1600,1601,1611,1600,1599,1601,1600,1598,1646,1601,1602,1598,1614,1597,1613,1600,1602,1600,1603,1599,1603,1600,1600,1601,1600,1600,1602,1600,1599,1616,1600,1605,1600,1594,1600,1604,1603,1597,1597,1603,1601,1609,1599,1607,1602,1601,1599,1600,1600,1600,1600,1600,1600,1600,1600,1597,1603,1602,1600,1596,1605,1601,1600,1600,1602,1599,1597,1605,1600,1599,1600,1606,1600,1602,1602,1600,1600,1600,1600,1600,1602,1607,1602,1600,1601,1600,1607,1601,1600,1601
1600,1603,1601,1602,1602,1600,1600,1590,1607,1610,1593,1612,1600,1602,1599,1607,1600,1594,1605,1600,1599,1592,1599,1600,1598,1607,1600,1595,1599,1609,1594,1605,1597,1603,1583,1602,1599,1598,1584,1607,1591,1600,1605,1605,1651,1603,1603,1616,1595,1607,1607,1600,1601,1600,1597,1600,1605,1605,1599,1600,1603,1598,1599,1636,1601,1605,1600,1604,1602,1600,1602,1616,1589,1587,1630,1611,1577,1607,1617,1569,1615,1648,1549,1550,1677,1629,1520,1620,1650,1520,1635,1709,1491,1489,1742,1649,1467,1648,1655,1465,1657,1775,1435,1445,1808,1661,1421,1670,1658,1422,1681,1830,1399,1422,1838,1647,1426,1688,1646,1394,1697,1827,1403,1441,1797,1636,1447,1696,1617,1423,1683,1775,1454,1491,1744,1611,1515,1677,1599,1479,1661,1709,1513,1535,1671,1606,1569,1648,1590,1547,1637,1648,1559,1586,1623,1591,1602,1618,1590,1584,1607,1604,1600,1615,1589,1584,1613,1573,1597,1607,1593,1585,1616,1615,1579,1593,1616,1591,1598,1622,1590,1582,1609,1610,1584,1599,1595,1591,1597,1616,1591,1583,1616,1614,1584,1601,1611,1590,1603,1616,1588,1589,1616,1612,1584,1603,1605,1590,1601,1610,1591,1589,1613,1606,1590,1603,1614,1597,1597,1610,1598,1594,1606,1603,1593,1601,1603,1603,1605,1598,1603,1598,1609,1601,1600,1606,1606,1602,1610,1600,1636,1602,1601,1599,1601,1600,1602,1601,1599,1603,1605,1606,1597,1598,1605,1600,1600,1604,1600,1594,1615,1600,1600,1599,1591,1600,1600,1606,1597,1602,1600,1605,1597,1602,1605,1600,1600,1601,1603,1598,1602,1600,1600,1600,1602,1600,1601,1595,1601,1598,1600,1586,1606,1600,1600,1600,1600,1598,1602,1601,1600,1600,1605,1600,1601,1603,1602,1598,1605,1601,1607,1600,1605,1600,1602,1604,1600,1597,1610,1600,1600,1601,1599,1599,1605,1607,1600,1605,1605,1598,1600,1601,1600,1603,1603,1600,1600,1603,1605,1600,1610,1595,1606,1600,1598,1599,1604,1600,1599,1600,1600,1604,1602,1600,1601,1594,1603,1600,1596,1600,1607,1600,1631,1605,1611,1599,1587,1602,1600,1602,1600,1598,1599,1600,1597,1601,1601,1603,1601,1601,1601,1597,1602,1595,1598,1594,1599,1583,1602,1602,1603,1599,1606,1594,1601,1599,1602,1601,1598,1603,1600,1601,1597,1603,1603,1601,1603,1600,1599,1601,1600,1602,1605,1595,1605,1594,1619,1600,1600,1600,1600,1600,1602,1601,1600,1597,1606,1599,1600,1600,1600,1600,1605,1600,1600,1597,1610,1587,1597,1599,1602,1596,1602,1599,1600,1600,1599,1599,1603,1599,1596,1601,1599,1602,1600,1604,1601,1598,1602,1601,1615,1601,1606,1600,1643,1603,1616,1598,1600,1603,1601,1602,1600,1601,1603,1601,1600,1600,1603,1594,1600,1602,1600,1604,1600,1602,1600,1605,1602,1602,1598,1605,1600,1603,1602,1612,1600,1603,1600,1605,1600,1598,1609,1602,1600,1601,1599,1603,1616,1600,1600,1600,1603,1648,1600,1603,1596,1609,1600,1610,1601,1600,1603,1600,1582,1601,1610,1600,1595,1600,1600,1602,1599,1596,1601,1603,1598,1599,1605,1603,1602,1599,1603,1598,1603,1600,1600,1600,1601,1586,1600,1603,1600,1606,1602,1600,1600,1603,1600,1601,1604,1598,1600,1597,1603,1594,1600,1600,1600,1600,1605,1601,1600,1601,1602,1598,1601,1604,1605,1597,1607,1600,1607,1600,1601,1604,1607,1601,1609,1597,1590,1602,1600,1599,1602,1600,1599,1599,1601,1603
1593,1600,1613,1601,1594,1600,1597,1603,1606,1606,1616,1602,1608,1603,1600,1607,1600,1607,1606,1603,1600,1614,1601,1603,1598,1613,1603,1606,1606,1610,1605,1600,1603,1579,1600,1618,1603,1606,1613,1590,1603,1600,1609,1600,1597,1607,1607,1605,1600,1601,1601,1595,1601,1600,1600,1599,1616,1603,1603,1596,1641,1604,1603,1600,1605,1597,1604,1601,1596,1588,1614,1607,1577,1596,1618,1599,1594,1617,1591,1567,1643,1637,1535,1568,1658,1584,1569,1643,1570,1511,1681,1690,1479,1552,1715,1563,1546,1702,1559,1438,1730,1734,1410,1525,1759,1555,1520,1755,1547,1392,1771,1767,1381,1524,1776,1531,1535,1775,1520,1386,1776,1762,1399,1549,1742,1522,1563,1749,1533,1421,1728,1713,1452,1580,1697,1535,1583,1709,1551,1485,1683,1664,1520,1594,1648,1563,1602,1654,1571,1559,1633,1616,1582,1603,1607,1578,1605,1615,1591,1600,1596,1589,1613,1613,1578,1613,1613,1595,1598,1629,1583,1579,1621,1615,1575,1606,1609,1581,1606,1629,1578,1569,1627,1616,1578,1613,1611,1584,1606,1623,1584,1584,1618,1605,1587,1611,1606,1584,1613,1616,1591,1585,1616,1599,1577,1603,1616,1586,1616,1611,1593,1591,1609,1601,1591,1605,1600,1595,1600,1606,1601,1598,1603,1602,1602,1600,1600,1599,1601,1600,1598,1571,1602,1599,1595,1604,1595,1600,1598,1606,1600,1600,1600,1599,1616,1601,1597,1597,1600,1601,1595,1602,1602,1599,1600,1600,1601,1593,1602,1600,1600,1603,1600,1597,1597,1598,1600,1599,1600,1599,1605,1598,1600,1601,1598,1597,1613,1601,1595,1600,1598,1600,1613,1605,1598,1598,1600,1599,1604,1602,1595,1600,1600,1599,1600,1600,1598,1602,1600,1600,1599,1602,1598,1599,1601,1611,1594,1582,1601,1611,1597,1603,1600,1599,1600,1603,1596,1599,1600,1603,1595,1601,1598,1600,1605,1600,1600,1600,1593,1593,1611,1600,1600,1597,1599,1598,1601,1600,1599,1602,1600,1600,1601,1600,1600,1607,1598,1625,1597,1610,1600,1601,1599,1602,1598,1601,1601,1600,1600,1599,1599,1601,1583,1600,1595,1605,1589,1600,1600,1599,1600,1600,1597,1601,1602,1603,1607,1593,1590,1601,1609,1595,1600,1599,1604,1600,1602,1590,1599,1598,1599,1603,1601,1598,1600,1598,1598,1600,1600,1602,1600,1605,1597,1600,1594,1616,1600,1585,1600,1594,1605,1600,1598,1599,1600,1600,1598,1600,1596,1605,1600,1602,1600,1602,1600,1600,1601,1597,1569,1600,1590,1600,1603,1601,1599,1601,1603,1597,1601,1600,1599,1598,1600,1601,1603,1602,1599,1594,1600,1601,1600,1600,1597,1602,1600,1595,1606,1589,1603,1600,1600,1602,1600,1597,1599,1601,1599,1601,1600,1594,1600,1598,1600,1593,1605,1590,1601,1595,1597,1598,1600,1601,1601,1591,1602,1590,1600,1591,1589,1600,1594,1602,1600,1602,1597,1597,1595,1600,1598,1600,1600,1600,1601,1595,1600,1605,1599,1605,1598,1621,1599,1599,1591,1600,1596,1600,1599,1597,1599,1597,1591,1597,1598,1599,1598,1613,1601,1597,1599,1602,1601,1595,1600,1595,1599,1598,1600,1596,1601,1598,1595,1597,1577,1600,1602,1599,1600,1599,1609,1600,1600,1597,1593,1599,1596,1600,1600,1600,1597,1599,1600,1597,1600,1600,1599,1596,1599,1600,1602,1599,1598,1590,1601,1595,1600,1600,1600,1600,1602,1596,1595,1595,1600,1597,1600,1586,1603,1589,1597,1597,1600,1599,1597,1599,1598,1595,1600,1591,1597,1604
1605,1601,1591,1600,1610,1600,1603,1606,1600,1598,1600,1616,1595,1616,1610,1602,1612,1589,1597,1596,1600,1616,1594,1589,1605,1600,1603,1590,1600,1600,1597,1607,1600,1613,1613,1600,1607,1597,1606,1593,1598,1610,1606,1604,1616,1598,1591,1598,1589,1609,1600,1598,1570,1602,1596,1601,1603,1597,1591,1601,1599,1591,1593,1602,1597,1597,1610,1613,1581,1582,1637,1601,1569,1600,1611,1558,1625,1653,1523,1549,1691,1613,1526,1648,1622,1491,1662,1727,1456,1499,1761,1617,1475,1693,1612,1421,1698,1795,1390,1450,1834,1611,1450,1743,1602,1346,1757,1858,1323,1435,1875,1595,1438,1776,1579,1314,1802,1858,1309,1454,1847,1552,1481,1797,1531,1322,1798,1813,1348,1521,1777,1520,1554,1792,1499,1385,1776,1744,1424,1582,1689,1495,1618,1755,1485,1467,1743,1649,1497,1636,1605,1488,1713,1708,1499,1533,1683,1595,1557,1664,1574,1503,1671,1669,1519,1582,1647,1559,1599,1678,1549,1534,1666,1627,1552,1613,1622,1552,1618,1664,1553,1557,1648,1614,1570,1616,1602,1557,1618,1648,1563,1579,1638,1603,1584,1616,1591,1571,1616,1627,1570,1587,1627,1588,1589,1607,1586,1587,1617,1620,1584,1585,1611,1585,1600,1629,1591,1586,1614,1590,1594,1602,1601,1584,1606,1616,1598,1599,1609,1599,1596,1606,1603,1591,1611,1601,1595,1597,1601,1595,1607,1606,1600,1596,1605,1599,1601,1601,1610,1602,1569,1600,1600,1599,1597,1600,1598,1603,1603,1601,1599,1600,1600,1600,1602,1600,1603,1601,1579,1605,1613,1601,1607,1601,1602,1600,1600,1600,1598,1609,1597,1600,1600,1606,1600,1600,1599,1602,1600,1596,1600,1602,1598,1594,1600,1607,1600,1596,1603,1599,1603,1601,1597,1600,1611,1600,1598,1594,1600,1604,1609,1600,1600,1598,1612,1601,1597,1606,1605,1600,1599,1602,1600,1600,1600,1597,1600,1606,1601,1600,1603,1591,1600,1600,1603,1597,1603,1601,1600,1600,1604,1602,1603,1595,1599,1600,1602,1613,1601,1600,1600,1600,1605,1600,1603,1600,1606,1600,1601,1599,1596,1601,1603,1605,1615,1600,1594,1601,1603,1604,1616,1602,1587,1603,1588,1606,1600,1598,1602,1603,1600,1600,1600,1603,1609,1598,1601,1598,1600,1602,1600,1599,1600,1604,1603,1600,1600,1605,1601,1597,1600,1603,1600,1600,1603,1601,1616,1598,1610,1601,1607,1595,1600,1604,1598,1601,1597,1606,1600,1601,1613,1600,1600,1600,1604,1602,1601,1601,1600,1601,1605,1599,1600,1600,1602,1602,1597,1599,1602,1601,1600,1612,1600,1588,1604,1601,1596,1589,1602,1606,1603,1587,1598,1598,1603,1600,1599,1605,1599,1601,1605,1605,1602,1594,1605,1601,1599,1600,1595,1600,1612,1600,1611,1602,1571,1596,1601,1600,1595,1603,1602,1600,1602,1605,1607,1599,1602,1600,1606,1599,1597,1600,1600,1610,1600,1600,1605,1616,1600,1609,1600,1579,1601,1602,1601,1599,1600,1600,1601,1600,1605,1599,1601,1600,1599,1594,1594,1597,1604,1609,1603,1584,1601,1585,1596,1595,1595,1605,1607,1602,1600,1599,1600,1604,1603,1600,1599,1603,1613,1600,1599,1601,1616,1598,1593,1600,1605,1602,1584,1603,1602,1606,1598,1605,1603,1600,1605,1605,1602,1600,1600,1600,1600,1605,1600,1590,1607,1601,1595,1600,1602,1594,1599,1600,1606,1594,1600,1600,1603,1603,1601,1597,1605,1600,1601,1598,1600,1601,1601,1600,1600,1601,1600,1603,1602,1602,1602,1600,1600,1602
1603,1600,1600,1587,1616,1593,1595,1597,1567,1595,1612,1605,1604,1593,1613,1595,1587,1600,1594,1606,1597,1615,1600,1589,1605,1603,1594,1598,1597,1600,1597,1606,1600,1597,1606,1602,1586,1577,1599,1601,1591,1584,1604,1591,1611,1600,1605,1599,1603,1605,1599,1590,1601,1604,1600,1600,1597,1598,1598,1607,1606,1596,1607,1606,1583,1591,1607,1615,1584,1595,1623,1595,1582,1625,1600,1554,1642,1637,1521,1574,1673,1591,1553,1664,1581,1480,1684,1705,1456,1535,1730,1567,1520,1723,1568,1424,1743,1763,1389,1516,1791,1552,1508,1775,1559,1359,1794,1820,1335,1500,1823,1527,1504,1805,1519,1328,1819,1819,1328,1516,1797,1505,1529,1823,1510,1345,1793,1771,1393,1552,1741,1510,1566,1753,1522,1429,1735,1678,1471,1584,1679,1516,1603,1699,1547,1505,1667,1639,1547,1613,1617,1562,1611,1645,1569,1579,1623,1598,1600,1616,1585,1585,1616,1607,1584,1616,1585,1581,1629,1616,1572,1601,1616,1578,1606,1635,1584,1572,1638,1613,1571,1605,1607,1583,1600,1623,1575,1581,1638,1607,1579,1597,1611,1578,1607,1630,1579,1585,1621,1600,1584,1605,1603,1583,1614,1616,1587,1584,1614,1599,1591,1606,1610,1591,1599,1613,1590,1595,1611,1598,1595,1607,1602,1584,1610,1602,1596,1598,1601,1593,1601,1600,1601,1584,1612,1598,1594,1616,1601,1601,1601,1587,1605,1588,1606,1601,1600,1597,1606,1598,1596,1602,1603,1600,1599,1604,1602,1601,1600,1610,1600,1599,1602,1647,1597,1600,1593,1590,1603,1605,1598,1600,1607,1599,1597,1602,1601,1594,1600,1602,1595,1594,1609,1600,1589,1595,1580,1598,1612,1596,1590,1600,1609,1599,1600,1600,1598,1599,1602,1600,1601,1599,1594,1599,1606,1598,1601,1600,1601,1597,1594,1601,1600,1590,1598,1606,1611,1598,1597,1601,1611,1594,1594,1598,1605,1605,1597,1601,1598,1601,1600,1603,1598,1600,1601,1600,1600,1600,1594,1600,1584,1600,1601,1597,1597,1602,1599,1602,1601,1601,1601,1601,1600,1599,1600,1600,1599,1610,1600,1600,1599,1598,1602,1611,1602,1608,1598,1577,1601,1600,1600,1600,1599,1601,1603,1600,1601,1600,1599,1597,1604,1605,1598,1594,1583,1599,1586,1603,1600,1599,1598,1600,1600,1606,1598,1600,1600,1607,1600,1600,1600,1600,1600,1603,1601,1599,1600,1600,1599,1602,1599,1590,1598,1593,1600,1600,1605,1597,1598,1601,1598,1601,1603,1601,1600,1600,1602,1601,1603,1602,1600,1600,1604,1600,1597,1596,1572,1598,1589,1601,1584,1598,1601,1600,1606,1609,1600,1598,1601,1601,1603,1600,1601,1597,1603,1600,1600,1597,1601,1600,1600,1595,1601,1613,1600,1602,1600,1599,1599,1600,1601,1602,1600,1600,1604,1600,1600,1600,1600,1600,1600,1605,1600,1601,1609,1607,1606,1602,1601,1604,1583,1599,1601,1602,1600,1600,1601,1600,1598,1602,1601,1602,1599,1599,1600,1584,1600,1601,1600,1600,1600,1607,1603,1599,1600,1600,1602,1601,1607,1599,1600,1611,1602,1600,1601,1597,1600,1610,1600,1600,1599,1607,1605,1600,1603,1595,1599,1589,1603,1599,1601,1605,1595,1607,1602,1601,1602,1599,1603,1599,1600,1603,1601,1599,1605,1601,1600,1601,1587,1600,1617,1602,1602,1603,1605,1600,1604,1600,1599,1599,1602,1600,1600,1606,1599,1599,1601,1605,1600,1602,1600,1601,1603,1601,1599,1588,1603,1585,1597,1605,1600,1600,1600,1603,1601,1600,1601,1600,1600,1603
1603,1598,1640,1599,1600,1600,1601,1612,1600,1617,1612,1600,1605,1606,1599,1599,1604,1601,1600,1610,1607,1607,1601,1599,1603,1631,1600,1606,1600,1600,1605,1603,1600,1594,1606,1597,1597,1606,1598,1595,1614,1601,1603,1594,1611,1603,1584,1597,1612,1601,1598,1600,1661,1601,1601,1605,1605,1593,1600,1605,1593,1601,1604,1606,1589,1601,1613,1594,1594,1616,1595,1571,1627,1621,1552,1598,1645,1594,1575,1628,1585,1521,1666,1671,1488,1565,1705,1574,1546,1697,1565,1459,1727,1731,1415,1533,1767,1553,1511,1750,1527,1379,1758,1783,1357,1515,1807,1517,1520,1805,1506,1342,1817,1801,1339,1529,1785,1498,1550,1820,1489,1353,1798,1774,1380,1559,1734,1506,1584,1779,1490,1421,1755,1711,1445,1606,1680,1507,1616,1727,1520,1488,1695,1648,1524,1628,1616,1525,1620,1670,1528,1559,1643,1600,1593,1631,1584,1555,1635,1629,1565,1607,1613,1572,1616,1639,1567,1582,1631,1599,1590,1628,1590,1565,1626,1625,1573,1600,1617,1584,1600,1627,1589,1573,1625,1614,1584,1601,1585,1584,1600,1627,1593,1584,1616,1611,1584,1604,1600,1589,1612,1616,1587,1589,1611,1600,1597,1616,1600,1584,1610,1602,1584,1599,1600,1602,1600,1614,1597,1591,1605,1606,1593,1622,1605,1585,1600,1593,1595,1593,1611,1601,1591,1615,1601,1593,1607,1610,1589,1587,1609,1604,1595,1603,1605,1590,1611,1603,1593,1597,1600,1602,1571,1603,1600,1596,1601,1605,1598,1600,1601,1604,1593,1600,1601,1602,1600,1601,1600,1598,1615,1605,1597,1602,1609,1597,1610,1603,1588,1600,1609,1600,1600,1609,1593,1607,1613,1603,1587,1604,1603,1599,1600,1609,1589,1593,1605,1617,1587,1590,1606,1589,1603,1616,1586,1593,1616,1602,1595,1602,1603,1585,1608,1615,1587,1587,1607,1607,1586,1611,1611,1587,1651,1613,1600,1590,1611,1598,1600,1608,1597,1590,1610,1610,1586,1599,1607,1599,1601,1600,1595,1595,1606,1609,1597,1600,1601,1597,1601,1609,1598,1616,1600,1603,1600,1587,1600,1606,1600,1605,1600,1594,1602,1600,1597,1605,1603,1591,1595,1604,1597,1603,1600,1601,1641,1603,1600,1600,1598,1606,1600,1600,1600,1602,1599,1600,1602,1598,1602,1606,1600,1602,1600,1590,1600,1604,1600,1601,1597,1606,1600,1601,1603,1601,1605,1600,1600,1598,1600,1605,1587,1600,1601,1603,1605,1609,1601,1597,1603,1600,1605,1602,1594,1602,1611,1606,1602,1600,1601,1600,1612,1600,1600,1600,1601,1601,1600,1601,1599,1600,1600,1607,1601,1600,1600,1600,1601,1600,1603,1642,1601,1610,1603,1600,1600,1648,1602,1604,1598,1604,1600,1605,1600,1601,1597,1604,1601,1601,1600,1600,1595,1599,1603,1599,1589,1600,1606,1600,1605,1600,1601,1600,1598,1602,1601,1601,1600,1602,1603,1599,1597,1603,1586,1606,1605,1599,1601,1600,1600,1605,1606,1603,1602,1600,1607,1584,1600,1601,1600,1602,1600,1606,1603,1598,1600,1599,1601,1600,1600,1599,1602,1600,1601,1590,1604,1595,1600,1622,1603,1602,1609,1600,1600,1600,1605,1609,1604,1602,1603,1601,1601,1607,1600,1603,1616,1606,1597,1606,1602,1605,1589,1601,1605,1607,1600,1600,1605,1602,1607,1600,1605,1602,1600,1600,1600,1609,1603,1600,1605,1602,1605,1601,1602,1617,1601,1590,1613,1598,1604,1601,1605,1603,1600,1602,1607,1610,1575,1599,1594,1602,1594,1600,1600,1608,1610,1601,1601,1603,1603,1600
1597,1600,1600,1594,1599,1583,1595,1591,1583,1598,1594,1600,1607,1609,1607,1584,1585,1590,1590,1597,1595,1595,1594,1614,1598,1598,1605,1591,1587,1602,1595,1605,1598,1596,1595,1595,1607,1602,1594,1584,1599,1598,1599,1616,1603,1606,1595,1596,1602,1591,1600,1602,1599,1593,1601,1597,1600,1600,1598,1592,1597,1599,1603,1600,1590,1594,1601,1599,1594,1611,1590,1584,1615,1629,1570,1595,1626,1582,1575,1639,1586,1556,1644,1643,1520,1584,1662,1583,1568,1657,1574,1505,1680,1690,1486,1558,1698,1554,1553,1707,1549,1456,1726,1711,1437,1563,1728,1535,1570,1730,1523,1435,1751,1712,1440,1574,1743,1513,1594,1746,1507,1453,1739,1682,1458,1600,1667,1513,1616,1723,1513,1481,1714,1648,1504,1606,1635,1514,1631,1682,1520,1509,1680,1616,1552,1640,1602,1520,1648,1659,1534,1568,1648,1581,1581,1647,1589,1546,1620,1627,1559,1598,1629,1568,1600,1637,1574,1566,1636,1612,1578,1611,1602,1570,1616,1631,1575,1581,1623,1600,1590,1603,1598,1603,1619,1618,1584,1596,1616,1634,1596,1616,1591,1585,1609,1610,1584,1603,1600,1597,1597,1616,1594,1594,1600,1601,1589,1603,1615,1593,1609,1609,1573,1600,1619,1595,1603,1607,1607,1589,1605,1600,1597,1595,1609,1599,1601,1602,1602,1594,1600,1600,1600,1600,1600,1595,1600,1606,1598,1607,1600,1600,1600,1575,1598,1600,1600,1603,1601,1600,1600,1600,1600,1601,1599,1600,1600,1603,1601,1600,1601,1598,1600,1599,1605,1593,1605,1601,1600,1600,1594,1586,1600,1603,1595,1605,1597,1603,1600,1600,1586,1597,1607,1599,1601,1595,1615,1597,1595,1599,1605,1598,1571,1600,1591,1599,1600,1611,1595,1601,1601,1600,1603,1603,1602,1595,1604,1598,1608,1606,1606,1600,1600,1601,1603,1597,1600,1606,1598,1598,1601,1601,1601,1600,1603,1601,1599,1598,1600,1605,1595,1602,1597,1601,1597,1600,1600,1600,1597,1596,1603,1599,1597,1598,1600,1595,1601,1601,1589,1599,1600,1601,1600,1599,1600,1600,1600,1600,1600,1589,1601,1601,1596,1643,1600,1615,1600,1598,1600,1584,1602,1599,1601,1599,1609,1595,1604,1597,1600,1600,1600,1600,1594,1602,1611,1599,1648,1602,1612,1598,1599,1600,1600,1602,1599,1597,1598,1607,1602,1600,1600,1594,1598,1603,1600,1600,1599,1603,1597,1606,1598,1605,1599,1591,1599,1606,1603,1601,1600,1579,1607,1599,1599,1599,1600,1605,1605,1600,1600,1600,1607,1600,1595,1599,1591,1599,1594,1602,1577,1601,1600,1600,1612,1597,1601,1599,1601,1602,1597,1597,1601,1603,1600,1600,1600,1601,1599,1601,1603,1600,1600,1600,1599,1602,1600,1600,1599,1602,1599,1601,1584,1606,1578,1600,1600,1594,1594,1590,1582,1600,1597,1598,1600,1600,1600,1600,1597,1600,1601,1598,1609,1601,1549,1600,1600,1600,1600,1601,1597,1603,1598,1600,1601,1602,1600,1599,1598,1601,1600,1603,1643,1601,1610,1600,1603,1600,1653,1598,1600,1600,1596,1587,1599,1605,1600,1600,1600,1600,1602,1600,1600,1605,1602,1585,1597,1602,1597,1599,1600,1602,1598,1599,1599,1582,1607,1593,1602,1599,1602,1601,1602,1595,1605,1602,1591,1599,1600,1600,1605,1600,1587,1599,1602,1600,1602,1600,1600,1600,1601,1601,1597,1602,1597,1605,1599,1600,1597,1604,1601,1596,1600,1579,1600,1611,1601,1600,1601,1603,1599,1610,1603,1600,1599,1634,1600,1606,1605,1601,1600,1599
1602,1599,1606,1598,1600,1601,1599,1578,1610,1599,1584,1584,1599,1600,1601,1611,1597,1589,1612,1600,1575,1600,1595,1600,1600,1615,1598,1599,1597,1600,1593,1601,1601,1600,1600,1607,1586,1589,1609,1603,1579,1596,1602,1601,1599,1610,1611,1602,1591,1594,1602,1598,1599,1599,1601,1599,1600,1598,1599,1599,1601,1601,1600,1602,1601,1641,1594,1600,1611,1598,1593,1568,1605,1586,1615,1620,1578,1584,1645,1600,1575,1616,1597,1558,1636,1643,1525,1574,1680,1591,1557,1649,1607,1507,1665,1690,1488,1552,1712,1584,1535,1696,1583,1456,1710,1729,1439,1535,1737,1565,1529,1722,1561,1435,1728,1744,1438,1561,1727,1558,1552,1731,1549,1447,1725,1710,1456,1578,1701,1521,1586,1727,1520,1465,1724,1675,1530,1603,1671,1517,1617,1705,1535,1503,1694,1635,1527,1629,1621,1526,1629,1676,1534,1552,1662,1603,1568,1637,1597,1546,1644,1648,1553,1581,1636,1600,1594,1636,1584,1563,1637,1621,1570,1601,1616,1583,1604,1628,1581,1582,1625,1606,1585,1605,1596,1584,1600,1615,1586,1588,1617,1596,1603,1607,1600,1585,1610,1611,1589,1597,1604,1593,1600,1607,1598,1594,1611,1605,1587,1616,1602,1591,1600,1612,1587,1596,1609,1600,1591,1603,1590,1597,1607,1602,1599,1599,1623,1600,1600,1607,1600,1599,1606,1603,1584,1603,1602,1599,1607,1602,1597,1602,1615,1604,1597,1604,1599,1596,1600,1600,1598,1603,1598,1600,1601,1601,1599,1601,1600,1601,1600,1601,1610,1600,1605,1600,1589,1601,1602,1600,1600,1604,1599,1600,1601,1600,1601,1605,1598,1602,1600,1600,1597,1600,1609,1602,1600,1603,1600,1599,1602,1601,1603,1600,1600,1603,1603,1600,1602,1599,1601,1599,1602,1600,1600,1597,1603,1595,1605,1600,1597,1599,1606,1597,1605,1605,1595,1600,1602,1597,1602,1607,1601,1602,1602,1601,1596,1597,1600,1605,1600,1602,1604,1600,1602,1607,1601,1600,1597,1600,1601,1602,1600,1611,1600,1605,1599,1600,1600,1600,1598,1606,1599,1605,1599,1602,1601,1599,1600,1598,1600,1599,1595,1601,1585,1600,1584,1601,1599,1602,1600,1601,1599,1606,1600,1606,1602,1603,1599,1600,1595,1599,1601,1603,1602,1605,1602,1584,1600,1573,1602,1600,1602,1622,1599,1600,1598,1600,1600,1600,1601,1600,1594,1600,1599,1600,1610,1598,1602,1602,1599,1600,1600,1600,1602,1600,1600,1601,1598,1597,1600,1598,1600,1600,1603,1616,1600,1611,1596,1601,1604,1603,1599,1605,1600,1596,1602,1600,1600,1613,1600,1609,1600,1604,1600,1599,1599,1599,1601,1600,1601,1599,1599,1604,1600,1600,1599,1599,1600,1600,1585,1600,1593,1599,1607,1600,1590,1602,1602,1601,1601,1602,1603,1601,1600,1604,1600,1597,1602,1599,1600,1600,1597,1596,1604,1600,1600,1601,1598,1602,1600,1602,1599,1600,1598,1591,1601,1600,1603,1599,1601,1599,1600,1601,1599,1596,1601,1599,1594,1601,1603,1600,1600,1597,1601,1614,1600,1601,1599,1600,1616,1583,1600,1600,1599,1600,1600,1600,1605,1600,1602,1600,1599,1600,1602,1604,1590,1601,1605,1597,1603,1600,1575,1602,1600,1603,1600,1595,1600,1601,1600,1602,1598,1597,1602,1604,1595,1601,1601,1600,1599,1603,1600,1599,1602,1598,1597,1601,1604,1594,1603,1600,1600,1600,1603,1601,1600,1600,1598,1598,1603,1600,1599,1600,1601,1600,1591,1601,1595,1597,1580,1601,1599,1601,1602,1594,1602,1601,1599,1597
1595,1584,1601,1601,1607,1598,1598,1609,1596,1600,1600,1610,1598,1603,1602,1600,1583,1600,1604,1599,1584,1600,1597,1600,1606,1600,1610,1591,1609,1601,1600,1606,1600,1604,1609,1599,1602,1598,1601,1591,1600,1611,1595,1584,1605,1605,1601,1602,1600,1607,1587,1600,1607,1600,1587,1600,1600,1606,1600,1602,1618,1600,1593,1601,1602,1600,1606,1604,1611,1584,1612,1616,1573,1584,1627,1600,1582,1625,1587,1569,1633,1638,1535,1584,1651,1586,1578,1637,1582,1535,1654,1681,1508,1579,1683,1556,1568,1682,1571,1488,1695,1686,1472,1568,1701,1553,1573,1707,1543,1472,1696,1693,1472,1584,1680,1535,1578,1716,1520,1477,1738,1675,1488,1602,1657,1517,1613,1711,1518,1499,1701,1643,1514,1623,1626,1507,1637,1690,1515,1546,1678,1597,1551,1654,1594,1519,1643,1671,1533,1573,1649,1587,1584,1644,1580,1549,1638,1643,1553,1591,1629,1577,1595,1638,1573,1568,1632,1619,1567,1606,1613,1576,1604,1634,1575,1575,1627,1615,1584,1603,1600,1597,1611,1616,1583,1590,1615,1595,1594,1609,1600,1585,1605,1600,1590,1597,1606,1601,1600,1600,1596,1594,1606,1603,1595,1598,1602,1600,1600,1601,1603,1594,1614,1600,1647,1603,1600,1600,1606,1603,1583,1600,1605,1609,1599,1600,1600,1597,1607,1600,1591,1606,1599,1593,1600,1600,1602,1603,1600,1600,1600,1605,1594,1584,1599,1606,1602,1616,1595,1598,1600,1601,1597,1600,1601,1600,1597,1601,1600,1599,1600,1605,1599,1584,1600,1582,1598,1602,1600,1600,1599,1584,1602,1599,1600,1599,1600,1599,1600,1600,1586,1597,1607,1605,1616,1595,1598,1594,1614,1600,1598,1599,1598,1600,1605,1603,1600,1594,1600,1597,1600,1600,1600,1594,1593,1600,1600,1601,1600,1600,1600,1600,1599,1602,1600,1589,1601,1583,1603,1613,1599,1603,1600,1599,1600,1600,1598,1601,1595,1600,1581,1602,1600,1596,1573,1595,1601,1598,1605,1600,1600,1600,1581,1605,1587,1597,1601,1598,1597,1599,1601,1596,1600,1598,1601,1595,1599,1600,1602,1596,1602,1598,1600,1591,1600,1596,1600,1598,1600,1598,1600,1599,1600,1600,1569,1600,1595,1602,1591,1603,1604,1593,1601,1596,1600,1599,1598,1599,1606,1600,1616,1601,1600,1599,1600,1599,1596,1600,1601,1599,1600,1599,1599,1599,1601,1599,1599,1597,1600,1597,1600,1604,1593,1611,1599,1619,1596,1613,1598,1603,1591,1612,1597,1604,1600,1600,1598,1600,1602,1595,1600,1595,1600,1599,1584,1599,1581,1602,1588,1600,1607,1598,1600,1600,1599,1600,1599,1600,1600,1600,1601,1600,1600,1599,1599,1599,1598,1600,1594,1602,1599,1616,1601,1598,1600,1585,1600,1600,1600,1597,1597,1601,1598,1600,1599,1600,1597,1598,1604,1598,1599,1598,1600,1602,1595,1601,1589,1600,1597,1598,1601,1600,1648,1600,1602,1600,1601,1594,1600,1600,1599,1597,1599,1601,1602,1597,1602,1600,1602,1598,1601,1600,1616,1595,1629,1598,1601,1600,1609,1600,1601,1599,1600,1600,1597,1601,1600,1600,1601,1599,1600,1600,1600,1600,1599,1587,1600,1600,1601,1611,1600,1584,1597,1591,1597,1577,1600,1610,1601,1600,1602,1598,1600,1600,1606,1595,1600,1599,1597,1600,1599,1604,1601,1600,1595,1598,1600,1594,1600,1600,1599,1594,1600,1600,1602,1600,1599,1615,1600,1596,1601,1607,1599,1583,1600,1602,1599,1600,1599,1605,1600,1599,1597,1595,1600,1601,1601,1601,1600,1602
1600,1597,1600,1605,1597,1594,1593,1601,1605,1581,1602,1602,1599,1596,1600,1604,1596,1606,1609,1604,1603,1598,1600,1594,1597,1603,1598,1607,1610,1602,1613,1594,1600,1591,1591,1616,1596,1608,1611,1600,1604,1599,1605,1566,1600,1605,1610,1600,1601,1600,1600,1591,1599,1611,1591,1598,1604,1611,1593,1600,1605,1584,1600,1595,1604,1605,1591,1598,1614,1602,1584,1611,1603,1584,1610,1630,1568,1584,1623,1606,1579,1625,1601,1547,1616,1657,1521,1552,1687,1600,1542,1650,1600,1495,1667,1716,1460,1518,1740,1603,1497,1691,1599,1440,1712,1749,1418,1491,1776,1579,1497,1713,1575,1398,1731,1776,1395,1497,1775,1567,1516,1744,1563,1398,1743,1762,1413,1525,1744,1552,1550,1738,1547,1429,1738,1719,1429,1565,1696,1545,1588,1712,1534,1474,1707,1673,1491,1600,1653,1534,1602,1689,1535,1515,1667,1648,1546,1613,1620,1547,1617,1648,1559,1555,1648,1611,1567,1614,1610,1563,1617,1638,1571,1574,1630,1600,1584,1614,1595,1577,1627,1619,1603,1587,1616,1599,1594,1605,1600,1588,1607,1601,1593,1598,1605,1600,1597,1605,1601,1590,1600,1602,1600,1592,1606,1597,1597,1595,1602,1599,1600,1612,1599,1602,1600,1610,1600,1602,1603,1599,1595,1600,1602,1598,1602,1598,1597,1599,1600,1601,1597,1600,1595,1601,1600,1603,1590,1600,1603,1602,1599,1600,1597,1598,1605,1600,1597,1592,1605,1591,1596,1591,1599,1602,1600,1601,1590,1597,1603,1603,1597,1600,1590,1591,1605,1603,1595,1593,1600,1599,1590,1603,1593,1598,1601,1602,1591,1595,1600,1596,1589,1605,1596,1601,1607,1603,1593,1584,1600,1587,1599,1584,1599,1585,1602,1599,1588,1598,1601,1592,1599,1600,1584,1585,1607,1603,1593,1597,1643,1595,1607,1601,1594,1593,1611,1598,1597,1591,1601,1587,1600,1599,1591,1597,1599,1600,1589,1601,1591,1600,1597,1605,1589,1612,1602,1605,1596,1602,1595,1575,1600,1603,1600,1596,1601,1587,1594,1597,1595,1600,1599,1599,1586,1599,1601,1599,1599,1600,1591,1598,1584,1600,1617,1593,1595,1597,1599,1599,1599,1597,1599,1595,1597,1600,1594,1591,1600,1598,1591,1593,1597,1600,1595,1606,1595,1595,1595,1598,1594,1591,1594,1592,1599,1600,1595,1599,1597,1599,1590,1596,1590,1603,1591,1598,1600,1601,1604,1597,1600,1597,1641,1597,1600,1593,1598,1595,1593,1599,1601,1596,1597,1594,1594,1600,1598,1600,1596,1595,1598,1599,1596,1595,1599,1599,1589,1594,1597,1597,1591,1600,1598,1595,1594,1587,1600,1599,1582,1594,1603,1600,1594,1591,1600,1600,1595,1593,1606,1599,1590,1600,1598,1597,1584,1603,1591,1597,1600,1597,1599,1597,1597,1595,1600,1597,1600,1591,1600,1595,1590,1584,1600,1594,1595,1589,1595,1598,1594,1600,1599,1562,1602,1591,1599,1598,1599,1591,1599,1593,1600,1594,1600,1596,1615,1598,1600,1595,1581,1595,1594,1600,1600,1589,1594,1597,1600,1590,1600,1599,1593,1595,1605,1594,1597,1597,1606,1591,1584,1594,1594,1593,1587,1599,1599,1590,1594,1598,1584,1595,1598,1600,1600,1599,1595,1600,1595,1604,1602,1590,1606,1586,1599,1596,1601,1601,1600,1600,1594,1605,1599,1590,1599,1595,1602,1584,1598,1595,1598,1595,1600,1595,1599,1598,1621,1593,1607,1593,1607,1593,1593,1611,1600,1600,1599,1600,1602,1600,1600,1598,1598,1596,1598,1600,1595,1600,1598,1595,1600,1600,1593,1594
1595,1601,1597,1599,1611,1605,1600,1600,1601,1599,1600,1616,1594,1609,1600,1607,1615,1595,1606,1594,1618,1613,1604,1604,1602,1600,1607,1597,1603,1601,1600,1615,1594,1613,1616,1607,1600,1601,1606,1589,1600,1622,1594,1615,1609,1601,1607,1595,1600,1611,1601,1583,1606,1599,1595,1600,1603,1597,1597,1603,1600,1600,1600,1601,1580,1598,1600,1603,1584,1593,1618,1610,1578,1600,1615,1583,1614,1630,1563,1558,1655,1616,1549,1616,1616,1545,1638,1680,1519,1525,1705,1616,1519,1648,1622,1489,1652,1732,1477,1499,1744,1607,1488,1664,1623,1454,1683,1755,1438,1472,1780,1621,1483,1689,1613,1427,1698,1769,1439,1499,1763,1597,1509,1707,1607,1439,1699,1735,1458,1529,1712,1577,1553,1699,1571,1465,1693,1698,1488,1561,1678,1563,1588,1680,1561,1507,1676,1648,1524,1607,1630,1552,1616,1662,1549,1552,1665,1611,1559,1621,1600,1552,1633,1643,1558,1571,1642,1593,1585,1635,1595,1553,1633,1637,1550,1586,1617,1587,1596,1633,1587,1557,1631,1621,1570,1596,1616,1584,1597,1628,1590,1585,1620,1608,1583,1601,1613,1573,1602,1622,1587,1557,1615,1626,1593,1607,1600,1585,1602,1616,1588,1593,1607,1600,1606,1602,1595,1588,1607,1605,1579,1600,1607,1594,1565,1607,1609,1596,1614,1598,1595,1600,1603,1588,1603,1600,1591,1599,1604,1597,1597,1605,1605,1591,1600,1605,1597,1611,1607,1599,1599,1606,1600,1601,1600,1600,1597,1597,1600,1601,1593,1604,1606,1599,1599,1599,1600,1599,1609,1594,1591,1604,1600,1584,1603,1610,1599,1584,1599,1603,1600,1597,1600,1600,1598,1600,1600,1598,1591,1603,1602,1595,1604,1600,1605,1599,1609,1598,1598,1600,1593,1600,1599,1601,1597,1598,1600,1597,1599,1605,1600,1586,1600,1607,1591,1588,1603,1606,1591,1600,1601,1601,1597,1616,1595,1600,1613,1600,1589,1601,1596,1596,1605,1611,1590,1590,1605,1599,1591,1606,1601,1587,1605,1599,1589,1594,1610,1599,1590,1601,1605,1588,1600,1601,1594,1595,1611,1610,1594,1585,1604,1591,1598,1599,1599,1602,1603,1600,1600,1607,1602,1597,1600,1612,1600,1587,1615,1603,1599,1599,1600,1599,1599,1601,1602,1600,1606,1595,1602,1599,1600,1597,1597,1603,1589,1597,1608,1600,1595,1600,1603,1600,1600,1599,1599,1600,1600,1595,1600,1600,1595,1596,1600,1603,1595,1591,1600,1600,1599,1594,1600,1601,1594,1587,1597,1602,1600,1601,1599,1598,1602,1599,1601,1596,1597,1600,1599,1599,1607,1600,1599,1600,1616,1597,1602,1598,1599,1598,1593,1600,1603,1594,1600,1600,1600,1593,1600,1600,1596,1599,1603,1600,1600,1584,1600,1587,1600,1608,1600,1606,1600,1613,1600,1605,1600,1601,1600,1605,1597,1594,1603,1601,1597,1600,1605,1598,1598,1600,1600,1597,1597,1600,1591,1599,1593,1598,1595,1601,1597,1600,1602,1598,1601,1599,1596,1598,1601,1603,1600,1597,1600,1601,1613,1594,1601,1600,1605,1596,1600,1591,1594,1601,1602,1599,1599,1601,1595,1602,1595,1600,1599,1600,1602,1600,1601,1597,1598,1601,1603,1594,1600,1603,1596,1603,1599,1600,1599,1598,1600,1603,1600,1597,1605,1601,1603,1596,1600,1601,1602,1600,1597,1600,1600,1602,1595,1598,1616,1602,1600,1596,1598,1601,1610,1601,1601,1600,1597,1600,1601,1601,1599,1600,1601,1602,1603,1598,1597,1600,1602,1614,1600,1606,1599,1647,1601,1611,1600,1598,1604,1589
1595,1601,1591,1603,1612,1648,1607,1603,1600,1605,1601,1613,1594,1606,1605,1600,1607,1600,1615,1603,1600,1612,1601,1614,1616,1607,1613,1598,1605,1599,1598,1609,1599,1604,1603,1601,1606,1599,1600,1598,1591,1616,1595,1607,1615,1606,1612,1595,1601,1608,1591,1600,1603,1602,1600,1601,1600,1602,1597,1609,1600,1605,1597,1603,1600,1598,1602,1609,1587,1587,1625,1603,1573,1585,1617,1574,1605,1635,1557,1563,1664,1622,1535,1606,1634,1543,1635,1680,1531,1516,1707,1634,1518,1633,1646,1495,1665,1737,1475,1477,1754,1649,1458,1648,1649,1456,1659,1776,1437,1456,1789,1644,1454,1664,1633,1424,1682,1787,1424,1476,1778,1616,1476,1701,1606,1427,1697,1763,1441,1497,1740,1599,1519,1698,1584,1457,1696,1723,1477,1548,1695,1575,1556,1683,1570,1490,1676,1673,1509,1586,1655,1559,1598,1671,1561,1523,1657,1644,1545,1600,1632,1564,1603,1652,1574,1552,1647,1612,1565,1613,1616,1573,1606,1635,1581,1568,1632,1616,1579,1601,1613,1583,1604,1622,1584,1583,1619,1616,1584,1598,1615,1588,1600,1616,1594,1583,1610,1607,1587,1600,1607,1594,1594,1615,1599,1586,1607,1610,1589,1594,1610,1590,1593,1603,1596,1600,1605,1601,1593,1600,1606,1600,1599,1597,1605,1600,1595,1604,1596,1599,1607,1603,1591,1600,1600,1600,1605,1601,1598,1597,1616,1605,1584,1600,1611,1599,1595,1607,1600,1599,1598,1603,1600,1603,1606,1600,1601,1600,1603,1597,1599,1601,1600,1599,1614,1600,1589,1597,1610,1600,1600,1597,1610,1598,1598,1604,1600,1597,1601,1604,1598,1603,1603,1599,1600,1601,1600,1600,1602,1599,1600,1605,1603,1615,1597,1607,1600,1605,1614,1590,1597,1602,1602,1599,1601,1602,1599,1600,1600,1595,1601,1602,1600,1597,1612,1602,1620,1602,1613,1597,1605,1605,1584,1594,1607,1601,1589,1609,1601,1598,1600,1603,1587,1600,1614,1601,1595,1602,1603,1590,1600,1620,1597,1573,1613,1600,1596,1606,1600,1613,1603,1614,1588,1591,1613,1607,1586,1601,1611,1594,1577,1610,1595,1591,1618,1602,1568,1598,1607,1593,1604,1612,1589,1596,1610,1601,1591,1604,1603,1589,1594,1614,1595,1598,1606,1603,1597,1600,1598,1596,1601,1609,1598,1591,1601,1590,1598,1601,1581,1597,1600,1601,1579,1601,1599,1597,1587,1603,1623,1595,1600,1601,1600,1603,1598,1599,1600,1605,1603,1595,1587,1596,1602,1601,1595,1600,1600,1600,1599,1600,1600,1600,1600,1600,1598,1601,1601,1598,1599,1600,1597,1578,1601,1598,1600,1606,1599,1600,1596,1611,1603,1600,1606,1594,1599,1600,1600,1600,1600,1601,1600,1599,1600,1602,1601,1600,1601,1596,1606,1599,1600,1596,1606,1600,1600,1599,1600,1605,1601,1599,1598,1601,1601,1602,1600,1597,1604,1610,1603,1593,1601,1597,1600,1611,1595,1600,1599,1603,1600,1605,1599,1601,1602,1599,1597,1597,1603,1597,1600,1600,1608,1596,1600,1584,1600,1599,1600,1574,1602,1591,1604,1612,1595,1602,1597,1600,1598,1606,1597,1600,1603,1600,1595,1601,1600,1600,1615,1600,1600,1593,1610,1601,1597,1598,1602,1600,1601,1597,1599,1602,1600,1598,1595,1607,1600,1600,1603,1600,1601,1598,1604,1610,1600,1606,1600,1601,1600,1619,1600,1600,1600,1582,1600,1599,1597,1600,1605,1600,1597,1603,1600,1600,1598,1602,1600,1599,1597,1603,1600,1601,1599,1598,1602,1600,1595,1598,1597,1605,1600,1617
1598,1597,1599,1595,1584,1597,1601,1595,1597,1618,1600,1600,1599,1606,1591,1557,1597,1599,1599,1601,1600,1588,1597,1602,1595,1597,1600,1591,1600,1600,1595,1595,1601,1598,1601,1597,1600,1599,1603,1591,1597,1591,1597,1609,1603,1593,1595,1606,1598,1595,1604,1598,1600,1594,1598,1599,1592,1593,1600,1595,1600,1607,1600,1611,1588,1599,1606,1600,1589,1603,1599,1587,1617,1616,1563,1587,1633,1585,1581,1623,1584,1552,1635,1640,1535,1584,1648,1585,1555,1659,1570,1505,1673,1685,1483,1558,1696,1563,1559,1696,1549,1458,1724,1707,1445,1559,1712,1535,1565,1763,1534,1445,1730,1719,1438,1573,1705,1521,1587,1734,1517,1447,1737,1701,1455,1591,1680,1509,1603,1727,1507,1476,1723,1660,1499,1616,1643,1506,1632,1697,1520,1517,1685,1622,1533,1630,1616,1521,1639,1680,1535,1552,1661,1559,1570,1633,1593,1547,1635,1648,1551,1584,1634,1593,1587,1621,1579,1567,1607,1623,1574,1584,1613,1590,1588,1616,1590,1586,1605,1612,1585,1602,1605,1590,1589,1614,1591,1589,1610,1601,1595,1600,1597,1595,1601,1600,1597,1599,1595,1600,1599,1606,1590,1603,1602,1600,1594,1603,1594,1593,1600,1609,1590,1594,1598,1605,1599,1603,1600,1597,1604,1600,1595,1601,1604,1593,1597,1600,1601,1598,1600,1602,1614,1599,1600,1600,1594,1609,1606,1593,1607,1594,1597,1599,1603,1598,1600,1598,1594,1600,1600,1604,1589,1601,1606,1603,1582,1591,1604,1600,1591,1600,1600,1587,1603,1602,1588,1603,1603,1601,1597,1604,1600,1595,1605,1600,1595,1600,1602,1597,1589,1603,1602,1596,1607,1600,1597,1597,1610,1601,1600,1608,1600,1600,1605,1596,1599,1599,1600,1594,1600,1605,1600,1602,1601,1599,1586,1607,1616,1595,1607,1604,1600,1601,1597,1599,1600,1604,1599,1595,1607,1601,1598,1598,1595,1600,1600,1601,1595,1601,1600,1599,1600,1602,1600,1600,1600,1600,1600,1600,1595,1600,1600,1603,1600,1594,1593,1600,1607,1601,1597,1600,1607,1597,1600,1599,1594,1601,1600,1603,1595,1599,1600,1600,1602,1600,1600,1581,1602,1595,1601,1602,1597,1597,1603,1601,1600,1600,1598,1601,1602,1599,1600,1600,1600,1571,1599,1591,1602,1600,1600,1587,1599,1602,1601,1597,1600,1600,1597,1600,1595,1604,1601,1600,1598,1601,1600,1600,1576,1600,1591,1601,1605,1597,1589,1604,1602,1600,1595,1596,1600,1602,1601,1598,1600,1600,1599,1599,1599,1604,1602,1598,1600,1601,1604,1568,1598,1587,1602,1604,1599,1593,1600,1600,1600,1600,1599,1603,1601,1602,1602,1600,1600,1601,1597,1600,1601,1596,1594,1603,1594,1597,1607,1601,1645,1597,1600,1602,1598,1603,1600,1606,1599,1601,1599,1598,1600,1598,1603,1595,1600,1600,1603,1600,1600,1619,1600,1611,1597,1599,1603,1606,1597,1600,1602,1600,1600,1601,1598,1600,1605,1594,1597,1601,1607,1600,1600,1601,1585,1600,1600,1600,1600,1600,1599,1610,1596,1604,1596,1601,1600,1603,1600,1600,1603,1595,1605,1600,1609,1595,1599,1600,1600,1600,1600,1600,1600,1597,1598,1600,1601,1600,1599,1595,1602,1601,1599,1573,1599,1608,1606,1600,1609,1586,1599,1603,1606,1596,1610,1600,1603,1599,1605,1598,1606,1597,1594,1601,1603,1600,1600,1599,1600,1601,1604,1600,1600,1602,1603,1596,1600,1604,1582,1601,1593,1603,1600,1600,1600,1603,1601,1600,1600,1600,1607,1600,1600,1597,1600,1600
1603,1599,1600,1600,1600,1601,1588,1600,1599,1602,1611,1615,1609,1584,1621,1598,1595,1602,1595,1605,1600,1612,1600,1597,1611,1595,1600,1600,1601,1603,1599,1609,1600,1590,1605,1597,1589,1593,1598,1595,1595,1616,1597,1596,1610,1602,1606,1600,1600,1610,1600,1596,1601,1600,1602,1600,1602,1600,1600,1600,1600,1600,1601,1603,1595,1598,1594,1603,1593,1603,1607,1601,1594,1603,1606,1593,1603,1616,1582,1584,1627,1615,1573,1611,1613,1571,1615,1647,1558,1546,1657,1621,1547,1616,1627,1535,1626,1679,1520,1529,1698,1627,1520,1629,1626,1504,1648,1712,1493,1505,1728,1621,1520,1648,1631,1483,1664,1725,1483,1511,1719,1603,1523,1664,1600,1487,1664,1708,1494,1535,1691,1591,1553,1661,1584,1511,1660,1687,1523,1612,1652,1597,1584,1655,1582,1535,1644,1648,1555,1597,1618,1578,1600,1639,1579,1572,1626,1614,1582,1610,1607,1581,1593,1618,1586,1587,1615,1597,1598,1614,1600,1584,1613,1603,1597,1600,1610,1587,1603,1614,1593,1602,1615,1600,1598,1605,1600,1587,1605,1612,1595,1594,1606,1600,1595,1606,1600,1594,1605,1601,1598,1604,1600,1600,1599,1607,1600,1599,1602,1601,1600,1607,1600,1601,1614,1606,1594,1603,1611,1600,1598,1606,1600,1600,1595,1601,1601,1600,1600,1600,1603,1601,1600,1600,1607,1597,1600,1597,1602,1584,1603,1611,1598,1599,1607,1600,1602,1603,1598,1599,1602,1602,1595,1603,1602,1600,1605,1599,1600,1595,1605,1599,1603,1600,1600,1588,1600,1607,1611,1600,1600,1600,1597,1600,1605,1601,1599,1600,1598,1603,1610,1600,1611,1599,1602,1600,1601,1600,1600,1602,1596,1602,1601,1604,1599,1600,1605,1603,1599,1601,1602,1600,1594,1605,1603,1602,1599,1604,1600,1597,1600,1603,1602,1605,1602,1600,1600,1594,1602,1602,1603,1596,1600,1609,1599,1598,1611,1601,1601,1600,1609,1598,1606,1600,1600,1601,1614,1600,1598,1600,1610,1600,1581,1602,1604,1600,1601,1603,1603,1601,1598,1599,1598,1607,1601,1602,1602,1598,1603,1600,1600,1603,1607,1603,1601,1597,1599,1600,1604,1603,1601,1600,1597,1601,1601,1607,1584,1602,1593,1600,1591,1601,1593,1600,1605,1602,1603,1600,1600,1600,1606,1600,1600,1595,1601,1600,1600,1599,1600,1607,1602,1601,1598,1601,1605,1603,1597,1601,1600,1609,1601,1600,1600,1615,1602,1598,1601,1615,1611,1600,1602,1611,1603,1598,1605,1598,1600,1600,1600,1606,1607,1600,1606,1600,1602,1599,1602,1600,1610,1600,1599,1603,1610,1600,1603,1600,1605,1609,1601,1602,1604,1604,1602,1601,1601,1603,1600,1599,1607,1600,1609,1600,1600,1602,1607,1604,1600,1609,1602,1603,1601,1606,1599,1600,1600,1604,1600,1613,1600,1607,1603,1603,1602,1606,1606,1600,1601,1600,1614,1601,1599,1600,1595,1601,1580,1609,1600,1602,1600,1605,1605,1601,1601,1606,1602,1600,1600,1600,1606,1606,1609,1601,1605,1603,1599,1603,1600,1600,1583,1607,1601,1603,1600,1606,1601,1607,1603,1605,1603,1601,1607,1601,1607,1599,1601,1606,1604,1598,1607,1591,1606,1611,1600,1615,1602,1603,1603,1591,1603,1602,1605,1602,1601,1609,1604,1600,1607,1600,1600,1603,1602,1603,1607,1600,1607,1601,1599,1601,1610,1603,1600,1605,1601,1600,1600,1614,1605,1585,1603,1619,1603,1601,1605,1600,1600,1602,1605,1600,1602,1611,1600,1600,1598,1601,1607,1609,1574,1600,1606,1601
1599,1590,1595,1599,1591,1600,1594,1595,1601,1603,1597,1595,1593,1594,1600,1606,1591,1603,1598,1600,1597,1595,1596,1596,1596,1595,1599,1597,1600,1602,1598,1600,1601,1594,1600,1596,1597,1600,1595,1600,1600,1599,1600,1595,1600,1595,1616,1600,1595,1594,1598,1599,1593,1605,1597,1594,1600,1598,1610,1591,1599,1600,1632,1595,1597,1605,1598,1591,1600,1601,1583,1600,1606,1595,1586,1626,1586,1578,1632,1628,1553,1619,1637,1569,1589,1646,1563,1531,1662,1619,1510,1585,1651,1555,1595,1681,1547,1488,1710,1669,1469,1582,1669,1520,1587,1725,1497,1453,1750,1680,1455,1600,1681,1499,1607,1747,1493,1454,1741,1667,1461,1616,1663,1489,1628,1729,1495,1471,1727,1639,1486,1630,1642,1478,1639,1710,1495,1505,1696,1634,1522,1641,1616,1503,1639,1679,1519,1551,1663,1602,1557,1638,1594,1530,1620,1648,1547,1574,1643,1591,1587,1633,1579,1557,1627,1627,1565,1595,1618,1584,1600,1616,1589,1584,1614,1605,1583,1602,1599,1606,1600,1619,1589,1606,1602,1599,1597,1601,1597,1600,1604,1600,1600,1598,1599,1593,1603,1601,1585,1600,1600,1595,1613,1606,1595,1597,1612,1602,1590,1606,1598,1594,1600,1605,1587,1593,1611,1600,1589,1600,1601,1588,1605,1605,1585,1594,1605,1600,1593,1606,1595,1587,1602,1600,1590,1599,1601,1599,1600,1599,1600,1593,1600,1601,1583,1600,1584,1595,1597,1612,1595,1591,1604,1601,1590,1600,1601,1635,1595,1616,1595,1591,1599,1595,1599,1601,1597,1599,1600,1597,1598,1602,1597,1600,1600,1596,1583,1605,1602,1595,1602,1602,1595,1602,1598,1599,1600,1599,1600,1600,1600,1597,1600,1598,1602,1600,1600,1600,1600,1597,1599,1598,1600,1597,1602,1605,1601,1598,1605,1607,1600,1599,1598,1643,1599,1600,1603,1597,1601,1597,1600,1601,1600,1599,1601,1600,1587,1604,1607,1595,1600,1598,1599,1595,1603,1602,1597,1601,1598,1602,1599,1602,1602,1600,1600,1606,1600,1599,1611,1596,1605,1594,1602,1586,1604,1600,1604,1600,1599,1613,1603,1600,1593,1602,1601,1603,1605,1603,1606,1598,1600,1599,1600,1594,1599,1602,1609,1601,1607,1600,1589,1599,1579,1605,1591,1602,1600,1600,1600,1609,1600,1600,1600,1600,1600,1602,1597,1599,1602,1600,1599,1604,1600,1596,1603,1616,1602,1581,1599,1601,1601,1587,1602,1586,1598,1604,1601,1595,1599,1597,1600,1601,1593,1604,1600,1602,1600,1602,1602,1597,1601,1600,1600,1600,1600,1603,1600,1601,1598,1600,1600,1610,1597,1600,1601,1587,1598,1607,1600,1602,1604,1603,1600,1600,1605,1595,1601,1609,1601,1591,1600,1597,1594,1591,1600,1598,1599,1600,1600,1602,1597,1604,1601,1600,1600,1600,1601,1602,1601,1601,1577,1597,1606,1602,1605,1596,1584,1597,1604,1597,1600,1600,1602,1599,1605,1595,1598,1602,1600,1601,1602,1600,1597,1599,1596,1603,1603,1584,1609,1588,1605,1600,1605,1601,1602,1601,1600,1600,1600,1601,1598,1599,1600,1601,1601,1600,1603,1591,1599,1599,1600,1600,1600,1602,1600,1574,1603,1594,1601,1621,1598,1602,1602,1602,1600,1600,1605,1595,1600,1600,1602,1603,1598,1604,1579,1600,1616,1600,1616,1598,1635,1599,1599,1599,1605,1597,1600,1597,1600,1601,1600,1602,1600,1601,1609,1600,1599,1605,1600,1600,1600,1606,1599,1607,1604,1600,1598,1610,1613,1595,1599,1597,1600,1600,1604,1600,1595,1603,1605,1600
1603,1603,1599,1600,1591,1598,1600,1600,1605,1614,1604,1585,1614,1594,1591,1603,1597,1600,1600,1615,1599,1594,1606,1599,1593,1600,1598,1603,1599,1611,1601,1596,1606,1588,1594,1600,1600,1600,1598,1616,1600,1591,1605,1607,1602,1599,1600,1611,1597,1595,1606,1604,1597,1599,1616,1599,1595,1605,1598,1601,1601,1596,1598,1602,1591,1600,1608,1607,1594,1609,1597,1584,1608,1619,1578,1591,1628,1591,1584,1625,1600,1553,1632,1645,1552,1573,1660,1602,1571,1648,1583,1522,1666,1666,1503,1563,1681,1583,1557,1680,1565,1488,1689,1701,1486,1562,1703,1557,1568,1701,1556,1469,1710,1697,1470,1572,1698,1552,1582,1703,1551,1443,1709,1693,1478,1581,1680,1552,1590,1698,1535,1491,1698,1664,1506,1602,1663,1535,1580,1687,1555,1516,1679,1637,1533,1609,1631,1552,1615,1663,1552,1553,1657,1621,1568,1611,1616,1563,1661,1646,1582,1566,1637,1610,1575,1613,1599,1579,1613,1632,1579,1585,1616,1604,1586,1615,1598,1587,1606,1616,1591,1585,1614,1600,1600,1615,1599,1587,1603,1609,1591,1598,1607,1601,1595,1603,1598,1599,1598,1606,1599,1601,1599,1602,1635,1595,1603,1610,1599,1597,1613,1600,1599,1601,1600,1596,1600,1610,1594,1599,1600,1603,1593,1602,1613,1597,1600,1602,1598,1600,1601,1583,1599,1607,1607,1598,1601,1601,1594,1600,1603,1600,1599,1602,1607,1600,1600,1601,1603,1596,1601,1601,1600,1600,1602,1600,1601,1610,1600,1601,1600,1609,1601,1600,1600,1602,1597,1600,1600,1600,1597,1593,1607,1601,1600,1600,1600,1595,1603,1602,1611,1602,1595,1599,1596,1600,1614,1600,1600,1600,1601,1598,1607,1597,1600,1601,1599,1598,1600,1601,1606,1596,1600,1598,1600,1599,1600,1600,1600,1600,1600,1600,1595,1600,1601,1600,1601,1602,1584,1606,1589,1598,1597,1603,1586,1599,1602,1601,1600,1599,1594,1603,1600,1600,1602,1601,1596,1604,1600,1601,1600,1600,1595,1601,1598,1607,1601,1598,1594,1600,1602,1603,1601,1604,1595,1600,1603,1584,1599,1597,1600,1614,1600,1610,1601,1601,1596,1600,1601,1601,1598,1600,1597,1602,1600,1599,1600,1604,1603,1600,1636,1601,1603,1603,1599,1600,1638,1603,1599,1600,1600,1602,1601,1601,1599,1594,1602,1602,1600,1598,1603,1601,1602,1600,1603,1599,1600,1630,1600,1610,1602,1609,1602,1582,1601,1599,1600,1600,1607,1598,1601,1598,1600,1600,1603,1600,1600,1600,1603,1601,1584,1597,1606,1598,1610,1597,1574,1605,1600,1600,1599,1605,1601,1599,1598,1603,1600,1600,1600,1602,1600,1601,1599,1603,1600,1600,1600,1616,1603,1616,1599,1600,1603,1602,1597,1602,1602,1600,1600,1598,1602,1604,1605,1600,1599,1601,1602,1600,1598,1599,1645,1600,1610,1600,1605,1597,1647,1600,1601,1600,1602,1600,1600,1595,1601,1600,1600,1600,1601,1602,1607,1596,1599,1600,1607,1600,1603,1598,1597,1601,1602,1600,1601,1600,1600,1600,1598,1590,1603,1600,1601,1584,1600,1602,1599,1613,1599,1603,1602,1600,1601,1599,1600,1600,1603,1603,1600,1597,1597,1600,1605,1598,1605,1600,1603,1594,1601,1600,1603,1594,1611,1600,1602,1597,1590,1601,1601,1600,1599,1601,1607,1602,1600,1597,1598,1601,1600,1600,1600,1602,1600,1600,1599,1599,1601,1603,1604,1595,1602,1611,1600,1603,1601,1610,1602,1605,1599,1599,1607,1600,1601,1597,1600,1600,1602,1601,1600,1600,1600,1603
1596,1594,1597,1606,1594,1603,1607,1601,1594,1605,1595,1594,1602,1600,1600,1597,1602,1598,1600,1602,1588,1600,1606,1601,1600,1598,1604,1598,1599,1594,1593,1597,1622,1595,1598,1594,1607,1600,1600,1597,1599,1599,1597,1600,1611,1600,1594,1602,1600,1600,1600,1598,1598,1597,1600,1594,1599,1600,1600,1591,1600,1595,1597,1594,1594,1600,1606,1596,1590,1606,1595,1586,1614,1614,1575,1586,1616,1598,1589,1617,1591,1567,1636,1617,1552,1596,1642,1573,1590,1647,1569,1525,1661,1644,1518,1588,1655,1566,1585,1680,1550,1517,1682,1669,1490,1606,1659,1535,1606,1682,1526,1494,1696,1652,1505,1605,1648,1522,1616,1695,1527,1507,1687,1629,1533,1623,1627,1520,1635,1680,1522,1532,1655,1610,1553,1636,1603,1523,1641,1663,1535,1567,1654,1593,1584,1635,1591,1547,1639,1637,1558,1565,1631,1574,1599,1631,1583,1547,1627,1632,1578,1607,1613,1574,1614,1629,1583,1577,1626,1607,1585,1609,1603,1578,1603,1618,1579,1589,1604,1591,1600,1611,1605,1583,1611,1611,1590,1595,1603,1599,1603,1610,1593,1591,1606,1609,1596,1600,1600,1596,1602,1586,1593,1597,1609,1589,1599,1573,1607,1591,1597,1601,1601,1597,1603,1598,1603,1599,1601,1598,1602,1600,1593,1601,1605,1600,1601,1598,1631,1601,1609,1598,1619,1597,1602,1604,1603,1598,1600,1602,1600,1599,1607,1597,1600,1597,1599,1600,1599,1602,1596,1601,1601,1601,1602,1600,1599,1602,1600,1604,1599,1607,1600,1574,1598,1601,1600,1611,1601,1601,1600,1595,1601,1605,1599,1599,1600,1600,1600,1606,1597,1595,1601,1603,1595,1604,1599,1601,1594,1603,1594,1601,1593,1602,1613,1600,1599,1599,1600,1600,1610,1593,1602,1600,1602,1598,1603,1600,1599,1597,1600,1604,1597,1602,1600,1599,1603,1605,1600,1591,1605,1600,1600,1584,1601,1601,1600,1600,1599,1601,1599,1583,1601,1600,1602,1600,1602,1598,1597,1601,1600,1600,1600,1605,1615,1596,1616,1600,1621,1600,1588,1601,1600,1600,1650,1600,1607,1600,1596,1602,1601,1602,1597,1609,1599,1604,1596,1609,1600,1613,1599,1598,1600,1594,1600,1575,1600,1619,1601,1605,1600,1600,1598,1598,1599,1604,1605,1595,1603,1595,1600,1599,1613,1600,1602,1598,1606,1594,1592,1600,1585,1601,1601,1597,1600,1599,1610,1595,1601,1599,1600,1600,1602,1600,1600,1600,1599,1596,1600,1607,1593,1616,1602,1600,1598,1611,1598,1616,1601,1602,1599,1605,1603,1600,1603,1601,1598,1600,1602,1600,1597,1605,1600,1602,1603,1600,1602,1600,1599,1610,1598,1600,1600,1603,1600,1601,1596,1609,1601,1611,1604,1593,1600,1611,1600,1603,1611,1588,1601,1598,1598,1603,1600,1600,1600,1602,1594,1600,1602,1602,1600,1584,1600,1601,1600,1605,1606,1598,1603,1597,1600,1601,1600,1600,1606,1595,1601,1600,1630,1599,1602,1604,1600,1605,1597,1602,1607,1602,1601,1599,1601,1599,1599,1599,1594,1600,1599,1615,1593,1600,1600,1600,1599,1602,1584,1603,1599,1601,1603,1605,1605,1600,1599,1597,1600,1602,1597,1608,1601,1604,1601,1600,1599,1596,1596,1616,1601,1584,1600,1601,1596,1600,1599,1606,1602,1603,1603,1600,1600,1600,1596,1603,1605,1600,1599,1598,1589,1603,1643,1606,1616,1599,1597,1606,1552,1603,1601,1600,1600,1600,1596,1604,1605,1600,1599,1600,1598,1604,1602,1600,1605,1599,1597,1600,1600,1619,1600,1609,1600,1606
1582,1600,1591,1605,1600,1591,1610,1600,1593,1607,1599,1604,1607,1611,1602,1589,1610,1595,1600,1591,1600,1567,1600,1611,1599,1600,1605,1600,1593,1607,1600,1607,1600,1609,1600,1596,1602,1603,1598,1591,1610,1595,1600,1601,1607,1607,1600,1603,1604,1600,1601,1606,1601,1599,1606,1605,1614,1599,1602,1606,1621,1604,1610,1600,1597,1600,1606,1602,1594,1617,1599,1584,1618,1616,1576,1594,1629,1589,1589,1635,1585,1535,1648,1653,1531,1584,1665,1567,1571,1668,1579,1505,1680,1682,1483,1570,1710,1572,1553,1701,1547,1456,1723,1719,1446,1560,1728,1549,1558,1733,1535,1435,1744,1722,1442,1569,1723,1531,1580,1722,1525,1445,1735,1709,1459,1586,1696,1521,1590,1728,1520,1470,1715,1680,1491,1576,1653,1525,1610,1701,1530,1507,1680,1633,1535,1617,1622,1547,1622,1664,1553,1554,1649,1604,1575,1621,1611,1559,1638,1634,1578,1590,1600,1598,1600,1628,1584,1573,1623,1613,1581,1601,1603,1585,1607,1626,1584,1586,1618,1605,1594,1607,1603,1590,1607,1600,1585,1590,1616,1590,1600,1606,1593,1591,1607,1611,1587,1602,1616,1600,1609,1605,1593,1600,1616,1602,1600,1599,1605,1595,1605,1606,1600,1595,1604,1598,1593,1607,1599,1601,1600,1611,1591,1605,1601,1603,1600,1607,1600,1599,1611,1607,1603,1596,1607,1601,1600,1600,1602,1597,1603,1590,1599,1605,1606,1600,1598,1597,1600,1607,1601,1602,1604,1597,1599,1602,1598,1607,1605,1585,1597,1599,1599,1605,1597,1611,1602,1602,1605,1600,1604,1596,1603,1598,1600,1598,1599,1605,1602,1600,1601,1602,1578,1602,1599,1602,1601,1600,1600,1601,1598,1603,1600,1606,1600,1600,1600,1600,1600,1600,1602,1600,1600,1597,1604,1599,1601,1637,1601,1616,1597,1610,1598,1606,1605,1600,1600,1597,1600,1603,1599,1602,1593,1606,1601,1601,1601,1599,1601,1600,1607,1602,1596,1600,1591,1601,1598,1599,1619,1600,1598,1603,1600,1600,1601,1598,1601,1599,1600,1601,1600,1600,1597,1599,1606,1605,1601,1590,1600,1601,1600,1600,1599,1600,1600,1601,1605,1598,1605,1594,1602,1596,1600,1601,1603,1595,1600,1600,1600,1600,1604,1600,1639,1602,1601,1600,1605,1600,1599,1600,1597,1603,1599,1606,1599,1584,1605,1610,1597,1599,1605,1602,1606,1601,1595,1595,1601,1605,1600,1599,1600,1600,1601,1599,1584,1600,1603,1595,1589,1597,1601,1601,1595,1602,1600,1596,1593,1600,1594,1601,1609,1601,1587,1600,1612,1600,1601,1600,1598,1603,1600,1600,1606,1596,1605,1600,1600,1597,1601,1600,1599,1602,1600,1600,1604,1599,1602,1634,1599,1604,1600,1600,1599,1589,1599,1600,1599,1600,1598,1609,1600,1600,1600,1601,1598,1601,1600,1600,1599,1606,1603,1598,1599,1607,1600,1601,1598,1600,1605,1600,1594,1603,1602,1600,1600,1600,1600,1600,1600,1599,1601,1602,1597,1607,1601,1600,1601,1611,1599,1611,1600,1603,1600,1602,1602,1598,1600,1600,1601,1606,1599,1601,1600,1600,1600,1595,1602,1593,1602,1596,1601,1610,1600,1600,1600,1603,1604,1597,1600,1600,1599,1600,1600,1601,1603,1595,1602,1601,1600,1598,1591,1600,1614,1605,1613,1601,1634,1601,1586,1605,1600,1600,1598,1602,1600,1600,1602,1600,1599,1600,1600,1597,1599,1600,1600,1601,1600,1602,1599,1583,1598,1615,1599,1600,1604,1598,1601,1601,1600,1599,1595,1603,1599,1599,1588,1600,1594,1603,1570,1601
1596,1600,1602,1600,1598,1587,1593,1571,1613,1599,1577,1645,1600,1599,1598,1606,1599,1585,1616,1599,1583,1600,1602,1599,1600,1610,1598,1583,1612,1602,1584,1599,1600,1603,1587,1612,1595,1587,1609,1600,1583,1599,1600,1596,1597,1615,1612,1603,1594,1599,1600,1594,1601,1606,1598,1594,1604,1598,1597,1605,1600,1594,1595,1605,1602,1584,1593,1600,1605,1595,1594,1609,1589,1584,1616,1618,1557,1587,1634,1595,1584,1627,1589,1552,1648,1650,1521,1582,1661,1577,1575,1671,1563,1497,1688,1680,1473,1569,1703,1559,1554,1716,1552,1456,1728,1735,1435,1549,1727,1534,1561,1745,1521,1423,1744,1728,1422,1578,1719,1511,1578,1749,1515,1431,1746,1706,1453,1584,1683,1517,1596,1733,1517,1463,1710,1678,1472,1613,1638,1520,1614,1700,1546,1505,1682,1633,1526,1623,1619,1534,1627,1669,1535,1552,1648,1613,1569,1629,1600,1554,1623,1647,1559,1584,1616,1586,1590,1597,1595,1568,1623,1614,1577,1598,1617,1584,1598,1616,1585,1589,1616,1607,1595,1600,1611,1588,1600,1609,1591,1599,1597,1598,1602,1600,1601,1598,1607,1598,1600,1602,1600,1590,1602,1605,1589,1598,1603,1599,1598,1603,1601,1584,1611,1644,1589,1601,1603,1603,1601,1600,1597,1594,1605,1606,1599,1597,1600,1600,1600,1600,1597,1599,1600,1600,1593,1600,1597,1600,1603,1606,1648,1600,1600,1599,1589,1598,1600,1600,1598,1599,1600,1605,1597,1600,1600,1599,1600,1600,1601,1600,1610,1600,1581,1600,1600,1601,1600,1599,1597,1599,1602,1595,1595,1600,1601,1600,1599,1600,1600,1600,1596,1601,1600,1600,1600,1600,1597,1600,1600,1602,1599,1603,1600,1600,1600,1599,1603,1601,1584,1600,1598,1595,1606,1600,1600,1597,1600,1603,1599,1607,1594,1603,1599,1600,1598,1600,1600,1595,1603,1603,1597,1600,1597,1600,1600,1600,1595,1598,1600,1599,1600,1601,1600,1600,1597,1599,1600,1581,1600,1610,1600,1610,1600,1594,1604,1602,1600,1601,1597,1595,1605,1600,1590,1600,1598,1600,1601,1609,1603,1603,1607,1594,1645,1601,1611,1597,1595,1600,1603,1600,1602,1602,1600,1599,1604,1599,1600,1600,1600,1598,1600,1601,1599,1600,1600,1601,1595,1605,1600,1607,1599,1600,1600,1614,1600,1599,1600,1600,1600,1600,1600,1600,1606,1600,1600,1600,1600,1598,1606,1600,1604,1598,1597,1603,1609,1600,1601,1599,1598,1600,1599,1606,1601,1602,1604,1593,1601,1600,1601,1594,1601,1602,1600,1600,1598,1599,1603,1607,1599,1607,1600,1602,1599,1603,1600,1600,1601,1601,1603,1597,1599,1594,1601,1599,1597,1596,1601,1599,1602,1600,1589,1597,1589,1600,1581,1602,1602,1601,1598,1600,1600,1610,1600,1593,1601,1601,1600,1600,1600,1600,1598,1600,1599,1590,1598,1603,1597,1600,1600,1601,1599,1601,1594,1599,1606,1604,1593,1605,1616,1597,1600,1603,1601,1602,1605,1595,1600,1599,1597,1602,1598,1602,1604,1602,1587,1595,1603,1602,1601,1600,1597,1600,1600,1603,1598,1600,1603,1600,1602,1597,1602,1600,1605,1600,1606,1595,1600,1603,1600,1601,1599,1601,1600,1600,1600,1604,1595,1601,1600,1606,1602,1599,1600,1599,1600,1600,1597,1604,1599,1615,1599,1605,1601,1600,1596,1599,1604,1601,1600,1601,1600,1601,1609,1599,1601,1600,1599,1600,1605,1600,1600,1600,1602,1600,1599,1600,1605,1604,1603,1599,1600,1602,1601,1601,1600,1599,1601,1600,1597,1602
1614,1600,1602,1599,1600,1594,1613,1601,1607,1600,1601,1592,1601,1607,1598,1600,1607,1604,1614,1606,1606,1600,1600,1606,1604,1602,1606,1599,1613,1594,1609,1591,1600,1605,1600,1602,1611,1601,1613,1594,1605,1595,1584,1612,1607,1602,1600,1600,1631,1596,1605,1603,1597,1597,1603,1601,1601,1593,1599,1600,1601,1600,1600,1602,1599,1594,1610,1606,1584,1579,1618,1594,1589,1628,1599,1564,1625,1634,1552,1579,1657,1597,1571,1638,1600,1532,1648,1678,1510,1552,1693,1597,1562,1669,1603,1479,1693,1723,1460,1520,1735,1585,1520,1702,1584,1441,1708,1747,1438,1520,1748,1573,1520,1716,1574,1427,1722,1746,1424,1523,1741,1571,1534,1728,1552,1428,1723,1738,1447,1552,1723,1551,1526,1724,1552,1455,1714,1701,1467,1576,1685,1547,1574,1710,1550,1488,1690,1667,1498,1594,1653,1554,1594,1681,1551,1520,1669,1639,1535,1602,1627,1559,1610,1663,1557,1552,1645,1622,1565,1618,1616,1555,1608,1635,1578,1571,1629,1606,1576,1614,1605,1578,1610,1622,1584,1584,1616,1603,1594,1609,1601,1583,1607,1609,1595,1598,1648,1600,1599,1605,1601,1591,1603,1602,1596,1597,1600,1600,1599,1600,1603,1599,1600,1599,1601,1603,1598,1586,1601,1605,1600,1589,1598,1570,1605,1598,1600,1600,1600,1595,1600,1599,1601,1595,1602,1599,1600,1599,1602,1599,1606,1600,1600,1594,1587,1602,1595,1600,1607,1599,1600,1600,1601,1595,1597,1604,1600,1602,1600,1600,1599,1602,1598,1599,1602,1600,1603,1600,1581,1605,1595,1599,1597,1601,1594,1603,1601,1599,1596,1602,1597,1600,1599,1600,1600,1598,1600,1600,1595,1603,1599,1601,1600,1599,1603,1606,1600,1595,1600,1600,1599,1600,1600,1606,1601,1599,1605,1600,1603,1600,1616,1597,1615,1600,1601,1589,1600,1600,1600,1600,1600,1600,1602,1601,1591,1600,1601,1582,1600,1601,1605,1597,1599,1609,1601,1599,1603,1600,1605,1598,1603,1590,1602,1596,1602,1610,1607,1595,1604,1596,1605,1599,1599,1594,1600,1599,1599,1602,1600,1600,1604,1596,1605,1600,1613,1599,1603,1595,1609,1601,1600,1601,1603,1596,1616,1600,1600,1597,1601,1602,1600,1600,1601,1600,1600,1600,1601,1600,1600,1599,1600,1601,1600,1599,1601,1570,1600,1600,1601,1601,1600,1597,1603,1600,1602,1600,1595,1601,1601,1600,1600,1601,1600,1601,1607,1597,1600,1600,1583,1600,1595,1602,1604,1598,1598,1601,1605,1597,1599,1600,1600,1600,1600,1605,1599,1601,1600,1600,1600,1600,1600,1616,1597,1601,1600,1604,1598,1648,1601,1600,1600,1611,1601,1600,1598,1600,1600,1602,1602,1598,1600,1600,1600,1600,1612,1600,1600,1603,1601,1615,1631,1603,1600,1604,1584,1600,1598,1603,1600,1600,1596,1600,1599,1603,1600,1600,1600,1604,1599,1600,1600,1605,1601,1600,1595,1605,1602,1589,1597,1603,1600,1603,1599,1600,1599,1602,1603,1599,1600,1605,1600,1600,1600,1605,1600,1599,1603,1599,1600,1598,1599,1601,1603,1595,1600,1600,1601,1600,1590,1598,1593,1600,1602,1593,1600,1600,1603,1600,1612,1598,1601,1600,1579,1600,1585,1599,1600,1599,1584,1600,1602,1601,1601,1600,1598,1600,1599,1611,1599,1601,1603,1600,1599,1600,1600,1596,1597,1600,1600,1616,1601,1600,1598,1606,1600,1569,1600,1600,1599,1599,1610,1600,1601,1600,1598,1600,1599,1603,1589,1600,1600,1600,1612,1595,1597,1602,1600,1601,1608,1599
1600,1600,1605,1600,1600,1606,1609,1606,1610,1606,1610,1603,1608,1603,1602,1615,1606,1602,1614,1599,1605,1600,1602,1603,1601,1616,1602,1616,1610,1607,1609,1598,1603,1605,1599,1616,1606,1610,1616,1615,1605,1598,1607,1586,1605,1623,1615,1601,1600,1592,1601,1603,1606,1605,1598,1594,1605,1609,1599,1600,1600,1605,1601,1603,1606,1606,1584,1599,1615,1606,1591,1612,1586,1584,1613,1626,1573,1584,1639,1612,1574,1617,1611,1562,1628,1659,1535,1552,1680,1616,1535,1638,1600,1556,1657,1703,1488,1522,1728,1616,1515,1670,1611,1461,1684,1744,1451,1504,1748,1601,1506,1694,1601,1443,1708,1749,1445,1519,1755,1579,1520,1719,1570,1438,1716,1737,1454,1547,1716,1563,1559,1712,1557,1469,1709,1698,1477,1579,1679,1552,1588,1709,1549,1495,1696,1651,1516,1609,1643,1520,1611,1680,1549,1535,1664,1630,1552,1617,1616,1552,1623,1650,1563,1562,1647,1605,1585,1622,1610,1569,1626,1641,1565,1587,1625,1601,1594,1621,1591,1581,1617,1616,1584,1605,1606,1600,1600,1607,1598,1590,1607,1604,1591,1605,1601,1597,1600,1616,1595,1600,1613,1600,1603,1607,1610,1595,1589,1605,1591,1607,1604,1595,1599,1613,1581,1595,1589,1603,1605,1602,1594,1600,1606,1607,1597,1600,1605,1601,1601,1600,1600,1598,1600,1608,1600,1600,1599,1606,1604,1600,1600,1609,1601,1593,1601,1587,1599,1607,1599,1609,1598,1603,1603,1606,1606,1598,1594,1600,1600,1601,1600,1606,1600,1600,1604,1598,1600,1595,1605,1593,1606,1598,1595,1602,1607,1605,1603,1609,1600,1600,1610,1604,1595,1600,1607,1600,1605,1605,1602,1598,1591,1607,1579,1596,1626,1604,1603,1601,1600,1597,1603,1603,1587,1602,1606,1603,1597,1591,1602,1600,1601,1595,1600,1601,1601,1586,1595,1598,1605,1601,1600,1601,1602,1599,1603,1604,1597,1600,1600,1601,1602,1599,1597,1601,1601,1602,1597,1600,1568,1603,1595,1602,1606,1595,1634,1604,1601,1600,1601,1597,1599,1604,1598,1601,1603,1603,1598,1614,1606,1595,1598,1603,1600,1605,1600,1594,1598,1599,1601,1603,1597,1607,1600,1599,1603,1601,1597,1601,1599,1605,1602,1600,1573,1600,1594,1606,1599,1599,1601,1601,1600,1601,1605,1600,1601,1602,1598,1588,1602,1598,1600,1597,1600,1586,1606,1610,1600,1598,1600,1598,1604,1600,1600,1591,1596,1579,1601,1603,1595,1605,1595,1616,1605,1595,1599,1602,1597,1599,1599,1601,1599,1601,1599,1602,1598,1601,1605,1595,1575,1600,1612,1594,1601,1601,1592,1600,1595,1597,1604,1603,1595,1594,1597,1607,1600,1604,1600,1600,1602,1597,1598,1599,1600,1603,1598,1574,1601,1601,1603,1595,1595,1601,1600,1598,1600,1600,1600,1600,1600,1599,1601,1600,1600,1600,1600,1599,1603,1601,1595,1597,1601,1599,1594,1598,1591,1600,1600,1603,1598,1601,1600,1602,1605,1598,1600,1597,1600,1598,1597,1603,1606,1601,1616,1600,1602,1597,1600,1606,1595,1601,1603,1597,1599,1598,1602,1600,1600,1597,1600,1601,1600,1593,1602,1595,1604,1597,1600,1604,1595,1600,1601,1600,1601,1600,1597,1601,1601,1597,1599,1600,1600,1601,1603,1598,1600,1598,1600,1600,1600,1600,1602,1600,1617,1597,1598,1601,1602,1603,1600,1599,1600,1600,1599,1599,1600,1606,1597,1596,1600,1601,1603,1600,1597,1609,1602,1589,1590,1607,1603,1597,1600,1600,1601,1600,1603,1601,1597,1600,1583,1604
1600,1604,1592,1600,1590,1603,1589,1594,1605,1614,1600,1590,1615,1600,1600,1600,1601,1594,1589,1618,1600,1600,1613,1600,1588,1605,1600,1601,1600,1607,1601,1594,1611,1601,1600,1648,1602,1594,1598,1610,1600,1595,1616,1603,1603,1595,1601,1610,1597,1599,1600,1605,1600,1600,1601,1600,1601,1605,1611,1594,1606,1597,1600,1597,1603,1595,1601,1609,1602,1598,1597,1584,1595,1590,1616,1613,1574,1600,1616,1585,1600,1643,1562,1552,1664,1632,1527,1609,1643,1553,1604,1685,1535,1511,1709,1648,1489,1609,1667,1511,1614,1733,1501,1461,1741,1680,1446,1609,1681,1488,1616,1769,1479,1442,1771,1683,1441,1626,1680,1472,1632,1765,1477,1449,1761,1662,1463,1618,1655,1471,1629,1712,1495,1491,1713,1647,1501,1648,1629,1519,1627,1692,1523,1534,1675,1623,1542,1627,1616,1552,1636,1650,1568,1566,1643,1601,1583,1614,1603,1578,1606,1622,1588,1590,1612,1596,1602,1607,1595,1593,1600,1601,1603,1600,1594,1600,1603,1598,1600,1616,1596,1608,1604,1610,1587,1598,1605,1551,1598,1606,1600,1587,1616,1604,1587,1598,1610,1600,1597,1618,1597,1593,1610,1606,1558,1604,1600,1595,1600,1602,1600,1595,1613,1606,1599,1595,1600,1591,1606,1611,1588,1601,1601,1581,1600,1605,1599,1604,1602,1605,1600,1609,1601,1601,1595,1607,1600,1586,1606,1601,1595,1601,1600,1597,1600,1604,1587,1599,1600,1605,1593,1600,1604,1589,1597,1605,1600,1597,1606,1598,1613,1595,1602,1600,1596,1600,1602,1601,1598,1603,1600,1599,1607,1602,1600,1595,1602,1590,1602,1600,1593,1597,1601,1614,1600,1603,1599,1601,1597,1611,1599,1598,1607,1600,1597,1601,1606,1593,1600,1603,1594,1601,1603,1593,1599,1580,1596,1600,1601,1605,1597,1607,1603,1601,1600,1600,1606,1595,1600,1599,1600,1598,1601,1602,1586,1600,1591,1597,1571,1605,1600,1600,1601,1600,1599,1599,1598,1604,1598,1604,1605,1597,1600,1600,1595,1599,1600,1615,1599,1597,1599,1605,1602,1584,1600,1588,1595,1602,1600,1603,1600,1604,1600,1603,1603,1595,1598,1602,1602,1598,1600,1601,1602,1600,1584,1599,1600,1606,1591,1599,1605,1599,1600,1600,1611,1600,1594,1600,1601,1600,1600,1600,1599,1597,1600,1600,1601,1600,1600,1594,1600,1594,1600,1606,1600,1600,1595,1603,1600,1600,1600,1584,1595,1606,1603,1598,1599,1601,1603,1598,1590,1600,1600,1606,1602,1598,1604,1600,1598,1600,1600,1599,1600,1594,1598,1602,1603,1600,1601,1599,1599,1600,1600,1602,1597,1600,1601,1609,1598,1601,1601,1600,1600,1598,1600,1603,1600,1599,1599,1600,1607,1598,1599,1600,1615,1599,1602,1599,1638,1603,1600,1603,1597,1600,1600,1600,1595,1603,1600,1600,1591,1600,1601,1598,1584,1602,1600,1603,1591,1600,1600,1600,1600,1600,1603,1595,1600,1598,1597,1603,1600,1594,1597,1611,1599,1586,1599,1600,1600,1603,1604,1600,1600,1596,1602,1600,1611,1594,1600,1599,1601,1600,1601,1599,1603,1605,1600,1586,1598,1606,1599,1587,1600,1573,1596,1604,1595,1600,1603,1601,1600,1600,1600,1600,1604,1599,1599,1599,1605,1600,1609,1597,1598,1599,1600,1601,1611,1597,1607,1599,1602,1601,1600,1598,1597,1602,1601,1600,1600,1593,1603,1601,1601,1599,1594,1603,1613,1600,1597,1611,1597,1600,1603,1613,1600,1600,1605,1599,1601,1598,1600,1603,1601,1601,1600,1599,1601,1600,1600,1598
1587,1597,1607,1600,1605,1599,1618,1604,1601,1601,1600,1600,1601,1602,1600,1600,1605,1605,1591,1599,1586,1601,1602,1601,1595,1601,1600,1603,1599,1602,1602,1601,1602,1600,1600,1600,1581,1591,1600,1596,1600,1606,1600,1596,1607,1600,1605,1600,1600,1607,1600,1599,1605,1600,1593,1600,1603,1596,1599,1601,1584,1599,1587,1600,1605,1593,1613,1608,1600,1589,1602,1613,1569,1600,1623,1584,1600,1638,1571,1557,1651,1634,1535,1600,1639,1564,1610,1669,1535,1524,1706,1653,1488,1612,1663,1520,1613,1723,1499,1471,1744,1681,1454,1616,1679,1486,1625,1770,1472,1445,1773,1679,1451,1639,1677,1456,1648,1783,1455,1441,1776,1662,1458,1656,1643,1456,1657,1773,1458,1473,1747,1633,1489,1664,1618,1467,1669,1744,1483,1510,1716,1590,1534,1648,1589,1491,1670,1693,1506,1565,1671,1581,1582,1664,1574,1521,1663,1653,1531,1584,1634,1571,1575,1647,1581,1552,1648,1630,1613,1606,1616,1579,1607,1636,1583,1583,1625,1612,1581,1615,1600,1584,1609,1616,1587,1589,1616,1603,1597,1611,1600,1594,1609,1610,1594,1600,1607,1600,1585,1609,1598,1601,1591,1604,1598,1601,1590,1599,1600,1610,1599,1600,1605,1600,1604,1602,1591,1593,1591,1605,1601,1600,1600,1600,1605,1605,1600,1595,1605,1607,1598,1602,1605,1599,1601,1591,1600,1616,1608,1600,1600,1603,1603,1616,1607,1602,1602,1600,1603,1610,1601,1598,1602,1603,1600,1602,1602,1601,1600,1604,1601,1587,1600,1597,1603,1600,1606,1567,1600,1607,1603,1588,1600,1600,1602,1601,1605,1600,1602,1606,1604,1598,1603,1605,1574,1600,1603,1597,1595,1608,1600,1600,1600,1605,1594,1604,1616,1600,1602,1595,1600,1603,1601,1603,1602,1601,1600,1596,1609,1600,1601,1584,1602,1616,1607,1599,1600,1584,1598,1606,1600,1611,1600,1610,1600,1602,1601,1603,1602,1599,1600,1601,1603,1603,1603,1604,1607,1601,1613,1603,1650,1601,1601,1600,1594,1601,1591,1599,1601,1600,1606,1600,1602,1599,1602,1603,1607,1595,1600,1601,1602,1600,1602,1599,1607,1604,1602,1611,1602,1600,1600,1603,1598,1615,1600,1605,1602,1603,1600,1606,1602,1600,1598,1605,1611,1600,1601,1600,1606,1601,1600,1602,1600,1607,1600,1600,1598,1603,1603,1603,1603,1604,1600,1579,1599,1595,1601,1605,1600,1600,1605,1601,1601,1601,1600,1604,1603,1599,1600,1606,1600,1600,1604,1606,1605,1603,1606,1600,1584,1605,1600,1601,1599,1603,1600,1603,1611,1601,1625,1602,1606,1600,1599,1601,1601,1602,1591,1604,1603,1610,1603,1599,1605,1600,1604,1598,1600,1602,1606,1602,1600,1599,1605,1591,1601,1606,1600,1610,1602,1603,1599,1622,1604,1581,1604,1600,1600,1606,1603,1600,1602,1605,1600,1600,1599,1604,1594,1600,1618,1600,1611,1600,1606,1601,1612,1600,1618,1604,1605,1600,1601,1600,1601,1603,1601,1600,1605,1600,1598,1606,1603,1603,1603,1606,1584,1600,1601,1600,1601,1601,1586,1601,1600,1610,1600,1600,1600,1603,1603,1600,1603,1599,1602,1598,1601,1600,1600,1597,1603,1601,1604,1630,1602,1599,1600,1600,1599,1589,1598,1602,1607,1602,1605,1596,1600,1600,1610,1600,1600,1599,1603,1606,1613,1601,1613,1600,1612,1600,1600,1605,1605,1600,1600,1602,1596,1601,1593,1610,1600,1601,1607,1598,1599,1600,1600,1603,1601,1600,1600,1602,1610,1605,1605,1600,1600,1597,1600,1606,1605,1600
1605,1595,1604,1599,1610,1601,1598,1602,1613,1602,1598,1601,1600,1589,1606,1599,1590,1601,1603,1607,1600,1602,1603,1599,1603,1603,1597,1600,1611,1601,1603,1603,1603,1595,1604,1606,1598,1598,1609,1603,1600,1616,1602,1590,1602,1607,1615,1597,1595,1595,1600,1595,1601,1601,1600,1595,1607,1600,1595,1595,1605,1600,1600,1600,1603,1597,1603,1598,1605,1598,1613,1605,1566,1596,1625,1599,1584,1616,1609,1565,1630,1633,1551,1577,1653,1590,1570,1650,1585,1515,1667,1664,1488,1574,1702,1593,1552,1685,1571,1476,1711,1728,1431,1543,1744,1559,1525,1738,1552,1412,1750,1755,1399,1534,1751,1535,1557,1759,1575,1403,1769,1746,1418,1561,1730,1519,1565,1746,1520,1425,1738,1715,1447,1585,1691,1519,1591,1731,1527,1472,1705,1666,1499,1603,1646,1521,1615,1685,1535,1548,1664,1621,1550,1617,1615,1552,1622,1648,1554,1567,1633,1602,1584,1626,1593,1573,1622,1619,1584,1593,1617,1590,1609,1613,1589,1584,1613,1607,1597,1609,1594,1588,1614,1614,1584,1606,1605,1595,1600,1612,1597,1591,1609,1605,1594,1605,1599,1599,1604,1601,1593,1595,1604,1603,1584,1602,1600,1597,1601,1604,1594,1599,1587,1603,1603,1607,1598,1591,1606,1600,1597,1600,1603,1596,1600,1607,1591,1598,1603,1602,1600,1600,1606,1589,1603,1601,1595,1600,1599,1600,1596,1611,1599,1596,1598,1611,1594,1606,1599,1620,1601,1607,1601,1594,1595,1593,1596,1606,1597,1600,1599,1601,1600,1599,1600,1598,1603,1597,1599,1590,1598,1588,1600,1615,1590,1597,1595,1603,1599,1597,1604,1598,1603,1595,1595,1600,1601,1603,1600,1595,1569,1600,1594,1600,1586,1598,1593,1601,1598,1600,1598,1603,1600,1599,1601,1600,1595,1600,1600,1599,1602,1600,1600,1600,1588,1587,1597,1585,1597,1584,1603,1586,1600,1593,1605,1602,1600,1600,1600,1600,1601,1600,1595,1602,1602,1598,1602,1599,1598,1595,1597,1600,1593,1602,1603,1600,1612,1596,1600,1600,1600,1600,1591,1600,1600,1603,1595,1599,1595,1603,1600,1604,1600,1597,1598,1606,1599,1593,1600,1599,1601,1598,1598,1601,1600,1602,1601,1595,1599,1600,1600,1599,1597,1600,1601,1600,1600,1600,1603,1597,1598,1600,1600,1600,1600,1600,1600,1599,1600,1599,1600,1600,1595,1599,1599,1600,1601,1611,1598,1605,1600,1603,1597,1607,1599,1599,1602,1600,1598,1601,1602,1595,1600,1601,1601,1601,1600,1598,1595,1600,1602,1597,1601,1598,1598,1605,1600,1595,1597,1600,1600,1602,1600,1597,1611,1601,1597,1601,1601,1597,1603,1605,1601,1600,1600,1594,1600,1600,1600,1600,1597,1599,1601,1593,1601,1600,1599,1606,1600,1595,1601,1607,1600,1590,1602,1577,1600,1595,1600,1598,1599,1601,1600,1603,1600,1595,1601,1598,1602,1600,1602,1600,1597,1599,1601,1599,1586,1600,1603,1598,1616,1597,1597,1599,1600,1600,1604,1600,1600,1598,1597,1600,1600,1600,1605,1599,1589,1597,1607,1600,1599,1599,1596,1602,1601,1600,1603,1595,1601,1600,1595,1600,1595,1599,1598,1602,1597,1602,1600,1595,1600,1603,1598,1598,1603,1604,1597,1611,1601,1600,1603,1584,1600,1600,1600,1600,1594,1599,1600,1600,1602,1601,1599,1600,1598,1601,1600,1599,1584,1599,1603,1603,1590,1600,1616,1600,1600,1602,1600,1605,1598,1605,1596,1602,1599,1601,1600,1602,1600,1605,1598,1602,1600,1601,1596,1599,1603,1600,1600,1600
1595,1598,1600,1600,1605,1599,1600,1600,1605,1599,1861,1598,1604,1601,1605,1595,1600,1597,1606,1606,1869,1609,1600,1607,1599,1606,1600,1600,1612,1600,1870,1600,1601,1600,1599,1606,1595,1604,1600,1600,1872,1598,1600,1595,1595,1605,1601,1606,1599,1607,1600,1599,1600,1605,1598,1599,1599,1601,1600,1598,1597,1600,1596,1602,1605,1598,1595,1616,1605,1605,1599,1615,1585,1587,1621,1612,1566,1603,1617,1584,1593,1639,1575,1554,1651,1631,1559,1603,1641,1554,1585,1678,1535,1515,1699,1658,1482,1603,1674,1517,1600,1727,1509,1467,1747,1677,1447,1657,1680,1487,1625,1762,1473,1454,1768,1670,1456,1643,1663,1467,1644,1761,1469,1463,1744,1644,1488,1654,1635,1472,1648,1735,1477,1503,1726,1615,1503,1657,1611,1491,1648,1706,1488,1535,1693,1597,1559,1651,1597,1516,1648,1665,1526,1567,1649,1585,1578,1642,1587,1535,1631,1643,1556,1576,1637,1603,1577,1677,1600,1571,1616,1629,1579,1584,1627,1600,1575,1614,1610,1584,1599,1623,1582,1579,1621,1610,1578,1599,1620,1581,1600,1626,1581,1571,1620,1616,1569,1599,1616,1584,1593,1625,1584,1571,1620,1616,1570,1589,1616,1587,1596,1623,1585,1581,1622,1611,1584,1590,1612,1586,1600,1627,1594,1579,1613,1605,1580,1597,1606,1589,1604,1614,1594,1589,1600,1605,1585,1603,1591,1596,1590,1606,1587,1598,1603,1602,1594,1595,1593,1594,1607,1603,1595,1591,1604,1599,1595,1600,1602,1596,1599,1603,1590,1593,1610,1599,1594,1607,1568,1594,1601,1604,1594,1603,1609,1591,1600,1601,1600,1597,1600,1600,1596,1603,1603,1600,1600,1600,1600,1603,1597,1584,1604,1601,1600,1602,1600,1600,1609,1600,1595,1595,1605,1600,1597,1605,1616,1594,1605,1607,1585,1599,1611,1595,1593,1610,1598,1584,1607,1611,1584,1595,1609,1600,1590,1616,1600,1575,1609,1615,1581,1585,1616,1599,1589,1623,1600,1579,1611,1607,1581,1584,1620,1601,1581,1616,1613,1584,1610,1617,1583,1584,1616,1598,1584,1610,1601,1579,1611,1620,1584,1587,1614,1603,1571,1603,1607,1584,1600,1613,1591,1590,1611,1600,1587,1600,1607,1594,1601,1609,1593,1593,1613,1610,1592,1593,1603,1578,1600,1603,1593,1595,1605,1614,1594,1597,1602,1599,1597,1600,1600,1593,1602,1601,1598,1593,1602,1600,1584,1600,1600,1600,1606,1602,1600,1594,1597,1600,1600,1599,1606,1603,1600,1601,1600,1591,1606,1600,1595,1606,1601,1600,1597,1600,1602,1600,1602,1610,1598,1597,1604,1613,1600,1599,1598,1599,1603,1599,1597,1596,1601,1601,1602,1602,1597,1594,1600,1601,1602,1600,1601,1597,1610,1601,1597,1597,1605,1602,1629,1595,1601,1600,1599,1600,1594,1600,1601,1602,1597,1598,1600,1600,1601,1601,1599,1595,1599,1611,1594,1593,1600,1584,1603,1599,1600,1595,1600,1600,1599,1601,1600,1600,1605,1602,1595,1603,1597,1597,1587,1606,1598,1599,1600,1599,1601,1601,1599,1600,1595,1601,1599,1601,1579,1604,1602,1600,1606,1600,1600,1601,1598,1600,1600,1600,1598,1598,1600,1600,1594,1595,1605,1597,1600,1600,1595,1599,1607,1600,1600,1602,1600,1595,1600,1597,1600,1598,1600,1600,1600,1600,1599,1599,1601,1600,1596,1599,1600,1600,1601,1600,1602,1594,1614,1600,1595,1599,1599,1600,1602,1602,1601,1600,1598,1600,1601,1597,1597,1600,1600,1603,1601,1598,1598,1600,1601,1600,1599,1599,1599,1610
1583,1595,1600,1600,1589,1594,1606,1598,1604,1591,1591,1594,1600,1606,1590,1600,1575,1599,1602,1594,1599,1591,1595,1615,1597,1604,1609,1601,1609,1596,1599,1600,1591,1613,1595,1602,1602,1599,1607,1593,1604,1605,1597,1615,1601,1598,1591,1604,1597,1596,1597,1600,1600,1600,1590,1601,1595,1600,1595,1603,1602,1600,1584,1599,1617,1597,1605,1612,1594,1580,1632,1617,1565,1584,1638,1597,1573,1617,1605,1547,1631,1653,1523,1552,1685,1603,1527,1645,1606,1493,1667,1689,1471,1522,1728,1605,1499,1690,1601,1447,1687,1749,1433,1488,1761,1603,1488,1697,1603,1424,1708,1766,1419,1488,1808,1591,1510,1712,1582,1422,1700,1760,1431,1513,1741,1582,1529,1702,1571,1456,1691,1717,1472,1551,1689,1570,1566,1680,1573,1493,1671,1669,1511,1574,1644,1575,1588,1631,1573,1547,1638,1629,1558,1600,1616,1578,1580,1626,1583,1581,1622,1602,1587,1600,1606,1584,1598,1613,1584,1589,1612,1600,1598,1610,1586,1585,1607,1600,1598,1605,1600,1586,1603,1606,1589,1600,1599,1595,1600,1609,1597,1587,1600,1606,1594,1600,1605,1593,1610,1602,1600,1590,1619,1600,1600,1598,1602,1597,1597,1604,1599,1599,1599,1598,1593,1600,1629,1600,1600,1605,1610,1595,1616,1599,1598,1600,1597,1600,1600,1603,1595,1600,1599,1599,1601,1603,1597,1597,1602,1598,1602,1603,1595,1599,1596,1610,1599,1600,1597,1600,1601,1597,1600,1598,1601,1598,1600,1599,1599,1597,1597,1600,1599,1601,1600,1600,1599,1600,1604,1583,1600,1598,1598,1613,1594,1610,1601,1600,1594,1604,1595,1600,1600,1600,1573,1600,1600,1599,1598,1605,1600,1600,1601,1598,1599,1599,1601,1599,1600,1600,1600,1594,1605,1598,1595,1600,1599,1603,1602,1601,1595,1600,1600,1599,1600,1590,1600,1603,1602,1591,1605,1597,1594,1604,1599,1605,1600,1600,1598,1598,1598,1597,1600,1604,1599,1600,1600,1599,1603,1602,1584,1600,1594,1597,1594,1606,1590,1600,1588,1599,1601,1600,1599,1600,1600,1600,1599,1601,1600,1602,1600,1598,1600,1601,1600,1600,1601,1598,1602,1602,1600,1595,1600,1598,1599,1601,1595,1601,1600,1607,1598,1601,1600,1598,1589,1600,1601,1600,1600,1599,1602,1602,1599,1601,1598,1597,1600,1600,1602,1600,1600,1602,1600,1596,1603,1603,1604,1595,1597,1601,1601,1598,1597,1602,1616,1606,1605,1610,1602,1611,1605,1647,1598,1599,1599,1600,1599,1600,1601,1604,1600,1597,1601,1600,1598,1605,1600,1600,1595,1599,1582,1603,1607,1597,1614,1600,1595,1600,1600,1602,1597,1605,1600,1601,1599,1603,1600,1600,1603,1601,1600,1600,1600,1590,1606,1598,1602,1616,1599,1605,1602,1600,1602,1610,1599,1597,1606,1600,1600,1603,1599,1599,1600,1600,1599,1605,1600,1591,1600,1602,1598,1600,1604,1600,1590,1600,1607,1600,1599,1599,1600,1598,1601,1598,1600,1602,1602,1597,1598,1602,1598,1600,1599,1603,1627,1598,1596,1600,1625,1600,1600,1601,1600,1600,1598,1600,1600,1600,1600,1602,1600,1610,1600,1600,1601,1600,1596,1597,1600,1610,1594,1595,1595,1578,1604,1573,1599,1601,1598,1600,1600,1600,1600,1600,1599,1606,1597,1602,1599,1600,1601,1602,1600,1602,1589,1599,1598,1600,1603,1600,1600,1602,1600,1601,1601,1597,1601,1600,1602,1601,1601,1600,1601,1641,1598,1616,1599,1600,1600,1603,1599,1601,1605,1600,1601,1597,1601,1595,1648,1598
1600,1602,1637,1600,1603,1595,1609,1616,1600,1617,1607,1603,1603,1598,1597,1601,1598,1611,1599,1615,1611,1597,1600,1595,1597,1597,1600,1610,1598,1598,1617,1603,1605,1595,1602,1595,1642,1611,1596,1589,1606,1600,1615,1598,1605,1600,1590,1597,1603,1606,1595,1598,1600,1599,1597,1603,1597,1591,1599,1583,1603,1611,1600,1598,1594,1601,1607,1600,1587,1600,1605,1597,1601,1615,1585,1586,1625,1601,1574,1610,1609,1573,1610,1633,1562,1569,1654,1606,1548,1625,1613,1545,1634,1666,1530,1545,1682,1616,1531,1646,1605,1506,1653,1707,1488,1523,1711,1599,1520,1676,1595,1488,1680,1704,1471,1566,1701,1590,1553,1668,1575,1481,1679,1697,1488,1558,1683,1574,1568,1675,1575,1495,1670,1665,1509,1584,1651,1571,1596,1661,1566,1525,1663,1638,1552,1600,1618,1562,1607,1691,1573,1562,1638,1601,1578,1607,1604,1573,1615,1626,1582,1582,1617,1600,1582,1613,1597,1578,1620,1663,1584,1598,1612,1597,1598,1611,1586,1585,1609,1605,1590,1601,1606,1588,1590,1614,1563,1595,1597,1604,1591,1603,1601,1600,1598,1603,1598,1596,1603,1600,1597,1601,1603,1598,1600,1602,1591,1589,1605,1616,1598,1601,1599,1587,1602,1587,1599,1598,1602,1598,1597,1605,1595,1601,1599,1600,1600,1603,1599,1598,1601,1600,1595,1599,1596,1601,1599,1606,1595,1599,1575,1605,1603,1600,1600,1597,1600,1600,1602,1600,1598,1600,1600,1599,1595,1605,1603,1600,1599,1601,1608,1600,1601,1603,1591,1601,1591,1602,1600,1599,1599,1601,1599,1607,1597,1600,1603,1600,1600,1601,1602,1596,1600,1614,1598,1604,1600,1584,1600,1604,1600,1601,1600,1595,1601,1602,1600,1600,1600,1601,1600,1599,1600,1602,1599,1600,1586,1601,1600,1602,1584,1600,1600,1598,1591,1600,1586,1600,1592,1605,1596,1600,1591,1606,1600,1600,1599,1603,1600,1598,1601,1597,1599,1599,1600,1601,1600,1601,1601,1595,1599,1605,1601,1604,1600,1600,1603,1600,1648,1599,1601,1603,1609,1597,1595,1600,1604,1601,1600,1596,1602,1600,1599,1597,1600,1603,1634,1600,1602,1599,1603,1599,1594,1603,1605,1600,1600,1599,1603,1596,1600,1600,1598,1597,1602,1600,1595,1600,1601,1604,1597,1613,1602,1621,1599,1600,1599,1603,1600,1601,1600,1599,1597,1600,1595,1605,1600,1600,1600,1600,1601,1601,1606,1600,1600,1599,1598,1602,1600,1597,1600,1599,1600,1600,1600,1600,1598,1600,1598,1605,1597,1602,1600,1600,1600,1600,1597,1607,1600,1614,1600,1611,1600,1602,1594,1600,1598,1606,1600,1600,1598,1602,1605,1600,1603,1597,1602,1596,1595,1605,1602,1604,1604,1599,1600,1598,1609,1600,1600,1598,1597,1600,1597,1601,1598,1606,1600,1602,1601,1593,1599,1600,1600,1607,1600,1600,1601,1596,1601,1600,1599,1602,1605,1600,1603,1582,1600,1594,1600,1600,1600,1600,1600,1600,1600,1600,1595,1605,1600,1605,1597,1607,1598,1600,1600,1601,1597,1607,1600,1584,1598,1603,1601,1600,1600,1600,1600,1603,1600,1601,1603,1598,1598,1599,1600,1601,1595,1603,1601,1603,1599,1600,1597,1598,1607,1600,1601,1607,1600,1601,1597,1597,1603,1598,1598,1602,1595,1616,1599,1602,1600,1601,1600,1601,1598,1600,1599,1600,1601,1599,1603,1599,1600,1602,1600,1600,1596,1600,1600,1601,1599,1600,1607,1599,1594,1601,1599,1600,1601,1600,1571,1591,1600,1593,1603,1600,1600,1601,1597,1600
1596,1603,1595,1605,1585,1605,1595,1599,1599,1616,1593,1582,1612,1600,1584,1600,1594,1600,1595,1615,1600,1584,1611,1601,1584,1613,1595,1599,1593,1609,1597,1590,1601,1602,1578,1600,1596,1598,1585,1607,1600,1584,1614,1600,1600,1600,1598,1607,1598,1595,1601,1605,1597,1599,1614,1595,1629,1601,1609,1601,1600,1600,1595,1611,1597,1591,1611,1601,1584,1605,1609,1584,1603,1621,1567,1575,1647,1617,1552,1607,1619,1554,1616,1657,1535,1524,1696,1632,1504,1635,1637,1506,1641,1729,1472,1474,1757,1648,1457,1655,1648,1447,1665,1785,1424,1447,1810,1649,1450,1681,1638,1419,1668,1810,1412,1445,1803,1631,1455,1691,1621,1418,1686,1792,1424,1473,1766,1616,1491,1691,1600,1445,1681,1745,1462,1518,1717,1600,1535,1680,1584,1477,1666,1700,1500,1559,1663,1585,1579,1661,1579,1531,1651,1644,1550,1594,1631,1582,1598,1642,1584,1564,1625,1616,1584,1607,1609,1581,1605,1617,1578,1591,1613,1607,1596,1607,1600,1584,1605,1610,1587,1599,1602,1601,1600,1605,1593,1635,1603,1614,1600,1599,1602,1626,1602,1604,1597,1599,1600,1599,1601,1601,1598,1594,1600,1600,1600,1600,1600,1589,1601,1616,1598,1599,1602,1599,1600,1603,1596,1593,1605,1602,1600,1597,1602,1602,1603,1606,1597,1605,1604,1619,1597,1600,1601,1597,1601,1600,1598,1594,1611,1601,1600,1599,1584,1598,1600,1603,1595,1601,1600,1601,1603,1595,1602,1598,1599,1600,1600,1605,1598,1594,1605,1600,1598,1601,1601,1601,1604,1604,1598,1600,1601,1596,1602,1600,1598,1599,1605,1600,1600,1595,1583,1595,1605,1602,1614,1596,1601,1600,1600,1599,1610,1598,1604,1598,1598,1598,1603,1599,1600,1601,1599,1597,1603,1595,1597,1597,1599,1600,1602,1591,1600,1597,1603,1600,1596,1596,1600,1596,1605,1602,1598,1600,1599,1600,1600,1603,1598,1600,1582,1600,1601,1600,1594,1600,1600,1600,1597,1600,1614,1599,1598,1611,1600,1598,1600,1600,1597,1600,1600,1600,1600,1600,1597,1602,1600,1605,1594,1601,1600,1591,1599,1596,1599,1600,1601,1587,1590,1614,1600,1600,1589,1601,1599,1603,1600,1603,1600,1600,1592,1601,1600,1607,1608,1597,1602,1601,1595,1600,1587,1605,1600,1602,1595,1600,1601,1603,1595,1600,1600,1601,1597,1603,1598,1601,1600,1600,1598,1601,1597,1597,1600,1605,1599,1600,1595,1601,1600,1601,1601,1599,1605,1603,1605,1602,1599,1599,1600,1600,1599,1602,1600,1603,1599,1606,1599,1598,1599,1595,1602,1603,1598,1600,1601,1606,1597,1599,1595,1603,1598,1600,1600,1607,1597,1598,1600,1599,1599,1595,1600,1597,1598,1625,1600,1599,1600,1600,1602,1599,1600,1600,1600,1599,1597,1603,1600,1600,1600,1603,1599,1598,1566,1600,1601,1600,1598,1603,1600,1602,1595,1600,1601,1600,1594,1600,1598,1602,1599,1600,1600,1600,1602,1600,1595,1617,1599,1585,1600,1578,1601,1597,1599,1602,1601,1597,1602,1600,1600,1600,1593,1606,1600,1600,1600,1600,1603,1599,1595,1597,1600,1603,1595,1600,1600,1602,1598,1597,1603,1600,1598,1597,1600,1605,1597,1600,1600,1603,1600,1598,1600,1600,1623,1600,1584,1597,1575,1600,1604,1600,1627,1597,1601,1598,1603,1598,1601,1596,1605,1601,1601,1598,1600,1598,1600,1595,1600,1600,1602,1603,1599,1607,1603,1609,1600,1586,1600,1583,1600,1600,1599,1601,1600,1605,1599,1603,1599,1598,1597,1603
1602,1600,1604,1598,1591,1603,1597,1591,1612,1600,1593,1600,1600,1600,1604,1616,1605,1591,1609,1595,1595,1616,1600,1602,1601,1605,1603,1595,1604,1599,1595,1601,1599,1603,1591,1607,1602,1598,1584,1606,1583,1601,1601,1607,1605,1614,1604,1611,1600,1600,1603,1601,1601,1599,1605,1600,1601,1600,1602,1600,1603,1600,1600,1600,1607,1600,1599,1601,1599,1600,1616,1607,1588,1587,1616,1600,1597,1616,1600,1575,1638,1629,1552,1584,1658,1598,1568,1644,1590,1527,1651,1680,1505,1552,1709,1585,1549,1685,1582,1482,1711,1715,1451,1529,1735,1571,1525,1725,1563,1427,1731,1744,1413,1547,1750,1530,1544,1737,1535,1411,1753,1735,1423,1552,1731,1525,1572,1744,1523,1434,1743,1712,1447,1582,1695,1526,1578,1727,1547,1472,1714,1679,1495,1597,1664,1535,1603,1693,1549,1520,1673,1644,1535,1613,1625,1558,1616,1663,1568,1556,1647,1607,1573,1618,1605,1577,1617,1614,1584,1585,1618,1599,1600,1609,1594,1586,1615,1615,1594,1601,1604,1595,1603,1616,1595,1598,1603,1600,1607,1605,1594,1600,1599,1606,1589,1605,1602,1596,1607,1609,1600,1589,1606,1600,1595,1603,1600,1595,1603,1616,1597,1598,1606,1603,1605,1601,1600,1600,1605,1602,1599,1604,1600,1600,1603,1606,1598,1595,1602,1605,1590,1603,1600,1599,1591,1609,1592,1600,1616,1604,1600,1599,1605,1603,1603,1600,1599,1601,1600,1600,1602,1603,1599,1600,1600,1605,1603,1602,1599,1600,1605,1602,1599,1597,1602,1600,1602,1603,1598,1596,1600,1618,1599,1600,1600,1591,1604,1616,1599,1587,1603,1601,1600,1600,1600,1603,1600,1600,1600,1603,1601,1613,1601,1602,1600,1594,1603,1600,1600,1600,1606,1605,1600,1600,1610,1601,1602,1601,1607,1599,1603,1603,1602,1595,1600,1605,1616,1599,1593,1599,1600,1603,1603,1604,1600,1599,1600,1600,1597,1603,1604,1594,1595,1590,1611,1584,1597,1596,1605,1595,1600,1595,1601,1587,1601,1593,1602,1602,1605,1600,1601,1599,1602,1599,1595,1600,1584,1603,1598,1601,1599,1597,1599,1600,1600,1602,1585,1594,1601,1603,1600,1599,1601,1604,1593,1599,1605,1601,1600,1600,1593,1609,1602,1600,1600,1602,1600,1584,1600,1584,1598,1602,1602,1599,1597,1594,1598,1601,1600,1600,1600,1600,1600,1600,1605,1600,1601,1596,1603,1601,1606,1601,1586,1599,1615,1600,1585,1600,1600,1602,1605,1600,1601,1601,1597,1600,1600,1604,1600,1601,1601,1598,1604,1598,1599,1600,1601,1600,1601,1600,1600,1600,1611,1574,1606,1594,1600,1600,1609,1600,1598,1600,1599,1602,1603,1600,1607,1596,1600,1599,1600,1600,1600,1599,1600,1600,1601,1601,1600,1595,1600,1600,1597,1593,1600,1574,1601,1600,1600,1607,1603,1599,1599,1603,1600,1598,1600,1602,1600,1600,1600,1610,1601,1603,1602,1595,1600,1603,1605,1600,1604,1594,1600,1598,1603,1602,1639,1600,1611,1600,1600,1601,1600,1589,1605,1594,1600,1600,1602,1629,1597,1600,1600,1603,1603,1600,1600,1598,1595,1600,1586,1598,1605,1600,1601,1600,1610,1599,1603,1602,1615,1599,1595,1601,1599,1605,1599,1600,1597,1603,1601,1601,1601,1598,1598,1607,1602,1600,1600,1597,1596,1597,1603,1597,1601,1585,1595,1599,1595,1601,1598,1603,1600,1600,1600,1598,1598,1600,1595,1603,1598,1600,1600,1600,1595,1600,1603,1599,1598,1604,1600,1602,1607,1598,1601,1596,1595,1605,1600,1601
1609,1606,1591,1602,1607,1587,1611,1600,1594,1616,1600,1615,1604,1589,1602,1591,1614,1599,1597,1607,1599,1600,1605,1603,1600,1593,1613,1604,1598,1600,1601,1600,1604,1606,1611,1600,1602,1607,1584,1600,1607,1611,1600,1607,1611,1611,1597,1601,1600,1603,1600,1613,1600,1600,1603,1611,1600,1600,1597,1579,1607,1603,1602,1605,1601,1600,1606,1614,1596,1598,1613,1601,1600,1611,1605,1584,1613,1619,1583,1588,1633,1601,1566,1617,1609,1567,1629,1633,1563,1572,1649,1601,1575,1634,1604,1549,1639,1655,1546,1568,1667,1598,1565,1645,1600,1532,1650,1661,1530,1564,1669,1589,1574,1648,1591,1527,1654,1664,1535,1573,1659,1588,1583,1648,1581,1546,1649,1652,1557,1586,1642,1595,1591,1638,1588,1553,1643,1634,1562,1595,1631,1594,1599,1633,1588,1571,1623,1623,1582,1600,1616,1589,1597,1617,1596,1586,1616,1633,1586,1610,1614,1599,1609,1613,1600,1596,1616,1605,1595,1602,1607,1600,1602,1603,1599,1601,1605,1601,1600,1603,1603,1597,1604,1600,1616,1599,1607,1600,1611,1607,1611,1597,1605,1602,1604,1600,1599,1600,1602,1605,1600,1601,1601,1601,1607,1602,1600,1600,1605,1599,1600,1599,1606,1611,1601,1598,1607,1599,1605,1613,1599,1606,1610,1591,1607,1602,1597,1603,1605,1600,1600,1606,1614,1602,1612,1600,1600,1596,1602,1599,1601,1605,1613,1597,1602,1603,1606,1600,1606,1600,1603,1600,1600,1600,1602,1606,1597,1607,1601,1603,1587,1601,1601,1605,1597,1605,1612,1600,1600,1605,1601,1600,1599,1608,1598,1607,1597,1600,1601,1604,1596,1601,1600,1601,1600,1598,1603,1612,1594,1600,1603,1606,1595,1607,1600,1606,1601,1600,1602,1601,1600,1600,1600,1603,1599,1603,1599,1606,1601,1599,1602,1600,1597,1601,1600,1600,1599,1600,1599,1601,1600,1598,1600,1600,1599,1590,1602,1600,1600,1591,1601,1603,1597,1600,1599,1600,1600,1600,1599,1603,1605,1600,1600,1598,1600,1602,1603,1597,1605,1600,1599,1598,1602,1600,1601,1601,1600,1599,1600,1605,1599,1606,1605,1603,1600,1597,1605,1600,1603,1595,1603,1595,1601,1599,1595,1599,1602,1600,1595,1600,1601,1601,1600,1599,1604,1594,1600,1600,1600,1604,1602,1600,1600,1593,1602,1598,1599,1596,1600,1601,1601,1598,1600,1599,1609,1593,1595,1600,1613,1600,1590,1595,1586,1601,1597,1597,1601,1603,1598,1603,1601,1600,1600,1605,1602,1601,1597,1603,1601,1600,1597,1602,1600,1600,1597,1591,1600,1596,1605,1591,1600,1605,1600,1616,1605,1599,1598,1600,1601,1600,1595,1600,1601,1600,1602,1598,1584,1604,1595,1603,1595,1604,1597,1600,1600,1597,1606,1600,1600,1595,1595,1600,1601,1600,1595,1600,1600,1600,1599,1601,1603,1589,1600,1599,1606,1606,1600,1601,1605,1610,1604,1610,1600,1616,1600,1602,1601,1603,1602,1600,1600,1597,1601,1600,1609,1598,1600,1601,1601,1595,1602,1595,1600,1601,1602,1600,1599,1600,1600,1600,1585,1604,1601,1602,1603,1600,1552,1601,1598,1600,1593,1603,1604,1600,1600,1600,1601,1600,1593,1595,1602,1606,1594,1600,1600,1603,1599,1600,1601,1600,1600,1600,1599,1600,1600,1596,1600,1589,1602,1600,1593,1600,1601,1597,1594,1602,1603,1599,1600,1600,1601,1599,1601,1600,1600,1599,1600,1598,1601,1598,1600,1600,1601,1599,1619,1599,1604,1594,1606,1600,1598,1597,1600,1596,1601,1599,1595,1600,1600,1600
1603,1600,1604,1600,1607,1600,1601,1605,1600,1600,1603,1606,1600,1600,1609,1602,1605,1599,1584,1599,1607,1607,1600,1611,1607,1606,1606,1597,1603,1599,1600,1607,1600,1605,1614,1598,1611,1589,1605,1600,1596,1609,1599,1605,1604,1606,1601,1600,1600,1610,1594,1600,1601,1599,1597,1605,1609,1595,1599,1607,1593,1597,1615,1600,1598,1603,1600,1584,1613,1616,1561,1591,1628,1594,1567,1618,1600,1563,1609,1645,1535,1580,1663,1594,1566,1658,1595,1522,1659,1670,1495,1559,1695,1585,1550,1675,1582,1485,1693,1707,1471,1552,1715,1578,1584,1688,1581,1466,1700,1717,1459,1546,1721,1571,1552,1701,1575,1462,1680,1713,1469,1552,1697,1574,1557,1696,1571,1483,1680,1685,1499,1569,1674,1578,1573,1665,1584,1520,1648,1659,1533,1571,1647,1595,1582,1645,1595,1557,1626,1631,1563,1585,1625,1609,1585,1612,1606,1583,1606,1616,1590,1587,1614,1610,1584,1600,1610,1600,1590,1613,1600,1585,1633,1607,1584,1595,1614,1606,1591,1606,1603,1584,1605,1613,1584,1597,1613,1601,1595,1610,1600,1595,1606,1609,1588,1611,1605,1602,1600,1602,1599,1594,1601,1609,1589,1598,1606,1601,1600,1600,1600,1591,1605,1604,1602,1600,1595,1600,1601,1600,1601,1599,1598,1600,1598,1606,1598,1601,1603,1602,1600,1600,1601,1598,1600,1610,1600,1600,1600,1584,1598,1605,1600,1594,1599,1602,1597,1600,1606,1600,1600,1600,1607,1595,1602,1600,1600,1599,1603,1603,1600,1600,1595,1600,1600,1606,1600,1594,1600,1606,1600,1600,1598,1585,1600,1602,1599,1603,1601,1600,1599,1600,1601,1598,1600,1600,1603,1600,1587,1597,1601,1604,1600,1600,1601,1598,1590,1598,1600,1605,1602,1599,1602,1600,1599,1607,1605,1598,1598,1600,1600,1603,1601,1603,1601,1600,1601,1587,1600,1595,1603,1597,1611,1586,1601,1600,1598,1600,1603,1605,1598,1600,1600,1604,1600,1600,1600,1598,1601,1600,1613,1598,1591,1600,1598,1603,1599,1601,1600,1601,1599,1600,1600,1600,1600,1600,1600,1602,1600,1599,1598,1602,1601,1601,1599,1607,1601,1588,1603,1584,1603,1604,1599,1586,1601,1600,1600,1599,1600,1597,1600,1600,1600,1601,1600,1599,1600,1600,1600,1601,1646,1600,1604,1600,1600,1599,1553,1599,1605,1600,1598,1600,1603,1600,1600,1597,1600,1601,1600,1600,1601,1600,1602,1597,1599,1594,1598,1584,1600,1600,1600,1600,1601,1600,1602,1600,1596,1603,1597,1603,1600,1607,1609,1600,1600,1602,1610,1597,1600,1602,1599,1600,1601,1600,1600,1597,1600,1600,1595,1600,1599,1649,1594,1595,1600,1603,1600,1595,1600,1606,1596,1605,1599,1603,1600,1605,1600,1607,1603,1611,1601,1597,1601,1587,1600,1600,1598,1605,1602,1600,1600,1600,1600,1601,1601,1596,1610,1599,1597,1595,1601,1600,1594,1600,1600,1599,1627,1601,1600,1602,1600,1601,1594,1600,1603,1595,1600,1601,1597,1597,1601,1601,1602,1598,1603,1598,1604,1595,1603,1599,1601,1600,1600,1598,1591,1602,1601,1601,1599,1600,1598,1600,1602,1602,1599,1600,1600,1600,1600,1606,1601,1600,1600,1584,1599,1586,1602,1598,1600,1607,1598,1603,1602,1597,1603,1598,1598,1600,1597,1601,1596,1600,1601,1605,1596,1600,1589,1599,1615,1600,1587,1599,1601,1599,1601,1599,1600,1599,1600,1603,1600,1597,1600,1601,1603,1600,1598,1600,1600,1600,1596,1605,1600,1610,1598,1616,1600,1597,1600,1622
1605,1596,1590,1591,1600,1561,1604,1606,1600,1584,1604,1598,1584,1604,1601,1600,1601,1603,1600,1590,1607,1597,1591,1591,1610,1600,1607,1600,1568,1587,1607,1596,1593,1600,1602,1600,1602,1600,1601,1589,1600,1603,1585,1591,1600,1601,1591,1610,1603,1618,1597,1584,1610,1613,1597,1618,1603,1598,1598,1606,1601,1588,1602,1610,1587,1585,1616,1611,1568,1603,1621,1584,1597,1642,1546,1545,1661,1641,1511,1596,1653,1555,1600,1684,1523,1492,1711,1671,1472,1605,1676,1513,1609,1744,1498,1450,1771,1683,1427,1601,1695,1486,1616,1801,1459,1467,1803,1702,1409,1623,1695,1446,1642,1804,1442,1410,1803,1685,1428,1647,1664,1445,1653,1790,1443,1446,1773,1655,1454,1654,1636,1466,1656,1754,1478,1484,1725,1619,1507,1663,1615,1488,1648,1712,1503,1535,1683,1600,1552,1651,1599,1520,1648,1664,1533,1582,1647,1591,1589,1638,1590,1548,1633,1632,1564,1591,1601,1582,1573,1632,1586,1569,1630,1616,1580,1601,1610,1584,1603,1619,1589,1584,1617,1613,1581,1617,1606,1584,1606,1621,1595,1587,1616,1591,1595,1600,1604,1586,1600,1603,1600,1579,1600,1607,1594,1584,1601,1605,1593,1603,1598,1602,1598,1605,1606,1595,1611,1606,1590,1593,1616,1600,1598,1600,1585,1590,1601,1610,1599,1591,1613,1600,1591,1615,1600,1585,1610,1614,1584,1597,1609,1600,1595,1607,1590,1595,1609,1613,1588,1586,1603,1595,1605,1619,1601,1589,1604,1610,1593,1598,1607,1600,1595,1607,1597,1597,1601,1611,1597,1595,1610,1595,1602,1605,1597,1599,1600,1614,1599,1633,1607,1600,1599,1600,1598,1593,1606,1605,1600,1600,1600,1597,1601,1600,1600,1601,1616,1598,1591,1600,1609,1600,1597,1601,1574,1594,1601,1597,1597,1600,1600,1598,1601,1605,1596,1600,1604,1599,1602,1598,1599,1601,1600,1599,1596,1584,1604,1571,1600,1611,1600,1597,1602,1601,1602,1601,1603,1600,1595,1600,1607,1599,1607,1601,1600,1598,1600,1595,1596,1600,1603,1600,1600,1599,1595,1600,1599,1602,1601,1603,1599,1600,1603,1594,1600,1600,1601,1582,1598,1610,1601,1601,1606,1591,1598,1602,1600,1601,1605,1594,1603,1601,1600,1600,1600,1600,1606,1601,1610,1601,1596,1603,1602,1600,1601,1599,1599,1601,1614,1598,1603,1602,1600,1600,1603,1598,1583,1605,1602,1601,1600,1599,1599,1600,1599,1605,1603,1599,1600,1601,1600,1603,1605,1585,1602,1584,1598,1603,1601,1602,1600,1600,1591,1598,1597,1604,1595,1605,1599,1600,1601,1602,1602,1599,1605,1598,1599,1601,1601,1602,1617,1600,1597,1600,1604,1605,1605,1600,1599,1599,1606,1601,1599,1600,1602,1605,1600,1602,1600,1600,1599,1603,1602,1597,1600,1645,1600,1610,1603,1600,1600,1594,1599,1602,1597,1603,1599,1603,1600,1600,1597,1600,1600,1603,1603,1597,1606,1599,1606,1601,1609,1601,1605,1599,1616,1597,1584,1600,1600,1600,1596,1604,1601,1601,1603,1597,1604,1599,1601,1600,1601,1599,1614,1598,1587,1599,1605,1599,1615,1597,1603,1600,1598,1600,1602,1594,1595,1600,1598,1607,1600,1600,1600,1595,1598,1611,1600,1600,1603,1599,1600,1586,1598,1588,1600,1600,1603,1598,1595,1599,1600,1600,1605,1599,1602,1593,1603,1600,1611,1598,1595,1601,1602,1600,1600,1597,1601,1596,1600,1603,1600,1598,1605,1607,1600,1603,1603,1600,1600,1614,1600,1600,1602,1600,1602,1598,1598,1599,1602,1584
1601,1596,1599,1577,1611,1600,1584,1603,1603,1600,1599,1607,1598,1584,1601,1601,1591,1600,1600,1599,1627,1609,1600,1591,1609,1601,1584,1598,1605,1600,1600,1602,1600,1586,1610,1607,1584,1599,1606,1598,1600,1614,1599,1583,1618,1600,1607,1591,1602,1610,1605,1585,1596,1599,1602,1599,1616,1598,1606,1600,1600,1597,1600,1589,1610,1601,1597,1595,1616,1591,1601,1609,1593,1562,1627,1614,1583,1646,1615,1574,1610,1625,1573,1573,1629,1606,1573,1609,1616,1571,1616,1648,1563,1563,1645,1639,1561,1616,1610,1552,1617,1648,1552,1562,1649,1607,1569,1626,1579,1552,1629,1645,1552,1578,1638,1598,1563,1629,1594,1561,1626,1632,1563,1590,1619,1595,1585,1636,1585,1576,1618,1616,1573,1600,1610,1590,1600,1618,1584,1584,1616,1616,1587,1600,1600,1587,1602,1616,1584,1600,1601,1600,1600,1613,1591,1598,1606,1604,1586,1603,1600,1595,1614,1610,1577,1601,1585,1602,1595,1601,1597,1600,1605,1609,1590,1600,1604,1595,1600,1605,1596,1586,1605,1601,1591,1601,1605,1595,1600,1582,1600,1579,1606,1573,1591,1601,1602,1593,1615,1603,1600,1587,1605,1600,1598,1599,1603,1590,1614,1600,1610,1593,1615,1600,1595,1600,1606,1589,1603,1598,1600,1591,1603,1597,1600,1600,1601,1600,1600,1601,1599,1600,1601,1600,1599,1601,1605,1595,1600,1613,1600,1594,1602,1600,1600,1602,1600,1599,1600,1599,1600,1600,1600,1603,1599,1600,1600,1614,1600,1602,1603,1599,1596,1599,1600,1600,1603,1599,1596,1600,1602,1601,1595,1600,1603,1600,1601,1599,1595,1600,1600,1604,1602,1598,1601,1598,1593,1602,1606,1600,1600,1600,1600,1600,1603,1600,1603,1595,1595,1599,1603,1602,1603,1593,1602,1600,1606,1596,1600,1606,1600,1599,1601,1603,1602,1605,1606,1618,1604,1595,1606,1594,1600,1595,1600,1600,1601,1599,1603,1596,1604,1600,1607,1600,1600,1600,1589,1602,1603,1610,1616,1600,1598,1614,1600,1602,1600,1600,1598,1599,1600,1595,1601,1600,1601,1595,1604,1600,1604,1589,1601,1598,1600,1583,1598,1605,1601,1578,1601,1600,1600,1598,1600,1601,1601,1600,1600,1600,1600,1600,1599,1601,1616,1599,1600,1598,1583,1600,1597,1601,1583,1603,1597,1605,1599,1600,1595,1603,1595,1603,1600,1603,1600,1601,1602,1599,1597,1600,1597,1601,1595,1597,1599,1613,1600,1600,1600,1597,1601,1600,1601,1600,1597,1600,1600,1600,1598,1605,1591,1606,1595,1605,1599,1601,1601,1600,1587,1599,1598,1600,1595,1604,1597,1601,1598,1603,1592,1603,1596,1604,1597,1602,1600,1609,1596,1584,1597,1600,1599,1610,1600,1600,1600,1600,1600,1600,1595,1600,1595,1599,1601,1598,1598,1601,1584,1602,1600,1600,1600,1601,1598,1604,1600,1599,1595,1593,1600,1595,1601,1603,1600,1600,1610,1600,1598,1600,1600,1599,1601,1598,1602,1600,1602,1600,1603,1600,1602,1606,1599,1598,1600,1601,1586,1600,1584,1599,1591,1601,1632,1598,1600,1600,1597,1604,1597,1601,1600,1599,1600,1602,1593,1601,1597,1599,1599,1593,1599,1606,1597,1578,1599,1603,1599,1607,1600,1601,1598,1606,1597,1600,1600,1603,1598,1600,1598,1600,1600,1601,1591,1602,1599,1600,1607,1599,1600,1602,1595,1601,1614,1599,1600,1604,1598,1601,1599,1598,1601,1600,1599,1599,1595,1600,1600,1600,1600,1593,1596,1600,1595,1616,1598,1601,1600,1591,1598,1600,1601,1598,1603,1600
1600,1600,1594,1603,1599,1601,1602,1600,1603,1609,1600,1605,1613,1600,1602,1600,1601,1607,1603,1601,1600,1600,1605,1603,1612,1597,1613,1598,1600,1610,1600,1606,1600,1600,1610,1589,1603,1598,1599,1611,1600,1606,1615,1605,1601,1599,1602,1606,1597,1595,1611,1600,1600,1616,1606,1599,1600,1599,1603,1600,1601,1601,1599,1600,1605,1593,1602,1601,1600,1584,1605,1602,1599,1598,1603,1595,1600,1602,1609,1600,1598,1601,1600,1591,1613,1607,1596,1600,1621,1595,1613,1607,1594,1585,1616,1606,1588,1593,1618,1599,1589,1612,1601,1583,1617,1618,1579,1583,1623,1599,1585,1611,1600,1574,1617,1621,1571,1586,1626,1601,1586,1623,1601,1579,1606,1623,1584,1589,1618,1616,1584,1606,1601,1584,1606,1618,1591,1585,1611,1611,1552,1605,1607,1591,1614,1615,1589,1598,1605,1613,1589,1600,1606,1599,1590,1604,1601,1594,1603,1614,1590,1594,1603,1601,1595,1642,1601,1599,1597,1600,1600,1595,1607,1604,1596,1605,1605,1599,1599,1607,1589,1598,1600,1603,1591,1601,1600,1600,1611,1610,1591,1598,1649,1602,1593,1601,1600,1594,1600,1609,1597,1600,1599,1601,1591,1602,1595,1599,1596,1602,1593,1600,1600,1602,1591,1611,1600,1600,1599,1606,1599,1602,1601,1604,1600,1602,1601,1603,1601,1606,1589,1601,1601,1605,1596,1602,1599,1600,1600,1605,1602,1596,1603,1598,1602,1595,1600,1598,1600,1599,1599,1594,1597,1589,1598,1605,1598,1600,1598,1601,1602,1605,1598,1600,1603,1599,1601,1596,1603,1598,1601,1598,1602,1600,1599,1595,1602,1599,1600,1600,1598,1604,1599,1601,1600,1605,1600,1600,1600,1590,1598,1604,1600,1602,1600,1603,1598,1601,1605,1600,1600,1599,1600,1598,1600,1600,1597,1599,1600,1600,1601,1601,1595,1598,1589,1600,1604,1599,1602,1600,1602,1600,1600,1597,1599,1597,1600,1602,1597,1600,1600,1599,1600,1601,1600,1600,1601,1600,1599,1577,1600,1586,1599,1607,1598,1584,1597,1601,1598,1601,1598,1602,1597,1603,1597,1611,1600,1605,1599,1603,1598,1600,1588,1600,1594,1603,1600,1602,1601,1598,1600,1600,1599,1600,1600,1600,1600,1600,1601,1600,1600,1602,1600,1600,1600,1602,1609,1590,1600,1600,1597,1600,1602,1606,1600,1594,1600,1600,1597,1600,1601,1601,1596,1602,1602,1600,1600,1595,1602,1597,1598,1600,1595,1601,1601,1600,1603,1595,1600,1598,1599,1601,1600,1600,1601,1600,1604,1598,1604,1606,1605,1597,1601,1601,1600,1599,1605,1598,1600,1601,1600,1600,1605,1597,1597,1600,1604,1600,1600,1597,1602,1594,1606,1599,1600,1600,1602,1598,1604,1600,1605,1600,1590,1597,1584,1601,1591,1600,1603,1599,1606,1601,1597,1599,1601,1600,1611,1599,1602,1600,1600,1600,1600,1600,1603,1599,1607,1600,1602,1608,1602,1607,1600,1643,1601,1597,1603,1600,1600,1597,1600,1597,1600,1599,1603,1600,1604,1600,1600,1596,1599,1604,1603,1600,1600,1596,1598,1607,1599,1600,1601,1597,1600,1601,1600,1600,1602,1600,1601,1600,1600,1598,1599,1600,1584,1599,1600,1602,1607,1603,1584,1600,1603,1597,1589,1599,1600,1599,1602,1599,1603,1600,1600,1602,1599,1600,1600,1597,1601,1598,1600,1607,1603,1600,1603,1597,1602,1597,1600,1594,1598,1584,1606,1600,1601,1600,1603,1599,1595,1600,1601,1598,1599,1597,1600,1599,1602,1594,1606,1597,1594,1599,1607,1599,1616,1600,1610,1600,1605,1598
1606,1600,1591,1601,1600,1598,1600,1607,1591,1600,1600,1599,1597,1605,1586,1600,1598,1603,1600,1602,1602,1607,1603,1600,1602,1600,1602,1600,1597,1590,1600,1605,1595,1600,1603,1603,1600,1601,1607,1609,1600,1602,1600,1604,1607,1603,1601,1600,1606,1605,1597,1599,1605,1607,1595,1600,1599,1595,1599,1600,1600,1607,1597,1601,1609,1601,1586,1603,1615,1585,1611,1622,1575,1570,1637,1606,1559,1615,1618,1556,1623,1648,1535,1555,1677,1616,1526,1629,1621,1517,1637,1712,1492,1513,1728,1623,1495,1654,1625,1471,1666,1750,1450,1477,1762,1627,1478,1680,1623,1433,1695,1780,1431,1473,1776,1612,1473,1703,1607,1428,1703,1768,1426,1486,1769,1595,1503,1702,1591,1437,1696,1746,1445,1515,1728,1584,1525,1695,1584,1477,1684,1690,1479,1558,1693,1575,1559,1674,1583,1500,1674,1677,1520,1559,1663,1579,1574,1648,1582,1530,1638,1647,1552,1583,1648,1599,1600,1629,1597,1567,1610,1622,1575,1587,1614,1601,1584,1609,1603,1594,1600,1616,1591,1591,1604,1629,1581,1597,1618,1603,1587,1606,1605,1584,1612,1618,1573,1583,1621,1609,1584,1605,1591,1582,1613,1622,1584,1578,1633,1601,1584,1603,1593,1577,1600,1619,1580,1584,1618,1605,1587,1614,1602,1584,1614,1617,1586,1585,1617,1595,1594,1610,1600,1580,1616,1613,1587,1593,1612,1642,1602,1610,1588,1596,1602,1616,1593,1600,1599,1594,1600,1609,1596,1597,1605,1600,1597,1593,1600,1595,1605,1616,1598,1594,1597,1613,1595,1589,1600,1585,1600,1600,1597,1600,1609,1594,1600,1602,1600,1590,1604,1605,1598,1601,1600,1597,1599,1603,1587,1597,1600,1600,1591,1603,1629,1600,1602,1603,1600,1599,1600,1600,1600,1602,1600,1599,1601,1601,1599,1600,1607,1587,1602,1600,1601,1588,1600,1602,1600,1600,1600,1605,1600,1603,1600,1597,1600,1601,1600,1601,1605,1599,1601,1598,1615,1600,1611,1600,1620,1599,1602,1599,1610,1601,1599,1603,1600,1603,1599,1604,1599,1600,1597,1602,1597,1600,1600,1601,1600,1600,1604,1601,1600,1600,1598,1609,1599,1626,1599,1615,1598,1601,1601,1601,1598,1599,1605,1598,1602,1603,1605,1606,1599,1602,1597,1602,1598,1597,1600,1604,1603,1601,1603,1601,1594,1602,1600,1600,1598,1601,1597,1600,1600,1602,1600,1600,1600,1603,1600,1603,1600,1600,1603,1613,1600,1577,1600,1600,1601,1596,1602,1600,1600,1604,1599,1600,1600,1601,1603,1602,1600,1600,1600,1600,1606,1601,1602,1599,1598,1599,1596,1600,1607,1601,1599,1598,1598,1600,1603,1602,1601,1600,1600,1597,1604,1600,1603,1602,1604,1600,1600,1609,1600,1569,1601,1605,1600,1616,1600,1600,1600,1611,1602,1600,1601,1600,1597,1600,1601,1600,1600,1605,1597,1600,1600,1600,1600,1603,1603,1599,1587,1600,1600,1600,1606,1596,1605,1599,1600,1598,1600,1598,1600,1600,1597,1604,1600,1598,1600,1597,1607,1600,1602,1587,1593,1600,1653,1603,1599,1599,1603,1600,1599,1600,1600,1599,1599,1601,1600,1600,1605,1602,1600,1602,1600,1607,1600,1605,1602,1595,1603,1615,1600,1601,1600,1601,1600,1605,1605,1594,1614,1597,1600,1602,1599,1599,1604,1599,1600,1600,1584,1600,1605,1603,1585,1600,1600,1591,1602,1597,1599,1602,1597,1600,1600,1600,1600,1603,1600,1600,1602,1591,1600,1600,1597,1600,1609,1600,1602,1597,1601,1601,1600,1600,1599,1602,1596,1603,1600,1600
1605,1598,1601,1600,1597,1605,1585,1602,1602,1600,1610,1613,1598,1590,1611,1602,1590,1602,1605,1598,1601,1612,1599,1590,1609,1601,1600,1597,1606,1597,1599,1611,1599,1594,1609,1600,1600,1591,1601,1595,1597,1609,1599,1590,1616,1601,1602,1589,1601,1606,1599,1594,1600,1603,1603,1600,1613,1595,1601,1599,1611,1594,1607,1601,1597,1604,1587,1595,1606,1611,1584,1605,1614,1589,1599,1621,1582,1575,1633,1620,1557,1599,1631,1547,1597,1648,1559,1534,1667,1648,1506,1600,1658,1552,1600,1691,1529,1488,1675,1670,1472,1600,1677,1510,1605,1730,1500,1457,1737,1675,1462,1606,1680,1495,1614,1742,1497,1456,1744,1659,1472,1626,1668,1494,1617,1730,1503,1473,1731,1665,1489,1619,1651,1514,1625,1711,1520,1495,1699,1642,1520,1616,1635,1524,1616,1679,1549,1525,1673,1627,1543,1616,1626,1554,1606,1655,1563,1553,1658,1619,1550,1606,1619,1575,1600,1640,1581,1561,1625,1622,1571,1598,1616,1586,1585,1625,1591,1580,1615,1617,1578,1600,1615,1615,1586,1616,1598,1583,1611,1609,1582,1591,1615,1597,1591,1611,1601,1587,1598,1603,1597,1599,1607,1599,1600,1599,1613,1600,1599,1600,1622,1597,1600,1600,1600,1595,1600,1603,1596,1594,1613,1601,1591,1600,1600,1584,1615,1613,1584,1597,1616,1605,1593,1616,1597,1589,1620,1615,1583,1600,1610,1591,1600,1617,1589,1584,1616,1609,1584,1600,1605,1587,1602,1619,1611,1584,1607,1622,1586,1587,1616,1619,1588,1607,1606,1585,1613,1615,1584,1584,1616,1600,1594,1606,1607,1584,1609,1606,1580,1597,1603,1594,1600,1602,1600,1593,1605,1603,1598,1601,1599,1594,1607,1604,1591,1601,1605,1598,1600,1613,1593,1595,1611,1600,1594,1602,1597,1593,1606,1613,1590,1595,1600,1595,1588,1611,1587,1589,1604,1614,1585,1600,1611,1595,1598,1611,1594,1588,1616,1611,1583,1599,1603,1599,1595,1611,1591,1590,1605,1610,1584,1603,1603,1600,1600,1611,1594,1589,1606,1606,1589,1603,1599,1598,1599,1587,1597,1588,1604,1600,1598,1601,1601,1590,1599,1606,1597,1596,1601,1600,1596,1606,1601,1597,1602,1598,1599,1597,1600,1600,1614,1602,1621,1591,1603,1600,1600,1604,1601,1600,1602,1600,1598,1595,1600,1600,1599,1598,1602,1599,1601,1597,1599,1598,1605,1614,1599,1597,1602,1597,1602,1600,1600,1596,1600,1603,1600,1599,1600,1597,1601,1602,1594,1598,1584,1602,1597,1600,1585,1597,1593,1601,1600,1598,1603,1597,1597,1600,1593,1600,1597,1603,1598,1601,1599,1602,1599,1601,1605,1597,1600,1600,1598,1598,1599,1613,1600,1600,1600,1622,1600,1600,1599,1600,1595,1601,1596,1601,1578,1604,1597,1601,1600,1600,1602,1600,1610,1600,1623,1603,1595,1604,1593,1600,1600,1599,1600,1601,1600,1598,1600,1600,1595,1601,1599,1603,1600,1606,1600,1584,1599,1599,1600,1597,1600,1603,1600,1600,1595,1597,1602,1599,1600,1615,1600,1584,1601,1587,1601,1600,1604,1598,1600,1600,1600,1600,1603,1601,1607,1600,1600,1595,1599,1614,1599,1600,1597,1599,1600,1598,1600,1600,1600,1601,1599,1600,1600,1597,1603,1599,1575,1600,1607,1602,1602,1605,1613,1600,1604,1600,1595,1600,1600,1600,1602,1601,1599,1600,1597,1600,1596,1600,1600,1597,1600,1604,1599,1604,1600,1574,1600,1607,1598,1573,1600,1601,1593,1603,1597,1600,1600,1603,1595,1600,1600,1603,1599,1600,1599,1600
1605,1603,1602,1595,1603,1589,1599,1603,1595,1600,1599,1606,1598,1603,1605,1607,1598,1600,1600,1599,1609,1602,1595,1602,1601,1600,1574,1600,1597,1599,1600,1603,1599,1600,1602,1602,1600,1600,1600,1600,1594,1610,1596,1602,1607,1599,1601,1597,1607,1618,1594,1589,1605,1638,1596,1606,1604,1595,1600,1591,1598,1595,1601,1600,1601,1605,1588,1600,1606,1585,1603,1618,1575,1580,1641,1605,1577,1611,1613,1558,1620,1658,1535,1551,1678,1611,1529,1634,1616,1518,1651,1697,1487,1516,1728,1617,1496,1664,1611,1451,1687,1750,1439,1488,1772,1645,1482,1714,1594,1439,1713,1778,1402,1489,1780,1585,1498,1723,1579,1403,1739,1765,1415,1501,1755,1566,1521,1744,1562,1424,1728,1730,1455,1543,1712,1551,1559,1718,1551,1466,1698,1690,1488,1584,1665,1552,1593,1684,1549,1514,1664,1646,1534,1610,1630,1558,1615,1693,1565,1559,1641,1611,1575,1615,1602,1565,1616,1627,1570,1584,1615,1595,1600,1617,1586,1578,1628,1614,1572,1600,1607,1584,1587,1616,1583,1584,1616,1607,1583,1610,1600,1585,1606,1618,1584,1585,1615,1602,1591,1600,1610,1584,1600,1613,1599,1588,1611,1609,1587,1606,1600,1586,1600,1607,1590,1594,1606,1605,1581,1600,1603,1593,1600,1604,1597,1587,1593,1601,1594,1598,1605,1597,1597,1603,1600,1600,1602,1606,1600,1599,1606,1601,1589,1597,1600,1598,1600,1616,1589,1595,1601,1593,1598,1589,1576,1594,1598,1600,1598,1589,1600,1605,1595,1600,1601,1595,1601,1603,1604,1591,1608,1594,1593,1595,1601,1595,1594,1585,1598,1598,1602,1600,1594,1609,1603,1600,1596,1606,1597,1599,1602,1602,1599,1599,1616,1595,1602,1600,1590,1597,1594,1600,1606,1595,1614,1598,1600,1599,1601,1591,1600,1599,1597,1603,1601,1602,1599,1605,1595,1600,1601,1599,1599,1596,1601,1607,1600,1615,1600,1601,1600,1593,1598,1597,1603,1594,1601,1598,1604,1600,1602,1600,1598,1600,1643,1597,1611,1593,1590,1599,1591,1600,1600,1601,1584,1603,1597,1599,1599,1605,1598,1599,1600,1605,1597,1605,1595,1599,1600,1601,1598,1615,1596,1598,1595,1601,1599,1600,1601,1606,1599,1601,1600,1594,1600,1599,1602,1597,1602,1600,1600,1600,1605,1597,1599,1595,1604,1600,1597,1604,1600,1600,1600,1601,1600,1598,1597,1600,1594,1600,1595,1610,1595,1617,1595,1650,1600,1603,1597,1600,1597,1600,1596,1597,1600,1589,1598,1602,1594,1607,1600,1601,1600,1600,1600,1600,1603,1595,1603,1599,1600,1597,1600,1600,1593,1598,1602,1595,1584,1600,1584,1600,1600,1602,1606,1599,1600,1598,1605,1597,1599,1599,1600,1600,1602,1599,1600,1599,1599,1599,1596,1622,1596,1600,1595,1617,1600,1584,1600,1603,1602,1601,1601,1598,1601,1600,1597,1600,1600,1600,1609,1599,1615,1599,1587,1600,1600,1596,1575,1602,1589,1600,1603,1597,1589,1602,1600,1598,1601,1597,1600,1598,1600,1601,1599,1600,1604,1599,1616,1596,1591,1597,1601,1600,1579,1600,1600,1602,1584,1599,1600,1598,1601,1598,1599,1600,1600,1600,1599,1601,1598,1595,1594,1602,1600,1584,1599,1616,1600,1616,1599,1644,1598,1603,1604,1618,1600,1593,1600,1599,1605,1600,1597,1597,1599,1603,1600,1601,1586,1595,1603,1600,1591,1597,1600,1598,1584,1600,1606,1600,1596,1604,1602,1601,1600,1598,1606,1600,1597,1600,1600,1602,1602,1598,1600,1600,1599,1600,1601,1600
1605,1600,1602,1600,1601,1599,1597,1600,1606,1596,1600,1600,1599,1598,1600,1600,1600,1600,1599,1601,1593,1599,1594,1603,1600,1611,1600,1600,1602,1594,1600,1599,1598,1600,1600,1605,1597,1600,1600,1600,1597,1601,1599,1600,1601,1604,1611,1595,1598,1601,1598,1594,1600,1601,1595,1598,1600,1603,1595,1584,1600,1600,1595,1605,1600,1595,1598,1605,1598,1590,1601,1604,1585,1594,1616,1599,1585,1609,1600,1584,1616,1625,1565,1578,1642,1601,1570,1623,1605,1546,1635,1654,1521,1563,1712,1597,1522,1650,1594,1510,1618,1694,1487,1535,1706,1600,1524,1676,1591,1479,1678,1712,1472,1531,1712,1584,1542,1685,1577,1469,1683,1707,1481,1550,1689,1563,1554,1651,1575,1497,1666,1680,1510,1571,1661,1579,1578,1663,1571,1529,1651,1649,1527,1598,1622,1576,1598,1648,1584,1568,1630,1614,1570,1607,1605,1580,1611,1625,1579,1589,1611,1601,1587,1614,1594,1581,1612,1609,1585,1594,1601,1598,1602,1594,1589,1587,1611,1601,1590,1613,1595,1590,1605,1607,1586,1595,1605,1599,1598,1613,1595,1585,1614,1603,1601,1599,1605,1593,1599,1602,1599,1595,1607,1601,1594,1600,1598,1598,1601,1600,1594,1597,1605,1600,1601,1603,1598,1595,1600,1594,1596,1606,1613,1621,1602,1601,1599,1595,1600,1597,1600,1600,1602,1598,1599,1599,1602,1595,1605,1601,1600,1600,1600,1597,1601,1598,1599,1601,1599,1599,1602,1602,1604,1599,1600,1597,1600,1602,1600,1599,1611,1603,1596,1600,1597,1602,1590,1609,1593,1601,1598,1606,1599,1600,1600,1617,1601,1601,1600,1599,1600,1600,1599,1603,1597,1603,1600,1600,1598,1606,1600,1599,1600,1612,1600,1640,1599,1590,1600,1600,1600,1600,1594,1606,1600,1603,1600,1600,1598,1600,1600,1600,1601,1600,1601,1601,1646,1600,1607,1599,1615,1598,1601,1601,1600,1600,1598,1601,1600,1606,1597,1602,1601,1600,1601,1598,1601,1600,1600,1600,1598,1599,1600,1597,1601,1600,1600,1610,1600,1601,1603,1599,1601,1599,1602,1598,1601,1600,1600,1600,1600,1595,1606,1600,1603,1599,1585,1598,1614,1600,1605,1601,1603,1605,1605,1600,1602,1600,1600,1601,1600,1601,1600,1601,1602,1599,1607,1594,1600,1600,1600,1600,1600,1594,1600,1607,1605,1603,1605,1600,1602,1600,1597,1600,1602,1601,1601,1600,1602,1598,1601,1595,1607,1599,1600,1601,1585,1599,1603,1599,1622,1598,1601,1600,1602,1598,1600,1600,1602,1599,1600,1596,1600,1606,1603,1591,1600,1600,1604,1600,1600,1598,1603,1600,1602,1600,1596,1600,1600,1600,1600,1605,1604,1600,1599,1603,1595,1601,1605,1605,1600,1601,1600,1600,1597,1610,1595,1601,1601,1601,1600,1603,1600,1603,1600,1605,1600,1601,1605,1598,1607,1600,1600,1601,1599,1600,1601,1604,1597,1606,1600,1602,1600,1600,1602,1595,1601,1600,1602,1600,1600,1599,1600,1601,1600,1605,1596,1606,1598,1600,1605,1602,1600,1603,1601,1597,1602,1615,1612,1600,1600,1600,1603,1606,1604,1600,1605,1598,1604,1600,1600,1600,1600,1600,1604,1600,1600,1600,1605,1600,1596,1600,1602,1601,1605,1601,1597,1597,1603,1600,1598,1600,1600,1600,1603,1603,1600,1600,1600,1600,1600,1604,1600,1600,1601,1598,1600,1597,1598,1593,1600,1613,1600,1615,1598,1600,1599,1605,1600,1605,1599,1601,1602,1600,1600,1600,1606,1603,1600,1599,1603,1598,1617,1600,1646,1600,1610,1600,1584,1603
1603,1601,1599,1584,1616,1599,1584,1603,1599,1598,1598,1605,1598,1584,1612,1600,1584,1602,1600,1603,1600,1614,1600,1577,1607,1601,1584,1600,1600,1597,1600,1620,1599,1588,1606,1601,1584,1598,1600,1600,1587,1615,1593,1589,1599,1601,1614,1602,1600,1613,1600,1599,1607,1605,1587,1600,1602,1604,1600,1603,1598,1603,1600,1600,1598,1610,1591,1599,1615,1610,1584,1600,1610,1588,1605,1613,1578,1570,1630,1618,1563,1633,1631,1575,1596,1653,1569,1552,1664,1648,1520,1600,1650,1552,1602,1685,1535,1514,1694,1662,1486,1606,1673,1525,1616,1717,1520,1479,1722,1673,1472,1613,1673,1515,1613,1728,1506,1470,1728,1669,1477,1612,1654,1488,1617,1723,1515,1508,1709,1652,1510,1671,1641,1519,1633,1698,1525,1529,1680,1616,1552,1636,1607,1534,1633,1657,1551,1566,1643,1603,1579,1631,1591,1569,1626,1627,1578,1591,1617,1574,1604,1619,1584,1580,1617,1615,1589,1606,1600,1588,1616,1616,1584,1593,1615,1591,1601,1611,1595,1585,1610,1601,1591,1625,1612,1589,1602,1601,1594,1594,1616,1600,1599,1598,1614,1591,1607,1603,1588,1594,1616,1597,1600,1603,1598,1595,1613,1599,1599,1601,1600,1594,1607,1609,1600,1593,1606,1598,1603,1600,1600,1586,1607,1600,1597,1603,1604,1602,1600,1606,1601,1578,1603,1600,1596,1601,1609,1590,1601,1604,1599,1599,1610,1596,1598,1600,1603,1596,1581,1601,1599,1601,1599,1601,1593,1600,1601,1602,1599,1600,1596,1601,1599,1600,1594,1603,1600,1601,1606,1600,1601,1601,1585,1601,1600,1601,1603,1600,1600,1599,1600,1601,1600,1600,1600,1600,1600,1600,1600,1600,1600,1600,1600,1600,1601,1599,1598,1601,1600,1611,1601,1648,1600,1599,1598,1602,1600,1607,1601,1600,1605,1596,1598,1600,1600,1601,1600,1598,1601,1603,1610,1599,1594,1599,1611,1601,1613,1593,1598,1595,1610,1595,1600,1598,1600,1600,1600,1599,1600,1603,1599,1600,1602,1598,1605,1600,1597,1598,1600,1600,1600,1600,1601,1594,1605,1600,1589,1598,1604,1599,1585,1600,1605,1598,1603,1600,1611,1600,1601,1600,1600,1593,1600,1602,1600,1597,1600,1600,1602,1600,1597,1588,1602,1600,1600,1600,1598,1600,1597,1601,1606,1600,1603,1597,1602,1616,1600,1623,1600,1599,1601,1617,1600,1594,1603,1610,1601,1600,1602,1601,1606,1597,1602,1599,1600,1596,1599,1597,1604,1599,1613,1600,1607,1600,1601,1599,1603,1603,1600,1600,1602,1599,1600,1597,1601,1595,1603,1599,1600,1601,1605,1599,1600,1600,1601,1598,1598,1602,1602,1645,1600,1597,1600,1599,1602,1605,1602,1603,1597,1599,1600,1599,1604,1600,1600,1600,1595,1601,1568,1600,1598,1600,1608,1600,1595,1601,1595,1598,1600,1599,1601,1601,1599,1600,1597,1599,1593,1600,1598,1609,1600,1603,1598,1601,1602,1606,1597,1616,1595,1597,1597,1605,1597,1603,1600,1601,1601,1599,1599,1600,1601,1599,1600,1600,1601,1591,1602,1600,1602,1598,1600,1584,1600,1596,1600,1598,1601,1600,1599,1598,1600,1597,1596,1600,1602,1595,1600,1599,1599,1597,1599,1591,1600,1600,1600,1600,1597,1600,1599,1599,1597,1600,1597,1600,1599,1598,1599,1603,1599,1607,1600,1604,1602,1594,1600,1599,1605,1595,1601,1599,1600,1596,1598,1601,1600,1601,1598,1599,1600,1597,1603,1600,1595,1600,1600,1602,1600,1601,1600,1600,1599,1603,1600,1601,1608,1600,1600,1598,1606,1599
1607,1595,1600,1598,1600,1636,1607,1599,1616,1605,1601,1597,1616,1607,1595,1602,1607,1603,1602,1599,1603,1599,1593,1612,1600,1600,1602,1603,1599,1596,1605,1599,1597,1622,1595,1595,1611,1603,1589,1600,1601,1597,1603,1611,1606,1600,1597,1604,1593,1598,1600,1602,1600,1599,1602,1605,1599,1598,1600,1600,1600,1602,1591,1594,1598,1605,1594,1600,1614,1596,1584,1618,1584,1582,1631,1621,1559,1597,1632,1578,1591,1648,1573,1535,1664,1655,1510,1597,1657,1554,1593,1667,1546,1503,1706,1671,1479,1590,1679,1523,1598,1725,1520,1471,1733,1681,1463,1597,1678,1510,1616,1735,1508,1459,1743,1680,1473,1610,1664,1506,1623,1728,1510,1475,1713,1653,1500,1620,1646,1521,1618,1695,1527,1518,1679,1626,1535,1599,1620,1547,1619,1664,1558,1552,1649,1616,1570,1611,1604,1571,1611,1628,1580,1582,1619,1600,1591,1611,1600,1591,1600,1615,1594,1599,1621,1597,1616,1601,1601,1600,1588,1597,1607,1605,1599,1596,1603,1595,1595,1601,1600,1591,1606,1599,1594,1595,1600,1595,1601,1601,1600,1603,1602,1606,1600,1595,1602,1615,1600,1600,1600,1600,1599,1599,1597,1598,1600,1599,1600,1595,1599,1600,1597,1600,1606,1603,1605,1603,1600,1596,1601,1600,1595,1600,1603,1602,1601,1606,1600,1604,1603,1634,1600,1594,1602,1597,1598,1602,1600,1600,1600,1601,1601,1600,1602,1598,1602,1599,1597,1600,1597,1601,1597,1601,1599,1601,1602,1600,1602,1597,1604,1589,1600,1602,1600,1587,1600,1591,1601,1598,1602,1615,1602,1601,1601,1596,1600,1600,1597,1599,1597,1600,1597,1604,1598,1600,1599,1600,1580,1602,1606,1602,1601,1596,1619,1601,1599,1603,1600,1600,1599,1602,1597,1603,1600,1605,1595,1601,1600,1602,1600,1603,1600,1597,1607,1591,1600,1602,1602,1597,1611,1613,1600,1598,1600,1600,1601,1597,1607,1596,1602,1599,1601,1598,1601,1599,1589,1598,1611,1598,1603,1597,1600,1600,1601,1601,1600,1601,1597,1601,1600,1600,1600,1600,1598,1602,1599,1600,1598,1602,1600,1600,1601,1586,1598,1575,1600,1600,1602,1600,1601,1597,1603,1599,1598,1600,1600,1600,1597,1603,1600,1599,1606,1599,1598,1600,1589,1601,1582,1605,1567,1601,1600,1600,1602,1599,1600,1598,1600,1600,1597,1600,1599,1600,1600,1604,1600,1600,1600,1600,1601,1610,1600,1583,1600,1600,1601,1600,1600,1600,1601,1595,1602,1599,1600,1600,1627,1599,1601,1603,1591,1601,1598,1600,1598,1599,1600,1602,1597,1600,1597,1601,1600,1602,1600,1603,1605,1607,1607,1588,1603,1601,1600,1605,1599,1601,1596,1603,1601,1589,1606,1604,1601,1617,1606,1603,1606,1600,1607,1595,1607,1602,1600,1601,1606,1601,1602,1600,1601,1597,1601,1600,1603,1600,1600,1599,1598,1600,1584,1598,1600,1602,1599,1602,1600,1600,1600,1606,1600,1601,1598,1600,1600,1600,1599,1599,1605,1600,1600,1598,1606,1600,1605,1602,1606,1600,1599,1597,1600,1599,1602,1600,1606,1601,1600,1600,1599,1600,1599,1600,1600,1598,1607,1602,1605,1600,1600,1570,1599,1602,1598,1600,1600,1605,1605,1601,1600,1603,1601,1600,1602,1602,1599,1600,1600,1600,1602,1604,1591,1600,1615,1603,1600,1603,1594,1600,1603,1605,1602,1602,1602,1600,1600,1598,1599,1597,1603,1600,1605,1600,1601,1610,1602,1602,1600,1600,1601,1585,1607,1603,1606,1611,1605,1601,1601,1598,1603,1599,1606,1597
1612,1600,1582,1600,1573,1599,1602,1615,1597,1566,1616,1601,1577,1600,1600,1598,1598,1616,1602,1570,1607,1597,1578,1599,1626,1601,1595,1603,1601,1575,1611,1601,1578,1593,1601,1600,1590,1617,1597,1575,1611,1600,1600,1599,1601,1607,1599,1589,1600,1607,1590,1600,1600,1598,1591,1600,1599,1590,1596,1600,1590,1603,1601,1593,1603,1619,1584,1583,1631,1610,1578,1611,1616,1565,1595,1647,1549,1547,1680,1621,1520,1613,1641,1524,1625,1713,1499,1493,1743,1648,1466,1630,1663,1471,1648,1786,1446,1434,1797,1648,1422,1657,1670,1429,1664,1808,1417,1413,1819,1667,1407,1668,1661,1415,1672,1824,1409,1425,1802,1655,1424,1676,1640,1423,1660,1781,1441,1465,1750,1634,1485,1670,1615,1465,1664,1730,1488,1504,1706,1609,1533,1654,1602,1508,1638,1683,1529,1549,1653,1598,1572,1637,1587,1569,1626,1636,1571,1587,1621,1593,1603,1616,1597,1584,1607,1606,1601,1598,1583,1596,1587,1601,1596,1602,1560,1595,1607,1602,1590,1600,1601,1594,1600,1615,1586,1589,1615,1600,1586,1603,1605,1600,1610,1614,1584,1584,1617,1602,1587,1606,1603,1582,1611,1616,1610,1587,1616,1598,1602,1612,1595,1589,1606,1616,1583,1594,1606,1600,1590,1610,1634,1585,1606,1611,1611,1599,1603,1600,1597,1603,1589,1591,1605,1600,1588,1607,1594,1584,1604,1605,1594,1598,1605,1584,1600,1607,1597,1590,1610,1603,1594,1615,1600,1591,1594,1613,1595,1590,1601,1606,1584,1600,1601,1602,1593,1609,1593,1597,1599,1607,1594,1604,1601,1591,1598,1602,1594,1594,1601,1600,1597,1601,1594,1600,1600,1608,1594,1596,1601,1600,1587,1602,1593,1599,1623,1600,1591,1599,1601,1596,1617,1606,1600,1592,1603,1600,1595,1600,1604,1599,1599,1602,1595,1594,1603,1603,1594,1600,1601,1593,1600,1602,1595,1597,1600,1601,1591,1610,1609,1594,1600,1599,1598,1597,1603,1600,1600,1603,1599,1600,1610,1600,1599,1597,1596,1599,1587,1607,1599,1600,1578,1600,1603,1597,1600,1597,1600,1600,1600,1595,1600,1600,1599,1601,1599,1602,1602,1601,1600,1600,1600,1599,1601,1595,1598,1600,1604,1599,1602,1598,1600,1593,1600,1602,1598,1600,1600,1596,1584,1601,1600,1602,1600,1600,1599,1598,1607,1597,1600,1596,1600,1594,1601,1599,1604,1597,1602,1615,1600,1586,1599,1600,1597,1600,1598,1598,1599,1573,1600,1595,1603,1597,1603,1605,1599,1604,1611,1584,1598,1598,1603,1593,1602,1600,1598,1590,1602,1593,1598,1601,1597,1597,1599,1599,1598,1595,1603,1593,1586,1599,1597,1599,1600,1601,1599,1600,1600,1598,1600,1600,1600,1595,1601,1598,1600,1601,1603,1595,1600,1583,1600,1608,1599,1594,1601,1595,1600,1574,1599,1598,1598,1595,1600,1597,1597,1600,1597,1599,1595,1595,1598,1600,1600,1600,1609,1600,1601,1602,1601,1598,1600,1597,1596,1595,1600,1599,1600,1602,1598,1599,1595,1595,1599,1598,1588,1600,1600,1601,1583,1599,1610,1600,1600,1599,1585,1599,1597,1595,1594,1599,1598,1598,1600,1600,1599,1599,1597,1599,1597,1600,1600,1599,1599,1600,1598,1597,1598,1597,1597,1591,1596,1593,1600,1602,1600,1602,1598,1595,1599,1593,1600,1596,1600,1595,1591,1600,1597,1602,1600,1598,1587,1599,1600,1594,1600,1591,1597,1600,1600,1600,1603,1599,1600,1600,1598,1599,1599,1597,1600,1613,1597,1600,1596,1600,1595,1601,1597,1600,1594,1599
1600,1601,1600,1599,1600,1584,1580,1570,1598,1592,1600,1606,1599,1595,1609,1598,1584,1598,1601,1598,1601,1611,1596,1590,1613,1599,1584,1590,1597,1595,1595,1611,1599,1593,1604,1600,1584,1594,1600,1589,1596,1611,1600,1599,1605,1599,1603,1606,1600,1607,1600,1590,1600,1600,1595,1601,1600,1598,1595,1600,1599,1611,1600,1602,1600,1600,1600,1598,1600,1600,1601,1600,1588,1600,1595,1600,1595,1603,1600,1600,1586,1602,1594,1600,1607,1596,1589,1603,1594,1597,1604,1610,1587,1598,1614,1600,1588,1605,1603,1583,1612,1616,1583,1582,1622,1606,1584,1606,1600,1571,1610,1627,1572,1601,1630,1595,1584,1616,1600,1573,1617,1621,1576,1578,1624,1599,1571,1615,1595,1569,1597,1630,1571,1584,1631,1607,1581,1611,1606,1570,1612,1627,1573,1574,1626,1609,1574,1609,1602,1573,1600,1630,1577,1579,1626,1600,1574,1584,1616,1590,1606,1623,1584,1610,1619,1610,1577,1605,1606,1584,1610,1619,1585,1583,1606,1601,1589,1602,1600,1584,1600,1615,1589,1594,1616,1605,1584,1602,1602,1588,1602,1610,1596,1587,1606,1599,1600,1605,1604,1596,1603,1610,1597,1595,1600,1600,1595,1600,1598,1595,1600,1600,1597,1601,1598,1595,1596,1598,1596,1597,1600,1599,1600,1598,1600,1594,1599,1597,1597,1597,1602,1600,1603,1600,1598,1601,1599,1600,1599,1598,1600,1600,1600,1606,1600,1603,1602,1602,1596,1578,1600,1591,1602,1601,1597,1601,1600,1600,1601,1600,1647,1598,1600,1598,1600,1600,1599,1601,1601,1599,1603,1600,1600,1600,1599,1597,1600,1600,1600,1605,1597,1586,1598,1593,1598,1600,1595,1585,1599,1600,1600,1600,1599,1600,1594,1599,1595,1598,1600,1600,1600,1602,1611,1597,1623,1594,1598,1597,1600,1600,1600,1600,1599,1596,1600,1600,1598,1598,1600,1600,1598,1598,1597,1601,1600,1604,1600,1600,1600,1591,1598,1614,1600,1598,1600,1603,1598,1595,1600,1600,1600,1600,1601,1597,1593,1598,1598,1598,1599,1598,1588,1600,1600,1600,1585,1597,1602,1598,1611,1599,1597,1597,1602,1598,1598,1598,1602,1599,1600,1599,1598,1598,1595,1598,1595,1611,1600,1600,1593,1600,1597,1591,1593,1595,1599,1607,1594,1600,1598,1599,1597,1600,1597,1591,1596,1597,1595,1595,1597,1595,1607,1599,1589,1595,1595,1599,1594,1599,1601,1600,1584,1597,1601,1599,1598,1593,1596,1595,1598,1597,1598,1600,1598,1600,1600,1603,1597,1597,1600,1597,1599,1595,1598,1596,1600,1599,1600,1595,1596,1601,1584,1599,1585,1600,1596,1602,1600,1602,1599,1600,1595,1600,1597,1599,1596,1598,1597,1597,1597,1598,1598,1599,1596,1591,1600,1600,1598,1595,1601,1592,1598,1598,1597,1596,1600,1600,1600,1600,1600,1602,1600,1591,1596,1591,1600,1596,1598,1599,1599,1600,1599,1600,1598,1600,1600,1600,1597,1600,1588,1599,1606,1594,1595,1599,1618,1597,1595,1602,1600,1593,1600,1594,1595,1597,1602,1600,1599,1598,1599,1596,1594,1593,1591,1596,1594,1599,1588,1595,1586,1600,1584,1599,1582,1599,1600,1598,1596,1600,1593,1600,1595,1599,1591,1600,1595,1602,1598,1596,1590,1603,1600,1573,1598,1590,1600,1600,1600,1587,1594,1597,1598,1602,1591,1595,1593,1597,1600,1600,1597,1595,1595,1600,1597,1597,1604,1597,1595,1595,1605,1593,1595,1591,1600,1600,1590,1600,1593,1598,1595,1599,1591,1600,1594,1600,1587,1600,1600,1597,1594,1600
