1599,1570,1600,1600,1456,1599,1591,1598,1602,1603,1599,1469,1600,1595,1467,1600,1598,1599,1614,1601,1601,1468,1602,1597,1472,1597,1594,1600,1598,1605,1597,1471,1606,1600,1472,1584,1599,1586,1595,1615,1598,1456,1611,1600,1601,1616,1600,1607,1590,1591,1611,1598,1593,1599,1602,1597,1593,1600,1581,1594,1595,1600,1581,1599,1594,1594,1566,1616,1587,1551,1621,1670,1506,1509,1744,1648,1423,1627,1701,1439,1646,1856,1346,1303,2001,1766,1167,1660,1841,1235,1696,2161,1106,1011,2342,1911,860,1734,1999,955,1792,2520,831,708,2660,2047,599,1792,2098,783,1792,2726,767,585,2701,2097,602,1776,2071,831,1712,2612,971,702,2420,2083,835,1608,2063,1191,1468,2186,1441,1007,1926,2070,1167,1280,2074,1733,1105,1648,2013,1343,1362,2074,1499,947,2066,2242,819,1156,2416,1615,994,2073,1691,735,2056,2531,707,898,2576,1767,854,2002,1807,751,1940,2548,817,878,2480,1840,906,1882,1855,913,1800,2381,1040,966,2256,1840,1056,1712,1841,1167,1670,2106,1269,1130,2006,1807,1234,1641,1794,1371,1588,1901,1451,1319,1811,1759,1392,1579,1731,1499,1584,1744,1551,1456,1690,1680,1522,1582,1646,1561,1606,1647,1578,1562,1617,1612,1583,1611,1587,1583,1616,1602,1584,1611,1587,1581,1621,1637,1565,1589,1618,1588,1596,1631,1583,1567,1623,1627,1575,1604,1601,1583,1610,1613,1578,1597,1613,1584,1600,1627,1569,1574,1646,1616,1558,1616,1613,1546,1630,1667,1520,1582,1680,1606,1535,1647,1601,1507,1654,1684,1503,1535,1690,1598,1535,1652,1600,1505,1651,1682,1514,1535,1677,1601,1530,1638,1616,1525,1616,1658,1545,1547,1668,1639,1518,1552,1654,1572,1564,1669,1578,1503,1668,1680,1488,1551,1706,1563,1534,1671,1589,1477,1684,1715,1463,1520,1722,1591,1510,1681,1591,1458,1683,1728,1456,1510,1714,1594,1521,1677,1600,1457,1671,1725,1456,1514,1722,1600,1520,1661,1602,1486,1649,1703,1493,1520,1693,1610,1519,1639,1618,1502,1619,1680,1530,1511,1669,1599,1527,1610,1629,1535,1602,1675,1557,1534,1651,1632,1545,1599,1631,1567,1586,1643,1573,1552,1630,1630,1555,1589,1627,1579,1599,1625,1587,1557,1622,1616,1573,1586,1616,1584,1594,1616,1591,1583,1614,1603,1589,1593,1602,1594,1599,1600,1599,1580,1600,1593,1603,1595,1594,1600,1595,1592,1611,1601,1589,1596,1606,1589,1592,1609,1584,1579,1621,1606,1578,1600,1614,1578,1590,1619,1557,1578,1615,1599,1593,1609,1595,1570,1617,1627,1565,1579,1622,1586,1585,1626,1584,1565,1623,1620,1563,1588,1616,1588,1595,1633,1579,1569,1621,1610,1569,1611,1607,1584,1591,1616,1585,1579,1614,1611,1582,1591,1613,1591,1584,1609,1594,1584,1610,1614,1584,1584,1617,1600,1584,1608,1602,1579,1610,1629,1577,1582,1624,1607,1581,1615,1598,1617,1613,1626,1597,1568,1586,1616,1590,1581,1616,1591,1625,1614,1594,1578,1614,1614,1583,1595,1607,1597,1595,1610,1590,1585,1604,1602,1593,1615,1599,1587,1600,1584,1595,1600,1599,1600,1593,1615,1599,1600,1589,1595,1594,1601,1586,1595,1600,1591,1600,1602,1589,1585,1619,1600,1600,1597,1606,1588,1602,1611,1601,1586,1611,1603,1587,1600,1599,1584,1604,1611,1584,1588,1613,1595,1594,1605,1591,1589,1608,1616,1590,1610,1602,1593,1600,1611,1594,1584,1609,1599,1594,1601
1597,1599,1595,1596,1600,1599,1598,1589,1586,1610,1603,1600,1607,1597,1599,1600,1599,1594,1598,1601,1590,1601,1603,1600,1599,1594,1600,1594,1599,1600,1587,1600,1601,1617,1600,1596,1599,1598,1598,1615,1594,1594,1601,1600,1595,1599,1600,1610,1589,1591,1610,1597,1590,1597,1596,1591,1616,1601,1593,1595,1621,1600,1584,1595,1603,1589,1578,1629,1601,1552,1625,1663,1503,1518,1737,1636,1446,1637,1675,1443,1664,1838,1347,1357,1968,1721,1230,1704,1776,1245,1741,2141,1107,1104,2274,1823,972,1792,1872,971,1840,2436,859,835,2572,1935,748,1856,1969,803,1856,2624,815,714,2608,1983,732,1814,2003,871,1730,2517,1017,785,2368,2039,874,1584,2079,1245,1411,2152,1477,977,1934,2134,1077,1216,2202,1759,991,1704,2035,1183,1472,2256,1296,810,2313,2254,669,1298,2416,1357,1174,2336,1411,579,2326,2517,567,1090,2557,1471,1052,2288,1525,591,2216,2527,669,1056,2467,1574,1071,2128,1631,775,2016,2368,912,1100,2258,1675,1150,1914,1699,1013,1808,2137,1183,1214,2034,1687,1264,1724,1730,1301,1648,1936,1397,1313,1849,1746,1361,1600,1739,1471,1569,1778,1519,1408,1714,1726,1434,1547,1725,1570,1507,1680,1598,1477,1650,1703,1501,1522,1696,1614,1516,1633,1629,1517,1616,1693,1520,1519,1695,1645,1499,1616,1650,1529,1602,1696,1530,1488,1709,1661,1475,1600,1664,1520,1604,1716,1665,1473,1614,1728,1489,1471,1733,1664,1468,1628,1645,1488,1651,1744,1463,1473,1744,1632,1485,1666,1616,1456,1675,1744,1455,1495,1744,1600,1525,1678,1584,1454,1674,1728,1467,1500,1728,1597,1515,1676,1600,1473,1664,1713,1477,1520,1717,1612,1503,1649,1626,1490,1636,1714,1499,1506,1717,1646,1486,1679,1659,1500,1615,1727,1507,1471,1728,1667,1465,1604,1680,1509,1603,1731,1518,1467,1713,1678,1470,1600,1673,1523,1588,1712,1532,1481,1696,1675,1490,1584,1666,1545,1571,1679,1567,1520,1658,1667,1520,1569,1663,1591,1549,1639,1604,1521,1618,1671,1552,1530,1664,1617,1525,1584,1635,1556,1590,1664,1558,1520,1667,1655,1520,1584,1659,1567,1581,1666,1562,1510,1669,1663,1513,1579,1659,1567,1565,1667,1589,1505,1669,1667,1514,1574,1654,1569,1583,1667,1569,1518,1661,1651,1523,1583,1650,1580,1578,1662,1578,1507,1648,1649,1543,1585,1638,1583,1582,1633,1589,1551,1618,1643,1558,1577,1637,1590,1581,1617,1616,1562,1616,1633,1575,1571,1637,1606,1572,1614,1616,1569,1615,1637,1565,1564,1639,1606,1571,1616,1600,1557,1616,1641,1562,1575,1632,1598,1575,1632,1585,1585,1623,1633,1567,1574,1620,1594,1593,1618,1584,1570,1616,1616,1579,1600,1603,1586,1613,1613,1591,1584,1617,1601,1585,1600,1573,1590,1600,1600,1599,1597,1596,1601,1593,1595,1606,1606,1590,1597,1603,1593,1593,1611,1590,1573,1612,1610,1593,1582,1616,1606,1581,1595,1607,1586,1600,1618,1586,1581,1616,1606,1583,1575,1606,1584,1600,1619,1587,1586,1615,1601,1585,1600,1600,1590,1600,1606,1593,1587,1605,1601,1591,1598,1586,1597,1590,1601,1599,1594,1602,1602,1602,1585,1616,1600,1600,1600,1664,1593,1609,1611,1587,1587,1606,1611,1585,1599,1607,1590,1599,1603,1591,1579,1615,1604,1582,1600,1607,1583,1600,1611,1584,1576,1616,1607,1588,1619,1600,1585,1600,1614,1591,1585,1607,1600,1589,1607
1600,1600,1588,1593,1602,1594,1599,1605,1600,1595,1600,1603,1596,1599,1561,1599,1597,1597,1597,1591,1599,1603,1596,1602,1603,1599,1599,1596,1600,1600,1597,1602,1591,1600,1602,1599,1595,1596,1599,1589,1597,1600,1589,1635,1606,1599,1600,1600,1601,1606,1584,1594,1607,1599,1591,1599,1601,1588,1598,1607,1588,1581,1619,1618,1553,1573,1661,1603,1518,1627,1637,1503,1639,1735,1447,1440,1840,1679,1339,1664,1726,1328,1700,1984,1229,1217,2136,1778,1088,1744,1834,1099,1796,2300,949,952,2448,1874,816,1856,1923,816,1892,2624,727,697,2722,1983,631,1888,2015,703,1856,2736,711,626,2679,2037,670,1800,2075,862,1682,2552,1047,739,2355,2102,851,1523,2129,1287,1344,2128,1563,975,1884,2176,1103,1134,2226,1855,917,1625,2133,1239,1377,2260,1359,751,2284,2353,630,1186,2512,1453,1051,2290,1529,561,2264,2610,559,965,2643,1599,928,2208,1662,595,2128,2601,683,933,2521,1695,960,2048,1735,794,1938,2420,927,1008,2304,1766,1072,1848,1776,1063,1762,2191,1191,1145,2078,1787,1207,1680,1789,1291,1624,1969,1387,1269,1883,1776,1327,1587,1760,1454,1569,1808,1505,1383,1753,1731,1409,1552,1693,1535,1543,1708,1578,1471,1675,1694,1494,1552,1680,1593,1547,1649,1603,1523,1625,1677,1534,1546,1664,1616,1535,1616,1619,1507,1606,1657,1550,1535,1667,1602,1532,1606,1630,1551,1530,1659,1618,1547,1616,1667,1534,1535,1673,1614,1535,1628,1604,1529,1643,1679,1511,1547,1677,1593,1552,1649,1582,1505,1667,1669,1506,1556,1661,1571,1589,1657,1575,1504,1662,1664,1519,1569,1658,1573,1571,1648,1584,1520,1637,1657,1532,1563,1655,1604,1552,1618,1615,1547,1605,1661,1550,1534,1664,1635,1520,1593,1647,1525,1585,1667,1556,1513,1666,1679,1501,1578,1663,1566,1567,1666,1568,1503,1659,1669,1511,1562,1648,1579,1569,1650,1599,1516,1647,1661,1535,1561,1666,1600,1552,1627,1610,1550,1611,1658,1554,1551,1649,1625,1535,1600,1630,1569,1586,1646,1573,1521,1650,1643,1521,1584,1658,1577,1573,1648,1584,1517,1654,1659,1513,1566,1663,1583,1565,1654,1579,1514,1661,1664,1514,1568,1657,1581,1573,1659,1579,1516,1657,1659,1523,1568,1655,1570,1572,1649,1579,1525,1642,1646,1531,1584,1643,1583,1582,1631,1585,1535,1630,1627,1553,1584,1629,1587,1578,1587,1592,1563,1616,1629,1569,1581,1627,1598,1581,1607,1600,1567,1601,1623,1573,1574,1617,1606,1565,1609,1600,1570,1625,1626,1571,1574,1627,1602,1579,1607,1602,1552,1612,1619,1568,1582,1619,1595,1584,1602,1585,1578,1616,1601,1573,1587,1606,1589,1595,1616,1584,1583,1611,1603,1600,1600,1599,1585,1585,1607,1615,1594,1597,1595,1593,1600,1587,1593,1598,1595,1601,1600,1593,1594,1600,1601,1598,1596,1591,1600,1610,1601,1595,1597,1601,1584,1584,1601,1634,1587,1616,1605,1584,1591,1604,1599,1594,1608,1591,1587,1601,1599,1585,1591,1601,1594,1598,1601,1595,1589,1601,1600,1594,1598,1599,1599,1591,1599,1597,1606,1591,1567,1595,1594,1600,1599,1589,1597,1603,1598,1591,1601,1591,1589,1600,1604,1587,1592,1614,1597,1586,1607,1590,1584,1610,1606,1582,1595,1608,1584,1597,1608,1585,1580,1613,1606,1583,1600,1603,1584,1600,1613,1583,1584,1616,1610,1586,1600,1599,1595,1606,1597,1584,1587,1612,1598
1597,1584,1807,1595,1594,1584,1605,1600,1598,1814,1607,1590,1825,1600,1594,1602,1600,1607,1599,1814,1600,1592,1810,1595,1609,1602,1598,1607,1574,1803,1603,1599,1813,1595,1600,1595,1595,1606,1597,1793,1604,1600,1600,1594,1600,1608,1585,1587,1606,1603,1588,1605,1598,1594,1595,1591,1595,1584,1606,1617,1584,1595,1623,1587,1568,1614,1614,1552,1618,1666,1510,1509,1735,1655,1474,1621,1695,1456,1601,1844,1377,1322,1968,1771,1191,1648,1839,1266,1669,2128,1155,1045,2288,1907,900,1700,1982,1017,1737,2460,913,757,2592,2065,651,1720,2101,863,1732,2624,863,626,2624,2111,653,1712,2114,925,1637,2528,1072,727,2358,2112,848,1526,2096,1270,1400,2140,1503,999,1886,2112,1143,1225,2128,1779,1047,1641,2039,1301,1384,2128,1443,898,2130,2256,784,1178,2419,1551,1053,2132,1631,723,2112,2573,691,945,2544,1699,921,2064,1743,739,1996,2512,815,929,2449,1776,955,1916,1810,912,1831,2351,1039,1011,2238,1818,1085,1750,1819,1163,1680,2112,1275,1143,2011,1813,1225,1617,1805,1375,1584,1910,1438,1290,1837,1785,1345,1554,1763,1488,1552,1775,1530,1426,1729,1743,1433,1543,1715,1552,1550,1705,1569,1466,1673,1696,1490,1552,1683,1579,1587,1667,1617,1502,1648,1669,1516,1567,1659,1587,1565,1646,1594,1531,1635,1653,1545,1568,1653,1595,1559,1625,1603,1554,1627,1664,1535,1555,1633,1611,1535,1552,1667,1603,1552,1633,1600,1520,1647,1676,1515,1551,1674,1595,1553,1655,1584,1503,1660,1680,1506,1552,1667,1567,1569,1649,1578,1493,1659,1662,1520,1574,1653,1579,1574,1646,1589,1526,1636,1646,1535,1566,1647,1601,1568,1616,1621,1557,1610,1650,1567,1534,1658,1645,1522,1581,1665,1578,1568,1664,1578,1505,1666,1678,1490,1552,1685,1601,1550,1689,1583,1485,1673,1703,1488,1547,1694,1585,1547,1667,1599,1488,1659,1695,1501,1535,1687,1601,1535,1642,1594,1514,1600,1681,1520,1527,1686,1618,1531,1616,1642,1543,1606,1669,1549,1527,1672,1646,1520,1598,1650,1558,1590,1667,1563,1519,1664,1655,1519,1583,1655,1567,1581,1664,1567,1518,1665,1652,1515,1577,1654,1573,1586,1663,1573,1519,1665,1652,1523,1584,1649,1571,1587,1651,1577,1530,1649,1643,1550,1587,1637,1582,1586,1648,1581,1552,1632,1628,1558,1587,1619,1584,1587,1623,1589,1571,1616,1621,1579,1557,1618,1598,1584,1591,1604,1583,1600,1630,1586,1554,1620,1611,1575,1598,1616,1582,1600,1622,1584,1569,1622,1614,1580,1601,1612,1583,1616,1623,1584,1578,1618,1603,1582,1609,1600,1578,1609,1616,1581,1587,1614,1595,1593,1609,1590,1586,1610,1614,1594,1600,1600,1582,1605,1606,1599,1597,1599,1594,1600,1600,1600,1600,1595,1595,1603,1603,1589,1595,1605,1594,1600,1606,1598,1585,1617,1605,1594,1600,1602,1585,1611,1614,1586,1588,1610,1616,1585,1585,1612,1591,1586,1612,1600,1583,1613,1606,1581,1588,1621,1593,1586,1615,1592,1584,1597,1609,1569,1597,1607,1600,1599,1605,1595,1585,1606,1600,1590,1595,1603,1600,1595,1600,1600,1596,1600,1600,1591,1587,1602,1606,1588,1603,1600,1599,1601,1605,1597,1586,1607,1600,1593,1594,1607,1594,1597,1604,1593,1584,1613,1609,1584,1594,1605,1584,1599,1604,1585,1584,1607,1600,1584,1601,1602,1555,1605,1623,1591,1586,1607,1601,1591,1600,1597,1586
1596,1600,1575,1593,1596,1589,1611,1618,1590,1577,1616,1594,1579,1594,1589,1600,1590,1616,1599,1582,1613,1600,1582,1591,1588,1598,1597,1613,1602,1596,1613,1606,1581,1593,1591,1590,1593,1611,1598,1584,1613,1600,1601,1584,1600,1610,1593,1582,1611,1600,1581,1597,1604,1597,1594,1604,1599,1590,1606,1601,1584,1585,1623,1605,1554,1602,1635,1616,1584,1722,1551,1551,1722,1701,1407,1551,1786,1523,1509,1808,1479,1283,1910,1889,1142,1469,2007,1433,1424,2051,1375,974,2180,2132,805,1388,2256,1305,1346,2330,1271,645,2412,2383,557,1297,2445,1255,1280,2456,1255,541,2432,2436,576,1260,2402,1310,1236,2324,1425,689,2146,2332,880,1196,2240,1591,1153,1912,1776,1099,1648,2154,1327,1089,2042,1998,1011,1365,2209,1571,1113,1930,1779,963,1844,2368,919,910,2504,1923,762,1778,2032,907,1728,2544,935,693,2540,2102,688,1664,2127,995,1600,2480,1073,731,2386,2123,801,1552,2111,1175,1506,2272,1279,891,2144,2075,1002,1475,2007,1381,1451,2021,1459,1117,1913,1957,1214,1436,1902,1535,1436,1813,1595,1306,1744,1854,1370,1440,1799,1623,1451,1680,1642,1429,1639,1765,1477,1467,1713,1658,1479,1613,1659,1511,1595,1697,1535,1489,1680,1657,1508,1583,1655,1573,1574,1628,1581,1520,1645,1657,1523,1562,1655,1589,1567,1637,1590,1531,1633,1655,1533,1562,1651,1591,1533,1636,1568,1529,1570,1655,1582,1520,1658,1658,1520,1578,1650,1563,1583,1665,1551,1515,1668,1648,1511,1600,1641,1535,1612,1681,1526,1509,1685,1632,1520,1616,1622,1520,1621,1667,1526,1516,1680,1626,1530,1616,1626,1530,1611,1667,1547,1552,1665,1637,1523,1609,1645,1563,1584,1728,1577,1520,1651,1658,1520,1568,1663,1587,1552,1648,1597,1518,1644,1674,1516,1542,1680,1602,1535,1634,1615,1520,1624,1675,1527,1535,1665,1616,1535,1616,1620,1547,1611,1658,1555,1534,1650,1625,1547,1596,1632,1573,1584,1651,1584,1553,1632,1648,1549,1591,1648,1600,1557,1622,1611,1547,1619,1650,1547,1551,1664,1614,1549,1612,1621,1535,1616,1664,1557,1533,1726,1619,1530,1616,1625,1535,1616,1666,1535,1527,1667,1616,1534,1611,1621,1535,1613,1665,1543,1535,1661,1616,1546,1613,1617,1555,1610,1646,1552,1553,1647,1616,1555,1609,1615,1561,1603,1635,1574,1562,1623,1614,1579,1598,1615,1581,1599,1621,1602,1569,1616,1616,1535,1588,1623,1589,1586,1605,1597,1569,1614,1619,1570,1579,1618,1596,1582,1616,1594,1572,1616,1623,1563,1586,1619,1581,1585,1623,1590,1565,1618,1619,1572,1590,1616,1584,1595,1616,1584,1575,1617,1610,1583,1594,1604,1586,1599,1609,1591,1584,1603,1600,1588,1597,1601,1595,1594,1600,1600,1589,1597,1603,1595,1595,1601,1600,1589,1599,1600,1589,1600,1611,1594,1584,1613,1600,1584,1584,1605,1572,1600,1614,1585,1569,1599,1615,1584,1584,1611,1600,1590,1602,1597,1586,1602,1607,1584,1595,1608,1600,1595,1589,1597,1595,1601,1607,1593,1603,1599,1600,1598,1600,1600,1600,1598,1597,1603,1595,1595,1600,1605,1590,1600,1602,1588,1590,1607,1597,1600,1604,1611,1586,1606,1607,1584,1600,1602,1591,1597,1609,1590,1587,1607,1605,1585,1601,1602,1600,1602,1611,1588,1587,1615,1604,1589,1615,1598,1595,1606,1611,1586,1595,1605,1595,1593,1603,1593,1588,1604,1599,1591,1597,1600,1587
1595,1597,1602,1597,1584,1597,1584,1595,1595,1595,1595,1607,1600,1583,1614,1585,1587,1600,1597,1596,1602,1601,1600,1584,1604,1598,1590,1595,1598,1600,1595,1601,1602,1561,1603,1594,1589,1595,1598,1596,1600,1600,1601,1585,1600,1596,1611,1591,1595,1606,1590,1587,1609,1600,1588,1597,1600,1595,1574,1598,1563,1595,1599,1604,1583,1585,1620,1611,1552,1592,1654,1583,1552,1648,1589,1488,1693,1728,1407,1488,1825,1600,1413,1744,1605,1294,1816,1954,1151,1330,2101,1603,1248,1912,1600,995,2016,2251,834,1148,2404,1591,1050,2128,1617,681,2192,2540,599,970,2572,1615,942,2196,1627,595,2168,2605,647,953,2530,1663,962,2068,1734,791,1904,2425,1002,1002,2240,1831,1045,1685,1955,1235,1444,2080,1519,1059,1892,2106,1091,1175,2235,1795,947,1712,2009,1118,1586,2345,1131,777,2440,2173,673,1481,2279,1141,1429,2448,1181,623,2432,2303,649,1392,2286,1223,1382,2361,1279,725,2262,2229,833,1376,2156,1351,1392,2128,1423,985,2004,2064,1121,1406,1954,1489,1424,1878,1559,1250,1766,1872,1361,1442,1794,1617,1462,1676,1650,1460,1611,1731,1549,1475,1682,1671,1489,1569,1683,1578,1530,1650,1615,1506,1626,1680,1521,1523,1680,1625,1520,1610,1629,1527,1601,1680,1551,1520,1662,1647,1526,1597,1635,1549,1588,1660,1565,1527,1649,1639,1534,1593,1635,1565,1595,1652,1554,1526,1653,1630,1549,1604,1665,1634,1535,1607,1607,1546,1631,1673,1517,1535,1674,1600,1549,1649,1584,1501,1664,1678,1494,1557,1675,1569,1568,1679,1552,1489,1685,1670,1487,1584,1663,1547,1589,1698,1535,1502,1689,1680,1491,1632,1663,1535,1585,1690,1551,1488,1685,1664,1487,1573,1680,1535,1558,1680,1569,1484,1669,1695,1476,1546,1706,1582,1527,1678,1591,1472,1680,1713,1467,1517,1722,1600,1511,1667,1593,1471,1649,1715,1473,1508,1716,1603,1515,1655,1607,1479,1653,1709,1495,1520,1694,1594,1523,1647,1611,1515,1629,1680,1527,1533,1663,1614,1549,1613,1625,1557,1600,1648,1574,1550,1637,1626,1550,1584,1649,1585,1532,1619,1591,1552,1615,1646,1524,1557,1648,1606,1562,1614,1616,1555,1610,1649,1551,1546,1652,1618,1546,1607,1618,1552,1610,1655,1554,1531,1651,1603,1550,1607,1616,1551,1600,1647,1563,1565,1647,1627,1555,1605,1611,1568,1593,1642,1568,1562,1621,1615,1567,1597,1617,1583,1600,1622,1567,1566,1584,1618,1573,1584,1625,1595,1580,1615,1596,1562,1618,1629,1562,1578,1631,1595,1571,1613,1600,1546,1623,1637,1555,1567,1631,1564,1583,1623,1586,1566,1630,1631,1561,1585,1619,1581,1593,1623,1581,1565,1626,1615,1568,1598,1604,1583,1600,1617,1584,1584,1614,1599,1589,1598,1597,1587,1599,1607,1596,1606,1596,1578,1597,1598,1601,1610,1592,1591,1611,1599,1589,1600,1597,1582,1604,1600,1579,1593,1616,1589,1571,1591,1609,1594,1589,1619,1587,1579,1614,1611,1579,1590,1611,1569,1599,1600,1587,1584,1607,1614,1584,1600,1601,1587,1596,1607,1587,1585,1601,1603,1584,1598,1602,1593,1613,1598,1621,1586,1561,1603,1587,1585,1599,1598,1593,1600,1628,1590,1595,1607,1585,1584,1610,1603,1584,1600,1603,1586,1597,1603,1587,1597,1613,1659,1581,1589,1600,1588,1601,1637,1584,1578,1616,1591,1584,1601,1601,1579,1607,1614,1582,1586,1610,1600,1606,1607,1583,1584,1603,1603
1566,1597,1596,1600,1607,1600,1581,1598,1613,1600,1598,1607,1602,1585,1609,1603,1585,1598,1607,1600,1600,1590,1601,1581,1600,1607,1586,1600,1604,1597,1594,1600,1600,1586,1600,1616,1582,1610,1607,1582,1598,1609,1599,1585,1600,1616,1613,1595,1595,1602,1600,1586,1605,1600,1589,1587,1607,1595,1600,1595,1613,1588,1609,1601,1579,1584,1625,1616,1547,1585,1648,1584,1535,1648,1602,1490,1678,1727,1409,1482,1830,1620,1392,1733,1630,1303,1799,1968,1153,1267,2111,1631,1200,1877,1653,1015,1969,2271,854,1104,2430,1655,992,2066,1679,707,2116,2559,631,904,2650,1703,880,2130,1687,624,2104,2622,683,880,2551,1746,909,2004,1805,819,1844,2425,1023,958,2244,1883,1015,1646,1978,1279,1424,2056,1551,1046,1856,2082,1135,1184,2190,1823,967,1657,2035,1203,1488,2264,1259,817,2304,2207,719,1368,2320,1311,1262,2304,1351,689,2246,2371,717,1216,2365,1450,1191,2185,1519,783,2096,2322,875,1171,2261,1587,1172,1984,1647,995,1876,2184,1106,1197,2089,1693,1237,1792,1710,1217,1714,2009,1302,1290,1924,1721,1350,1664,1728,1381,1637,1850,1435,1392,1784,1680,1451,1633,1652,1474,1635,1729,1503,1505,1678,1605,1555,1614,1578,1501,1655,1645,1547,1602,1607,1535,1633,1655,1520,1546,1667,1587,1575,1652,1567,1500,1676,1693,1504,1585,1655,1553,1595,1677,1553,1510,1669,1648,1522,1595,1657,1553,1549,1598,1626,1569,1594,1626,1584,1552,1613,1606,1575,1585,1613,1601,1579,1600,1616,1588,1579,1616,1603,1563,1620,1633,1552,1568,1642,1597,1570,1618,1601,1552,1664,1648,1551,1558,1648,1606,1553,1616,1616,1559,1601,1648,1564,1552,1642,1629,1549,1591,1641,1581,1569,1638,1587,1551,1632,1664,1529,1562,1665,1601,1546,1629,1611,1523,1631,1679,1518,1527,1680,1613,1529,1631,1615,1519,1619,1680,1520,1530,1686,1616,1507,1621,1619,1525,1589,1669,1545,1546,1655,1601,1551,1615,1618,1557,1599,1648,1568,1554,1632,1616,1555,1603,1629,1551,1582,1632,1594,1534,1617,1642,1559,1557,1633,1601,1567,1610,1609,1562,1611,1638,1559,1561,1639,1610,1577,1611,1613,1555,1619,1648,1552,1558,1645,1610,1558,1616,1609,1553,1613,1643,1557,1562,1642,1595,1563,1615,1610,1559,1614,1626,1564,1570,1631,1607,1571,1610,1607,1567,1607,1619,1580,1574,1621,1605,1581,1600,1605,1584,1600,1611,1589,1584,1604,1609,1580,1593,1614,1599,1584,1606,1584,1584,1602,1616,1591,1588,1622,1602,1579,1603,1602,1575,1607,1626,1573,1581,1619,1600,1584,1609,1597,1573,1613,1621,1571,1586,1613,1599,1594,1616,1592,1573,1616,1604,1584,1593,1600,1588,1600,1606,1594,1587,1600,1600,1591,1597,1599,1590,1584,1595,1602,1600,1601,1596,1580,1594,1600,1600,1589,1588,1607,1601,1585,1601,1595,1584,1607,1611,1584,1585,1613,1598,1562,1590,1616,1595,1606,1611,1585,1579,1610,1614,1582,1599,1607,1585,1597,1612,1586,1584,1610,1603,1584,1598,1601,1600,1597,1611,1589,1593,1603,1605,1593,1585,1601,1586,1593,1606,1591,1586,1600,1606,1584,1598,1606,1597,1590,1602,1602,1587,1600,1603,1600,1588,1587,1602,1585,1601,1615,1586,1601,1606,1588,1585,1612,1600,1589,1600,1599,1586,1600,1619,1584,1591,1611,1595,1587,1601,1596,1585,1602,1611,1585,1594,1601,1590,1597,1605,1589,1587,1614,1602
1597,1599,1591,1600,1589,1600,1603,1575,1615,1595,1572,1600,1597,1600,1598,1615,1599,1581,1609,1591,1583,1575,1597,1600,1598,1599,1597,1584,1609,1594,1583,1568,1594,1599,1597,1609,1599,1583,1608,1597,1578,1596,1599,1600,1589,1609,1607,1602,1600,1600,1601,1589,1584,1600,1590,1590,1606,1599,1587,1596,1600,1598,1586,1605,1606,1584,1601,1628,1567,1553,1658,1634,1486,1583,1706,1565,1534,1681,1535,1387,1801,1771,1279,1491,1905,1507,1435,1904,1471,1134,2025,2032,967,1385,2169,1422,1336,2160,1374,799,2352,2301,641,1280,2429,1327,1220,2390,1319,551,2417,2486,538,1201,2487,1329,1192,2394,1383,567,2294,2432,689,1160,2368,1489,1147,2120,1635,891,1888,2283,1099,1126,2153,1806,1075,1640,2003,1331,1359,2040,1579,1023,1920,2192,995,1117,2336,1775,932,1824,1919,961,1748,2433,963,807,2480,2032,752,1696,2086,1003,1626,2452,1071,750,2394,2095,807,1585,2086,1146,1533,2306,1239,880,2192,2061,973,1486,2021,1339,1460,2074,1421,1075,1958,1975,1167,1440,1935,1495,1422,1868,1581,1248,1795,1890,1317,1425,1845,1590,1456,1745,1607,1369,1718,1814,1407,1461,1776,1607,1489,1696,1595,1433,1687,1731,1456,1535,1711,1594,1551,1689,1564,1477,1684,1690,1498,1584,1662,1552,1590,1673,1552,1511,1664,1639,1529,1597,1631,1555,1589,1652,1568,1552,1680,1627,1552,1592,1626,1581,1553,1623,1644,1597,1566,1622,1610,1549,1621,1658,1530,1549,1669,1616,1499,1625,1622,1519,1644,1686,1510,1520,1706,1619,1520,1639,1616,1499,1645,1707,1490,1511,1703,1613,1509,1646,1615,1494,1635,1695,1501,1488,1693,1625,1507,1601,1628,1520,1613,1687,1527,1507,1682,1647,1498,1597,1655,1535,1584,1680,1552,1492,1680,1671,1488,1575,1681,1565,1565,1686,1567,1483,1686,1682,1506,1561,1680,1570,1558,1675,1569,1493,1667,1677,1505,1568,1667,1575,1566,1654,1582,1519,1641,1655,1529,1565,1649,1594,1562,1626,1607,1551,1613,1647,1579,1552,1643,1626,1531,1594,1641,1572,1582,1641,1583,1535,1648,1651,1520,1571,1664,1585,1557,1647,1591,1514,1652,1668,1510,1552,1678,1584,1557,1652,1584,1507,1657,1670,1507,1554,1664,1565,1559,1657,1582,1531,1651,1665,1520,1552,1655,1551,1574,1641,1584,1530,1638,1645,1546,1579,1630,1584,1581,1630,1574,1558,1603,1627,1560,1581,1621,1591,1582,1610,1594,1574,1601,1614,1579,1579,1616,1604,1574,1599,1609,1582,1591,1620,1584,1568,1622,1599,1570,1565,1619,1583,1598,1618,1582,1565,1633,1614,1559,1596,1615,1575,1599,1632,1574,1564,1623,1611,1568,1606,1595,1569,1607,1624,1583,1574,1622,1597,1585,1604,1616,1574,1606,1615,1583,1584,1610,1601,1587,1600,1600,1593,1597,1604,1590,1588,1604,1613,1584,1590,1609,1600,1585,1610,1597,1578,1605,1623,1581,1584,1616,1599,1575,1584,1615,1597,1584,1615,1597,1565,1615,1616,1580,1565,1616,1584,1590,1616,1587,1582,1615,1627,1581,1600,1607,1586,1593,1613,1589,1584,1605,1605,1586,1596,1600,1597,1595,1601,1595,1590,1598,1600,1590,1593,1600,1598,1590,1594,1600,1591,1593,1600,1598,1599,1602,1600,1587,1596,1607,1597,1588,1605,1598,1582,1602,1605,1584,1585,1610,1589,1586,1605,1596,1581,1611,1608,1584,1591,1607,1596,1594,1610,1589,1580,1601,1602,1600,1591,1610,1587,1603,1611
1591,1598,1595,1600,1610,1597,1595,1584,1606,1604,1587,1600,1605,1594,1598,1601,1594,1596,1600,1609,1595,1600,1602,1600,1596,1598,1598,1600,1599,1607,1590,1589,1605,1600,1600,1598,1601,1591,1598,1606,1585,1600,1602,1601,1600,1597,1605,1607,1590,1594,1616,1600,1598,1600,1603,1590,1607,1605,1594,1599,1607,1601,1584,1600,1617,1595,1578,1617,1603,1554,1635,1670,1501,1523,1738,1630,1451,1637,1669,1447,1680,1849,1337,1357,1978,1713,1228,1706,1763,1216,1764,2138,1079,1104,2322,1803,970,1834,1851,933,1880,2459,807,835,2604,1907,737,1908,1937,753,1900,2666,751,701,2644,1955,731,1870,1971,871,1792,2554,959,784,2390,2000,880,1656,2034,1181,1472,2180,1435,997,1952,2096,1099,1258,2162,1731,1020,1706,2015,1214,1461,2224,1319,827,2274,2259,651,1274,2440,1391,1136,2316,1451,567,2325,2569,543,1036,2624,1503,992,2292,1551,555,2240,2607,603,989,2542,1591,1010,2176,1631,689,2072,2461,839,1057,2335,1663,1126,1968,1667,971,1874,2198,1109,1200,2083,1677,1269,1795,1679,1234,1730,1962,1335,1344,1840,1675,1414,1680,1650,1423,1651,1776,1483,1470,1712,1633,1521,1628,1611,1524,1616,1660,1558,1572,1621,1586,1597,1614,1578,1568,1616,1595,1597,1616,1570,1569,1632,1617,1564,1610,1610,1554,1616,1647,1545,1558,1648,1600,1578,1627,1587,1546,1643,1643,1535,1583,1648,1578,1553,1596,1614,1567,1616,1643,1552,1571,1634,1596,1583,1633,1577,1552,1641,1633,1552,1600,1638,1559,1605,1650,1535,1547,1667,1616,1547,1616,1616,1534,1621,1663,1535,1535,1667,1617,1545,1620,1627,1506,1621,1679,1525,1521,1690,1633,1509,1616,1648,1527,1605,1696,1518,1489,1687,1655,1488,1612,1664,1511,1614,1722,1503,1470,1732,1667,1463,1613,1679,1498,1622,1737,1482,1462,1734,1665,1470,1616,1654,1493,1616,1732,1497,1477,1717,1659,1493,1616,1646,1511,1616,1712,1523,1472,1680,1635,1521,1607,1634,1571,1600,1665,1559,1531,1648,1632,1550,1589,1634,1584,1575,1632,1599,1553,1604,1639,1561,1569,1642,1611,1552,1607,1599,1560,1601,1645,1567,1553,1648,1621,1547,1600,1627,1568,1595,1646,1568,1552,1642,1627,1550,1590,1630,1553,1595,1646,1573,1551,1630,1629,1559,1598,1617,1581,1595,1630,1584,1563,1629,1614,1573,1593,1607,1586,1582,1616,1605,1584,1582,1611,1594,1590,1598,1601,1581,1610,1600,1584,1600,1617,1578,1580,1619,1606,1578,1616,1605,1582,1602,1619,1574,1571,1626,1616,1571,1628,1610,1577,1610,1629,1567,1575,1629,1600,1575,1616,1597,1565,1600,1627,1563,1584,1616,1590,1594,1616,1572,1575,1623,1615,1581,1596,1610,1591,1595,1607,1597,1586,1601,1609,1591,1591,1607,1599,1586,1596,1602,1594,1591,1600,1594,1584,1604,1613,1581,1591,1615,1599,1585,1616,1558,1575,1602,1616,1588,1577,1620,1616,1573,1588,1616,1588,1587,1618,1587,1570,1616,1621,1575,1611,1612,1571,1589,1637,1583,1580,1614,1613,1584,1594,1607,1587,1594,1608,1598,1582,1606,1605,1583,1589,1599,1600,1591,1609,1600,1587,1586,1607,1590,1595,1606,1601,1585,1595,1605,1593,1591,1607,1589,1585,1612,1609,1584,1593,1605,1585,1593,1600,1586,1585,1616,1607,1584,1595,1614,1586,1597,1615,1584,1583,1616,1610,1584,1598,1606,1585,1600,1614,1600,1584,1666,1601,1575,1600
1600,1595,1603,1604,1597,1594,1569,1594,1589,1600,1602,1605,1597,1575,1607,1587,1584,1598,1598,1603,1616,1604,1600,1579,1601,1590,1579,1596,1595,1605,1592,1603,1599,1585,1604,1598,1575,1592,1599,1601,1594,1607,1599,1578,1601,1600,1602,1590,1591,1616,1589,1597,1606,1604,1586,1590,1593,1596,1590,1600,1600,1591,1599,1602,1587,1584,1601,1615,1547,1586,1644,1584,1535,1648,1593,1490,1680,1728,1410,1474,1824,1607,1401,1741,1616,1299,1810,1955,1162,1323,2101,1630,1216,1941,1631,1007,1990,2258,848,1120,2416,1622,1010,2092,1642,703,2144,2544,627,942,2598,1655,922,2160,1663,623,2128,2581,691,944,2500,1683,979,2032,1731,835,1872,2356,1067,1054,2160,1799,1132,1677,1901,1323,1442,1945,1615,1199,1726,2013,1267,1178,2114,1904,959,1516,2159,1355,1328,2192,1403,784,2245,2327,661,1186,2465,1447,1091,2266,1503,607,2240,2529,615,1041,2539,1559,1025,2184,1621,677,2113,2480,767,1027,2413,1659,1058,2016,1693,893,1913,2304,1019,1117,2181,1715,1181,1830,1718,1151,1744,2077,1264,1247,1947,1699,1337,1680,1695,1371,1649,1840,1444,1413,1747,1665,1481,1621,1634,1505,1607,1677,1559,1552,1610,1607,1605,1600,1571,1600,1600,1569,1621,1641,1545,1562,1670,1600,1553,1648,1589,1508,1661,1680,1490,1548,1681,1584,1552,1683,1571,1475,1677,1670,1492,1584,1663,1565,1586,1680,1639,1507,1610,1670,1530,1523,1663,1605,1557,1632,1584,1519,1649,1645,1525,1584,1636,1559,1603,1664,1535,1535,1664,1617,1535,1631,1606,1527,1628,1667,1523,1552,1659,1600,1557,1637,1591,1533,1621,1655,1547,1563,1637,1600,1561,1619,1613,1553,1600,1648,1558,1547,1648,1623,1527,1586,1644,1566,1577,1650,1571,1520,1661,1659,1508,1568,1673,1578,1553,1658,1584,1495,1661,1680,1495,1546,1654,1591,1526,1655,1597,1499,1646,1683,1514,1533,1683,1603,1552,1634,1594,1517,1618,1680,1546,1524,1685,1619,1520,1613,1634,1530,1602,1668,1550,1519,1669,1639,1522,1594,1647,1552,1586,1658,1562,1515,1654,1649,1522,1591,1648,1562,1581,1648,1569,1548,1648,1647,1531,1584,1641,1574,1584,1644,1581,1547,1653,1632,1555,1585,1621,1583,1581,1630,1584,1567,1622,1616,1579,1597,1600,1584,1600,1614,1590,1593,1600,1593,1601,1600,1585,1598,1603,1595,1605,1618,1579,1587,1617,1603,1577,1613,1597,1586,1618,1621,1564,1581,1623,1592,1577,1617,1584,1561,1632,1627,1552,1587,1615,1584,1600,1625,1578,1566,1627,1615,1569,1600,1610,1584,1601,1619,1582,1577,1616,1599,1584,1600,1603,1584,1601,1607,1588,1598,1613,1599,1587,1580,1600,1599,1600,1605,1593,1599,1607,1604,1583,1597,1605,1591,1591,1613,1585,1584,1607,1610,1578,1599,1600,1590,1616,1616,1551,1577,1621,1609,1599,1600,1605,1580,1607,1617,1578,1579,1617,1601,1582,1577,1616,1598,1584,1606,1600,1581,1607,1618,1581,1590,1607,1601,1587,1603,1596,1594,1603,1601,1591,1571,1600,1584,1591,1609,1597,1600,1595,1600,1599,1598,1597,1604,1596,1600,1599,1597,1585,1588,1600,1600,1591,1604,1594,1591,1603,1600,1587,1595,1601,1595,1596,1605,1588,1586,1588,1600,1583,1591,1597,1586,1600,1600,1586,1588,1600,1600,1595,1601,1599,1594,1597,1603,1590,1594,1598,1597,1595,1617,1599,1611,1599,1613,1600,1601,1600,1595,1603,1593
1569,1595,1600,1600,1589,1598,1600,1594,1597,1602,1595,1594,1606,1597,1599,1598,1600,1597,1595,1597,1600,1601,1597,1598,1600,1595,1600,1597,1600,1600,1600,1595,1581,1600,1593,1597,1600,1600,1613,1598,1600,1594,1591,1604,1610,1597,1589,1611,1597,1587,1600,1600,1590,1614,1601,1613,1593,1599,1603,1591,1598,1610,1587,1584,1616,1617,1552,1580,1667,1606,1520,1627,1633,1488,1644,1744,1431,1445,1840,1664,1348,1671,1716,1339,1712,1973,1217,1222,2132,1763,1097,1752,1822,1087,1824,2292,943,960,2466,1863,824,1865,1923,815,1888,2608,753,722,2661,1962,701,1891,1965,751,1860,2650,807,720,2569,1983,779,1776,2000,959,1655,2411,1159,878,2196,2025,991,1492,2067,1403,1307,1974,1679,1099,1737,2120,1227,1104,2160,1947,903,1501,2138,1341,1302,2188,1421,799,2204,2323,715,1190,2416,1485,1104,2192,1557,703,2140,2449,741,1072,2426,1613,1066,2076,1655,791,1984,2348,923,1084,2280,1711,1108,1882,1739,1055,1785,2176,1179,1166,2072,1765,1216,1705,1777,1289,1632,1971,1366,1271,1894,1776,1326,1589,1761,1451,1567,1820,1489,1370,1766,1742,1410,1557,1718,1523,1566,1728,1546,1456,1707,1688,1483,1580,1663,1550,1594,1681,1535,1514,1669,1636,1535,1610,1616,1552,1632,1651,1556,1558,1652,1602,1566,1618,1596,1556,1618,1631,1568,1573,1629,1600,1578,1604,1607,1567,1600,1626,1625,1572,1601,1634,1571,1551,1648,1634,1527,1587,1647,1566,1579,1655,1565,1519,1664,1654,1517,1584,1655,1565,1584,1675,1555,1507,1674,1659,1505,1588,1653,1559,1584,1664,1565,1519,1655,1651,1520,1583,1651,1589,1570,1649,1597,1545,1630,1655,1545,1617,1666,1616,1528,1613,1630,1547,1602,1678,1535,1512,1687,1648,1495,1600,1658,1535,1606,1694,1551,1488,1705,1663,1477,1595,1664,1535,1594,1692,1547,1489,1684,1657,1498,1593,1651,1551,1587,1680,1555,1514,1664,1651,1520,1584,1648,1581,1575,1655,1591,1534,1632,1646,1550,1567,1644,1605,1558,1613,1619,1553,1602,1647,1563,1549,1648,1630,1535,1588,1632,1568,1585,1648,1582,1535,1648,1645,1534,1578,1639,1570,1582,1650,1577,1535,1648,1643,1535,1583,1633,1579,1584,1642,1579,1545,1633,1621,1552,1586,1631,1571,1585,1632,1586,1559,1623,1621,1563,1585,1623,1590,1584,1609,1599,1567,1600,1621,1581,1579,1623,1601,1574,1600,1609,1581,1600,1626,1585,1563,1622,1621,1565,1591,1618,1584,1595,1636,1569,1578,1632,1616,1563,1599,1616,1569,1605,1635,1569,1563,1637,1610,1566,1613,1605,1567,1616,1631,1565,1574,1629,1593,1578,1613,1591,1565,1616,1619,1582,1586,1615,1591,1586,1610,1567,1578,1611,1607,1584,1595,1604,1592,1591,1605,1598,1584,1600,1600,1591,1590,1600,1601,1586,1597,1600,1594,1595,1615,1593,1590,1607,1613,1584,1595,1604,1594,1600,1609,1600,1589,1600,1607,1584,1583,1612,1595,1585,1599,1599,1590,1600,1573,1584,1591,1605,1603,1594,1605,1599,1589,1602,1602,1590,1593,1599,1594,1600,1604,1613,1593,1614,1597,1598,1597,1599,1594,1605,1599,1595,1602,1600,1594,1601,1599,1589,1594,1606,1595,1591,1603,1591,1588,1607,1600,1586,1600,1600,1595,1600,1614,1584,1600,1603,1609,1594,1611,1595,1587,1603,1609,1587,1597,1600,1597,1594,1604,1591,1589,1613,1600,1625,1597,1603,1587,1600,1601,1594,1593
1600,1598,1595,1599,1595,1600,1598,1551,1618,1592,1553,1587,1596,1600,1596,1600,1597,1559,1614,1594,1562,1596,1597,1600,1595,1607,1606,1557,1613,1590,1563,1588,1603,1599,1595,1605,1600,1558,1616,1599,1554,1587,1602,1600,1584,1613,1613,1600,1584,1594,1601,1584,1595,1598,1597,1584,1602,1602,1595,1596,1603,1597,1585,1600,1603,1570,1599,1632,1566,1568,1665,1643,1488,1579,1697,1549,1543,1717,1520,1403,1801,1781,1287,1502,1871,1485,1458,1907,1427,1136,2032,2007,969,1412,2129,1390,1372,2189,1323,807,2320,2262,647,1328,2388,1279,1280,2416,1267,555,2437,2449,531,1260,2455,1275,1237,2422,1331,567,2344,2425,667,1216,2358,1445,1171,2148,1607,859,1925,2259,1069,1135,2176,1776,1072,1668,1975,1286,1382,2076,1527,995,1965,2190,959,1148,2337,1723,958,1878,1873,923,1808,2448,912,837,2500,1973,751,1744,2047,947,1686,2508,1011,752,2436,2087,784,1616,2091,1099,1561,2344,1201,845,2231,2079,934,1497,2055,1311,1474,2107,1407,1040,2000,1999,1149,1436,1950,1485,1427,1884,1556,1232,1793,1895,1327,1427,1839,1597,1446,1728,1616,1401,1679,1754,1456,1457,1734,1623,1504,1617,1625,1489,1630,1677,1547,1530,1646,1615,1568,1611,1601,1570,1600,1620,1586,1584,1590,1598,1585,1591,1595,1600,1603,1589,1603,1601,1588,1599,1597,1584,1609,1612,1577,1591,1605,1584,1602,1618,1599,1580,1631,1626,1542,1583,1639,1583,1587,1643,1570,1526,1656,1642,1519,1593,1645,1553,1600,1675,1529,1511,1681,1645,1507,1613,1634,1523,1616,1677,1519,1510,1685,1627,1520,1636,1626,1565,1621,1670,1527,1518,1679,1619,1520,1610,1628,1535,1600,1677,1547,1519,1671,1647,1506,1595,1654,1551,1584,1668,1553,1490,1676,1663,1489,1576,1678,1575,1562,1686,1558,1475,1683,1678,1472,1558,1683,1553,1562,1690,1558,1475,1685,1689,1482,1530,1680,1545,1568,1667,1561,1490,1673,1675,1502,1568,1665,1571,1566,1650,1582,1513,1647,1657,1547,1567,1648,1595,1523,1626,1581,1550,1648,1647,1570,1555,1639,1615,1553,1599,1628,1573,1588,1636,1584,1551,1631,1637,1551,1565,1643,1575,1575,1632,1594,1554,1627,1650,1547,1579,1643,1599,1569,1624,1597,1550,1625,1638,1552,1568,1648,1600,1555,1617,1601,1562,1616,1635,1552,1578,1623,1603,1572,1610,1600,1573,1600,1616,1582,1578,1618,1605,1579,1598,1605,1584,1589,1618,1585,1594,1615,1611,1573,1585,1616,1589,1586,1609,1596,1572,1616,1616,1571,1586,1620,1591,1588,1616,1588,1571,1615,1618,1568,1589,1617,1587,1594,1615,1571,1578,1582,1605,1589,1597,1565,1588,1602,1605,1587,1589,1601,1591,1594,1597,1598,1591,1599,1598,1600,1599,1595,1596,1602,1596,1602,1595,1590,1595,1607,1595,1588,1600,1597,1585,1609,1611,1586,1595,1605,1595,1599,1615,1587,1584,1613,1604,1584,1584,1613,1599,1590,1601,1600,1583,1607,1611,1583,1594,1604,1595,1613,1609,1588,1582,1610,1602,1577,1600,1602,1586,1600,1601,1584,1590,1610,1599,1589,1602,1590,1592,1600,1599,1599,1589,1597,1595,1594,1600,1598,1598,1600,1593,1607,1599,1595,1597,1600,1584,1600,1593,1594,1589,1602,1591,1593,1588,1600,1589,1605,1600,1590,1595,1603,1594,1590,1603,1593,1587,1607,1605,1585,1596,1661,1590,1600,1604,1591,1583,1597,1601,1587,1597,1600,1587,1602,1607
1594,1596,1592,1595,1591,1581,1603,1610,1588,1581,1603,1598,1598,1605,1593,1591,1600,1600,1589,1598,1602,1595,1598,1594,1600,1594,1587,1600,1563,1600,1611,1598,1621,1597,1597,1588,1590,1609,1585,1600,1603,1600,1598,1595,1603,1613,1582,1594,1602,1599,1590,1603,1600,1591,1597,1611,1591,1595,1609,1607,1584,1594,1619,1585,1573,1616,1596,1552,1637,1664,1490,1521,1739,1630,1446,1648,1664,1425,1667,1838,1315,1351,1984,1705,1235,1718,1747,1212,1772,2129,1073,1114,2288,1791,980,1840,1831,923,1900,2458,799,844,2604,1861,752,1908,1919,735,1922,2646,727,719,2656,1937,729,1896,1954,787,1808,2576,923,779,2432,1991,860,1674,2034,1141,1501,2226,1378,957,2017,2096,1053,1301,2162,1653,1085,1802,1922,1159,1564,2224,1259,887,2259,2143,757,1385,2315,1327,1250,2298,1403,687,2280,2416,643,1168,2461,1471,1109,2230,1525,678,2162,2448,749,1093,2398,1587,1090,2074,1639,843,1952,2324,949,1112,2231,1686,1166,1872,1713,1089,1785,2128,1201,1209,2030,1727,1264,1713,1735,1302,1661,1931,1388,1328,1846,1729,1382,1621,1702,1457,1604,1776,1502,1447,1716,1680,1488,1595,1648,1546,1595,1666,1567,1542,1631,1626,1577,1598,1616,1585,1599,1601,1607,1598,1587,1591,1634,1593,1584,1614,1589,1565,1621,1617,1561,1588,1619,1579,1600,1631,1568,1565,1635,1611,1569,1617,1595,1558,1584,1613,1563,1546,1651,1625,1545,1600,1619,1552,1621,1664,1523,1535,1675,1605,1543,1636,1589,1505,1661,1673,1495,1549,1674,1632,1559,1707,1573,1485,1669,1680,1495,1562,1673,1571,1567,1670,1571,1501,1660,1667,1503,1567,1664,1580,1558,1657,1589,1511,1651,1675,1501,1550,1679,1600,1534,1638,1607,1505,1645,1685,1511,1525,1693,1611,1523,1641,1615,1494,1636,1695,1504,1520,1694,1612,1527,1639,1613,1506,1641,1682,1527,1533,1701,1607,1550,1633,1601,1521,1630,1664,1535,1552,1649,1603,1531,1616,1598,1555,1614,1642,1577,1573,1627,1608,1574,1600,1615,1581,1583,1617,1591,1578,1609,1617,1571,1579,1627,1600,1569,1601,1609,1558,1602,1623,1570,1578,1638,1611,1563,1629,1615,1567,1600,1632,1569,1561,1633,1613,1561,1601,1610,1569,1601,1629,1569,1565,1619,1607,1556,1604,1616,1574,1611,1616,1578,1579,1613,1607,1584,1597,1601,1585,1590,1611,1590,1587,1602,1607,1586,1589,1605,1591,1584,1587,1604,1570,1594,1591,1584,1571,1613,1606,1573,1597,1611,1582,1600,1617,1581,1570,1617,1606,1564,1602,1616,1579,1600,1627,1586,1574,1632,1600,1565,1605,1599,1572,1605,1618,1575,1583,1611,1595,1584,1607,1594,1583,1605,1611,1586,1586,1600,1600,1590,1607,1597,1598,1597,1601,1593,1589,1597,1603,1585,1594,1602,1599,1584,1606,1591,1584,1607,1606,1584,1586,1616,1590,1596,1610,1597,1584,1627,1604,1584,1594,1615,1601,1583,1600,1600,1584,1601,1614,1583,1583,1601,1595,1602,1605,1590,1581,1605,1604,1584,1591,1600,1591,1599,1609,1589,1586,1605,1600,1588,1599,1594,1593,1600,1616,1590,1596,1600,1594,1594,1607,1595,1594,1600,1595,1587,1584,1593,1626,1596,1648,1595,1525,1598,1599,1590,1600,1594,1589,1596,1591,1596,1599,1598,1585,1601,1600,1581,1599,1585,1595,1602,1600,1597,1585,1601,1595,1588,1597,1595,1585,1603,1603,1584,1594,1600,1586,1591,1600,1590,1584
1600,1597,1584,1597,1597,1593,1600,1613,1595,1573,1614,1590,1577,1597,1591,1598,1593,1613,1600,1575,1609,1589,1571,1598,1584,1602,1597,1610,1594,1575,1605,1591,1575,1596,1594,1601,1593,1607,1601,1582,1611,1599,1577,1593,1598,1600,1594,1610,1607,1606,1581,1598,1599,1590,1597,1603,1603,1584,1607,1611,1583,1584,1627,1600,1552,1602,1647,1563,1566,1664,1569,1487,1712,1711,1407,1520,1802,1553,1473,1796,1523,1279,1886,1917,1135,1413,2047,1491,1352,2000,1456,971,2137,2186,802,1296,2320,1403,1236,2272,1365,637,2384,2459,528,1168,2557,1357,1114,2436,1375,511,2421,2611,521,1088,2599,1423,1059,2352,1507,555,2212,2544,703,1027,2448,1643,998,2006,1805,911,1762,2338,1142,969,2208,1983,927,1484,2192,1391,1203,2080,1652,893,1936,2357,883,958,2489,1863,768,1824,2015,883,1728,2580,895,656,2610,2135,606,1648,2199,946,1579,2577,1023,623,2493,2215,674,1526,2201,1119,1472,2392,1223,775,2266,2167,875,1440,2113,1327,1422,2138,1413,986,2003,2043,1107,1417,1971,1487,1424,1893,1551,1217,1807,1899,1321,1434,1815,1584,1457,1733,1606,1398,1680,1763,1470,1490,1706,1616,1521,1645,1615,1535,1616,1648,1573,1574,1616,1614,1579,1600,1610,1599,1575,1589,1623,1597,1574,1616,1600,1565,1621,1639,1553,1569,1642,1600,1574,1623,1586,1535,1642,1642,1535,1584,1631,1571,1543,1651,1616,1550,1623,1659,1529,1568,1671,1599,1560,1649,1571,1506,1671,1669,1497,1573,1670,1551,1585,1690,1526,1481,1712,1665,1484,1600,1649,1513,1611,1713,1520,1484,1721,1648,1486,1617,1646,1504,1619,1713,1504,1488,1722,1644,1498,1626,1646,1515,1613,1715,1515,1517,1705,1647,1500,1648,1655,1520,1601,1697,1535,1490,1697,1655,1489,1596,1661,1527,1600,1697,1533,1489,1687,1663,1483,1598,1658,1534,1584,1697,1531,1499,1686,1649,1505,1605,1638,1531,1609,1680,1535,1517,1674,1635,1533,1607,1623,1551,1613,1667,1556,1557,1648,1620,1559,1622,1616,1570,1600,1632,1584,1569,1614,1611,1582,1590,1610,1591,1587,1601,1610,1584,1602,1612,1600,1593,1623,1616,1582,1586,1627,1598,1583,1615,1598,1571,1616,1625,1562,1582,1619,1600,1577,1616,1597,1564,1616,1625,1567,1582,1625,1599,1580,1620,1600,1573,1609,1620,1574,1579,1616,1602,1586,1609,1603,1584,1615,1616,1584,1579,1616,1611,1574,1598,1611,1588,1594,1616,1586,1572,1619,1616,1569,1595,1619,1583,1587,1627,1584,1562,1631,1619,1559,1595,1616,1582,1597,1631,1573,1520,1639,1621,1562,1571,1618,1565,1605,1632,1569,1568,1628,1610,1573,1605,1602,1570,1610,1626,1578,1577,1622,1600,1591,1606,1603,1584,1610,1611,1583,1585,1607,1601,1587,1601,1603,1586,1597,1602,1599,1585,1603,1604,1585,1593,1610,1598,1588,1618,1595,1581,1604,1619,1584,1597,1609,1611,1573,1591,1610,1589,1597,1611,1589,1578,1613,1608,1584,1595,1603,1585,1600,1600,1583,1584,1607,1613,1587,1616,1601,1583,1603,1607,1586,1587,1604,1598,1595,1605,1591,1586,1604,1603,1591,1598,1601,1597,1610,1605,1585,1590,1600,1603,1597,1602,1595,1597,1600,1598,1598,1599,1597,1596,1599,1600,1591,1599,1600,1593,1600,1613,1595,1594,1602,1591,1593,1606,1595,1589,1600,1601,1586,1599,1602,1591,1599,1604,1591,1588,1604,1600,1590,1600,1598,1590
1595,1594,1562,1598,1587,1591,1597,1623,1598,1578,1615,1581,1570,1595,1587,1599,1587,1602,1600,1572,1616,1588,1579,1591,1596,1600,1591,1610,1597,1579,1610,1599,1612,1594,1600,1600,1600,1613,1600,1574,1586,1598,1602,1592,1593,1616,1587,1586,1600,1603,1585,1597,1600,1595,1591,1599,1591,1570,1600,1606,1583,1564,1620,1612,1552,1567,1639,1582,1559,1664,1555,1485,1713,1706,1401,1532,1792,1531,1488,1794,1487,1284,1904,1905,1135,1443,2034,1470,1392,2020,1427,971,2162,2161,803,1340,2297,1361,1283,2304,1327,640,2388,2421,546,1230,2482,1317,1200,2416,1331,534,2395,2481,573,1190,2453,1375,1168,2296,1479,687,2122,2381,867,1140,2243,1635,1111,1896,1802,1089,1643,2166,1326,1061,2057,2007,1003,1360,2216,1555,1120,1932,1765,971,1830,2350,949,925,2450,1923,787,1760,2033,945,1688,2502,983,704,2490,2076,721,1620,2121,1054,1576,2433,1131,757,2352,2125,833,1513,2109,1227,1461,2226,1327,929,2096,2065,1039,1443,1968,1420,1432,1984,1499,1146,1884,1947,1241,1430,1888,1556,1430,1792,1598,1328,1718,1824,1405,1459,1776,1600,1482,1685,1619,1465,1644,1728,1514,1515,1676,1616,1549,1655,1614,1552,1607,1636,1580,1574,1616,1602,1606,1593,1611,1596,1561,1589,1610,1600,1580,1599,1619,1582,1606,1616,1579,1578,1618,1600,1584,1613,1584,1575,1622,1619,1567,1591,1607,1574,1572,1622,1575,1554,1618,1643,1535,1569,1655,1584,1582,1649,1563,1521,1669,1648,1511,1594,1648,1547,1600,1680,1530,1511,1680,1662,1515,1623,1630,1549,1616,1675,1526,1520,1680,1653,1520,1617,1630,1527,1616,1669,1533,1526,1669,1631,1525,1604,1636,1551,1594,1670,1554,1521,1662,1648,1518,1586,1655,1558,1581,1670,1559,1499,1669,1719,1505,1580,1662,1563,1579,1649,1559,1507,1664,1662,1510,1581,1658,1561,1587,1670,1563,1517,1661,1643,1530,1589,1642,1566,1590,1648,1575,1546,1629,1626,1563,1588,1616,1582,1585,1616,1598,1568,1606,1616,1583,1582,1612,1606,1579,1589,1617,1590,1584,1616,1599,1564,1616,1625,1563,1568,1638,1603,1568,1605,1600,1535,1623,1639,1555,1558,1646,1594,1567,1616,1600,1552,1625,1638,1552,1568,1636,1594,1574,1623,1595,1554,1630,1633,1554,1584,1646,1593,1599,1616,1587,1564,1610,1616,1574,1584,1616,1593,1585,1606,1600,1585,1599,1606,1586,1586,1603,1606,1584,1566,1605,1600,1586,1611,1594,1565,1609,1619,1578,1593,1616,1589,1584,1613,1594,1575,1618,1619,1570,1585,1616,1591,1555,1617,1590,1567,1611,1616,1567,1593,1616,1583,1602,1613,1577,1583,1614,1600,1584,1599,1604,1589,1600,1606,1595,1593,1601,1600,1594,1599,1599,1600,1598,1595,1600,1595,1591,1607,1593,1595,1603,1595,1584,1593,1607,1587,1598,1603,1587,1585,1614,1607,1584,1602,1600,1584,1602,1610,1584,1584,1600,1615,1577,1591,1604,1597,1609,1611,1645,1581,1614,1610,1590,1594,1602,1587,1593,1613,1584,1584,1607,1605,1603,1602,1597,1585,1605,1603,1594,1586,1606,1593,1593,1600,1593,1587,1600,1605,1589,1598,1603,1600,1597,1611,1590,1639,1597,1607,1591,1595,1599,1558,1594,1602,1598,1584,1595,1598,1598,1598,1598,1597,1594,1591,1598,1600,1594,1600,1596,1597,1591,1600,1598,1588,1597,1595,1582,1599,1594,1587,1600,1601,1589,1589,1602,1600,1595,1605,1597,1591
1598,1597,1591,1598,1598,1569,1607,1594,1578,1604,1589,1619,1601,1604,1600,1582,1602,1589,1584,1591,1594,1600,1591,1602,1595,1584,1594,1589,1585,1598,1597,1600,1588,1601,1600,1584,1603,1596,1582,1591,1597,1605,1597,1601,1614,1607,1588,1589,1603,1587,1594,1610,1600,1602,1600,1607,1590,1591,1605,1600,1584,1600,1610,1584,1592,1621,1571,1547,1648,1659,1491,1549,1728,1597,1482,1691,1601,1408,1742,1828,1295,1411,1935,1611,1338,1818,1671,1151,1894,2107,1003,1230,2256,1611,1136,2008,1603,835,2117,2412,687,1040,2553,1615,952,2176,1634,597,2192,2624,593,922,2615,1649,928,2160,1683,643,2064,2552,782,934,2437,1759,968,1898,1855,979,1698,2281,1234,1003,2112,1971,1003,1457,2118,1485,1186,1936,1755,1059,1753,2241,1099,975,2340,1974,815,1609,2145,1123,1496,2404,1157,693,2424,2246,651,1422,2307,1205,1364,2410,1279,670,2320,2305,727,1328,2271,1345,1297,2229,1426,819,2114,2224,940,1288,2173,1503,1296,1993,1567,1067,1904,2069,1168,1327,1984,1607,1355,1792,1642,1279,1720,1903,1371,1389,1826,1653,1429,1673,1653,1438,1638,1763,1490,1458,1707,1647,1515,1625,1623,1529,1610,1663,1559,1555,1625,1609,1583,1607,1611,1583,1605,1599,1592,1601,1575,1584,1615,1595,1586,1607,1589,1579,1610,1617,1573,1591,1611,1584,1600,1617,1575,1578,1619,1603,1584,1635,1578,1583,1607,1617,1552,1555,1654,1614,1552,1627,1597,1534,1648,1664,1511,1559,1670,1585,1554,1667,1570,1494,1676,1678,1489,1573,1671,1562,1576,1669,1552,1488,1686,1673,1490,1579,1667,1552,1579,1680,1551,1498,1678,1666,1497,1584,1666,1559,1577,1675,1575,1502,1731,1671,1555,1556,1680,1577,1565,1670,1575,1489,1667,1691,1486,1535,1696,1584,1535,1674,1582,1475,1677,1700,1475,1546,1695,1565,1546,1680,1574,1489,1678,1697,1478,1552,1680,1569,1566,1673,1569,1489,1666,1674,1506,1571,1658,1570,1577,1658,1558,1520,1643,1648,1543,1581,1608,1582,1594,1632,1589,1559,1616,1625,1570,1578,1619,1598,1579,1602,1607,1585,1591,1616,1590,1572,1606,1625,1571,1534,1619,1595,1574,1616,1600,1578,1611,1627,1572,1570,1629,1602,1569,1603,1607,1571,1603,1626,1575,1573,1618,1605,1558,1599,1601,1579,1585,1618,1579,1573,1616,1605,1584,1596,1610,1586,1584,1606,1597,1581,1601,1616,1581,1584,1617,1604,1575,1607,1603,1581,1600,1629,1577,1546,1627,1610,1573,1602,1606,1571,1605,1630,1569,1569,1618,1602,1565,1616,1586,1561,1615,1626,1563,1586,1623,1590,1584,1619,1589,1568,1617,1619,1570,1590,1610,1582,1596,1631,1589,1571,1613,1616,1584,1597,1600,1589,1600,1606,1595,1570,1599,1605,1591,1601,1599,1602,1590,1598,1612,1595,1591,1601,1593,1584,1603,1603,1582,1597,1603,1596,1598,1612,1582,1584,1598,1607,1585,1599,1616,1602,1584,1599,1605,1581,1602,1615,1583,1587,1605,1600,1590,1605,1597,1582,1607,1601,1600,1590,1606,1593,1591,1606,1584,1591,1600,1600,1586,1600,1596,1597,1595,1602,1594,1589,1600,1599,1594,1600,1599,1594,1597,1606,1599,1595,1594,1593,1598,1578,1597,1597,1591,1592,1601,1600,1591,1597,1600,1587,1600,1601,1586,1588,1605,1597,1587,1600,1607,1584,1593,1604,1583,1593,1612,1599,1600,1605,1587,1586,1605,1605,1584,1598,1600,1590,1600,1601,1584,1589
1598,1594,1595,1600,1591,1565,1620,1593,1565,1600,1591,1598,1596,1616,1601,1579,1616,1590,1572,1597,1593,1601,1591,1629,1601,1575,1616,1599,1578,1572,1597,1612,1593,1613,1599,1575,1614,1599,1577,1590,1601,1599,1594,1613,1613,1604,1573,1600,1654,1591,1654,1603,1594,1587,1595,1602,1589,1599,1606,1591,1584,1602,1603,1582,1599,1627,1570,1553,1664,1644,1488,1573,1707,1559,1530,1691,1535,1402,1797,1790,1283,1488,1899,1507,1438,1902,1475,1135,2016,2032,971,1382,2159,1423,1334,2160,1363,803,2298,2302,640,1280,2423,1331,1216,2384,1323,551,2416,2490,535,1200,2492,1333,1185,2388,1391,571,2288,2454,690,1152,2382,1499,1137,2105,1647,875,1892,2280,1094,1104,2169,1815,1057,1634,2020,1323,1354,2064,1571,1003,1936,2213,975,1107,2362,1777,901,1834,1938,949,1744,2464,959,779,2512,2047,709,1684,2115,983,1616,2496,1053,707,2434,2141,751,1562,2140,1137,1500,2352,1238,819,2232,2128,913,1456,2089,1342,1420,2112,1431,1031,1997,2027,1125,1410,1935,1507,1422,1879,1571,1231,1792,1904,1315,1419,1846,1609,1436,1723,1625,1393,1680,1792,1452,1466,1741,1633,1494,1644,1633,1499,1620,1693,1535,1530,1659,1629,1552,1605,1616,1584,1594,1639,1584,1570,1605,1614,1584,1589,1612,1607,1583,1594,1613,1589,1591,1616,1588,1570,1628,1615,1575,1595,1615,1579,1609,1630,1571,1567,1622,1611,1552,1573,1646,1591,1582,1638,1571,1527,1663,1646,1526,1586,1639,1553,1612,1674,1535,1520,1680,1631,1505,1616,1643,1518,1627,1687,1514,1520,1691,1613,1532,1630,1616,1511,1635,1683,1517,1533,1680,1613,1533,1637,1615,1526,1619,1674,1525,1499,1670,1630,1520,1612,1637,1548,1597,1673,1551,1514,1678,1648,1497,1589,1654,1552,1575,1677,1557,1503,1675,1659,1499,1584,1661,1555,1584,1680,1556,1505,1673,1659,1508,1586,1650,1557,1584,1673,1567,1514,1662,1653,1525,1603,1639,1566,1584,1653,1578,1549,1635,1630,1557,1584,1629,1588,1583,1616,1599,1571,1613,1622,1582,1575,1622,1606,1577,1596,1618,1584,1586,1622,1590,1568,1620,1624,1561,1583,1626,1594,1584,1599,1597,1549,1619,1637,1562,1583,1630,1596,1579,1620,1598,1558,1617,1626,1572,1578,1627,1595,1584,1616,1600,1570,1616,1623,1578,1584,1618,1600,1584,1611,1595,1574,1590,1616,1572,1584,1616,1603,1598,1601,1609,1586,1595,1614,1589,1579,1616,1615,1574,1585,1616,1585,1585,1616,1591,1569,1622,1615,1567,1596,1617,1600,1587,1623,1584,1556,1634,1620,1568,1591,1619,1582,1600,1631,1581,1568,1630,1615,1573,1603,1606,1577,1565,1620,1573,1582,1614,1607,1589,1604,1600,1584,1598,1611,1587,1587,1609,1603,1591,1598,1605,1594,1589,1604,1595,1587,1601,1614,1584,1599,1610,1603,1583,1605,1599,1569,1606,1616,1578,1579,1616,1600,1584,1619,1616,1594,1585,1611,1593,1575,1613,1619,1578,1597,1607,1595,1590,1618,1591,1574,1615,1606,1584,1595,1604,1589,1599,1609,1591,1587,1606,1601,1591,1599,1601,1586,1597,1601,1584,1594,1591,1599,1595,1599,1600,1599,1600,1600,1600,1597,1599,1598,1600,1599,1602,1599,1594,1593,1600,1599,1591,1614,1599,1591,1600,1600,1587,1591,1602,1600,1594,1601,1591,1590,1605,1603,1553,1597,1587,1596,1602,1605,1577,1587,1607,1600,1588,1600,1600,1593,1605,1603,1591,1588
1597,1601,1597,1597,1598,1595,1601,1610,1596,1595,1617,1598,1598,1600,1600,1588,1595,1609,1600,1595,1610,1600,1599,1590,1603,1598,1595,1610,1597,1599,1611,1600,1598,1584,1600,1597,1591,1611,1598,1598,1613,1603,1604,1591,1600,1616,1586,1587,1611,1599,1584,1600,1600,1589,1594,1603,1595,1594,1602,1603,1581,1595,1623,1595,1566,1614,1614,1557,1600,1667,1517,1503,1728,1662,1408,1601,1726,1467,1607,1838,1391,1310,1962,1794,1171,1610,1877,1297,1616,2117,1200,1013,2276,1963,870,1640,2046,1077,1648,2446,982,747,2570,2138,614,1644,2191,943,1626,2616,939,586,2596,2195,610,1605,2192,999,1488,2505,1111,690,2332,2187,811,1441,2171,1331,1321,2112,1567,975,1869,2159,1137,1168,2156,1822,1004,1603,2079,1313,1346,2134,1463,885,2120,2285,783,1155,2433,1591,1009,2106,1681,723,2068,2519,722,923,2548,1745,889,2002,1791,767,1940,2510,847,900,2448,1819,940,1872,1847,945,1792,2344,1071,990,2224,1847,1075,1720,1839,1183,1664,2115,1287,1157,2000,1831,1233,1616,1799,1373,1586,1904,1450,1314,1817,1763,1378,1568,1734,1492,1571,1755,1531,1441,1703,1694,1493,1569,1675,1557,1584,1661,1579,1531,1634,1634,1567,1585,1613,1584,1584,1606,1600,1584,1593,1598,1602,1596,1597,1626,1584,1570,1626,1637,1573,1593,1607,1578,1606,1630,1559,1565,1643,1602,1569,1617,1586,1550,1579,1646,1567,1529,1661,1642,1520,1597,1635,1548,1612,1680,1518,1520,1683,1631,1518,1600,1614,1511,1643,1707,1495,1526,1695,1602,1535,1654,1597,1488,1665,1682,1497,1547,1706,1584,1554,1660,1579,1499,1665,1677,1504,1555,1653,1587,1548,1651,1597,1514,1648,1677,1518,1535,1680,1606,1533,1634,1616,1515,1631,1681,1516,1581,1687,1615,1518,1635,1623,1520,1623,1687,1517,1518,1686,1626,1518,1626,1616,1520,1621,1680,1531,1520,1671,1616,1550,1616,1619,1535,1615,1659,1553,1553,1644,1611,1557,1607,1618,1569,1599,1623,1584,1571,1609,1614,1585,1593,1616,1595,1581,1600,1616,1581,1594,1611,1591,1570,1619,1616,1562,1579,1628,1594,1575,1621,1595,1555,1622,1636,1552,1575,1643,1595,1570,1623,1612,1549,1600,1645,1522,1569,1643,1597,1566,1629,1595,1552,1622,1640,1553,1574,1641,1595,1570,1619,1600,1552,1616,1632,1554,1573,1637,1600,1569,1616,1603,1557,1616,1633,1562,1569,1635,1600,1563,1611,1606,1559,1614,1636,1567,1571,1637,1608,1562,1612,1600,1557,1615,1637,1558,1568,1644,1603,1572,1616,1595,1569,1617,1633,1552,1575,1627,1588,1584,1626,1584,1558,1630,1615,1563,1595,1615,1591,1599,1633,1577,1590,1616,1606,1578,1606,1600,1582,1609,1617,1581,1587,1609,1591,1590,1606,1599,1585,1590,1601,1585,1599,1600,1588,1616,1600,1593,1600,1599,1593,1602,1600,1587,1599,1598,1595,1603,1609,1587,1591,1593,1609,1585,1597,1615,1595,1595,1609,1578,1586,1614,1606,1585,1599,1600,1590,1597,1606,1589,1586,1607,1599,1589,1600,1600,1587,1598,1616,1587,1597,1598,1571,1597,1603,1601,1605,1600,1599,1595,1598,1584,1599,1595,1594,1603,1597,1589,1594,1603,1599,1611,1603,1600,1590,1619,1601,1589,1591,1647,1594,1598,1605,1593,1587,1607,1614,1586,1597,1604,1590,1597,1613,1586,1584,1609,1603,1584,1595,1600,1584,1600,1610,1586,1559,1605,1568,1589,1606,1597,1587
1599,1600,1584,1597,1572,1600,1600,1590,1600,1609,1598,1581,1611,1600,1579,1600,1600,1600,1600,1614,1600,1577,1613,1609,1583,1597,1600,1593,1597,1606,1598,1579,1606,1600,1574,1594,1590,1599,1571,1613,1595,1582,1613,1600,1605,1595,1595,1612,1591,1594,1603,1601,1584,1600,1600,1597,1590,1602,1599,1592,1600,1600,1584,1591,1623,1600,1563,1616,1621,1557,1602,1671,1520,1499,1740,1681,1415,1589,1738,1474,1592,1846,1407,1287,1961,1815,1167,1584,1906,1325,1584,2112,1227,1007,2265,1997,850,1596,2087,1117,1587,2428,1041,690,2554,2192,592,1578,2251,991,1568,2604,981,565,2582,2254,591,1538,2243,1059,1476,2480,1191,685,2304,2228,827,1392,2187,1383,1290,2080,1601,1003,1824,2160,1171,1156,2129,1857,1008,1556,2112,1367,1294,2096,1551,897,2064,2311,845,1089,2448,1667,918,2028,1771,757,1990,2544,755,864,2567,1839,824,1936,1879,807,1868,2524,880,848,2452,1907,883,1810,1915,997,1732,2364,1103,947,2237,1899,1040,1668,1891,1211,1622,2125,1303,1124,2011,1863,1207,1587,1829,1383,1568,1915,1434,1291,1828,1787,1360,1572,1742,1483,1573,1778,1511,1424,1732,1701,1473,1590,1653,1530,1606,1681,1535,1526,1659,1632,1563,1622,1593,1552,1635,1630,1561,1593,1607,1578,1633,1635,1554,1578,1643,1587,1593,1623,1583,1553,1633,1622,1565,1602,1612,1570,1626,1627,1570,1584,1625,1591,1579,1603,1595,1567,1630,1631,1552,1589,1631,1574,1602,1650,1549,1534,1668,1632,1534,1616,1636,1528,1642,1678,1579,1531,1680,1614,1531,1642,1607,1511,1641,1681,1520,1542,1677,1605,1547,1635,1606,1522,1627,1673,1527,1550,1671,1627,1532,1598,1631,1546,1601,1669,1551,1520,1675,1648,1502,1595,1657,1555,1583,1682,1553,1495,1689,1675,1483,1573,1664,1555,1584,1689,1552,1476,1693,1681,1479,1563,1690,1559,1568,1685,1566,1482,1684,1683,1488,1565,1680,1571,1559,1669,1583,1501,1659,1674,1517,1535,1678,1602,1551,1637,1607,1522,1627,1669,1543,1535,1666,1617,1535,1612,1633,1553,1598,1661,1568,1531,1650,1640,1544,1586,1643,1574,1584,1652,1580,1529,1648,1648,1535,1581,1649,1579,1582,1642,1586,1546,1642,1645,1550,1580,1645,1595,1583,1617,1590,1563,1622,1639,1559,1584,1627,1594,1584,1618,1595,1569,1611,1623,1581,1585,1615,1601,1596,1600,1603,1582,1601,1615,1586,1584,1612,1602,1581,1595,1611,1584,1593,1614,1597,1582,1616,1616,1576,1591,1615,1589,1594,1617,1589,1577,1619,1615,1575,1595,1612,1597,1599,1622,1584,1581,1618,1615,1583,1606,1602,1584,1602,1616,1586,1584,1615,1601,1587,1603,1578,1587,1605,1603,1603,1594,1600,1600,1600,1600,1611,1598,1600,1598,1603,1597,1596,1606,1598,1586,1607,1613,1585,1600,1607,1586,1601,1635,1587,1586,1616,1603,1584,1612,1601,1582,1611,1636,1600,1584,1605,1616,1579,1586,1616,1598,1588,1610,1592,1579,1610,1616,1581,1598,1610,1585,1598,1618,1588,1573,1611,1590,1586,1600,1604,1591,1599,1602,1597,1591,1608,1600,1591,1597,1600,1598,1601,1600,1591,1591,1599,1602,1595,1595,1598,1600,1595,1598,1600,1598,1596,1600,1598,1596,1601,1603,1587,1597,1610,1600,1596,1597,1599,1587,1603,1609,1587,1599,1606,1598,1598,1610,1599,1589,1611,1603,1597,1594,1600,1591,1597,1602,1591,1588,1601,1601,1587,1601
1600,1599,1598,1600,1600,1591,1597,1597,1611,1598,1600,1602,1600,1597,1600,1609,1594,1600,1610,1601,1601,1597,1600,1598,1597,1606,1584,1603,1615,1601,1601,1596,1600,1599,1593,1605,1597,1600,1614,1601,1603,1596,1603,1595,1594,1616,1611,1636,1597,1600,1600,1593,1601,1604,1595,1591,1605,1600,1594,1601,1608,1599,1598,1586,1599,1584,1613,1599,1554,1569,1675,1620,1504,1614,1663,1521,1607,1739,1469,1424,1837,1728,1314,1603,1807,1393,1609,1966,1295,1172,2124,1885,1039,1616,1983,1201,1632,2275,1087,865,2443,2059,706,1645,2151,983,1632,2568,947,605,2621,2211,576,1620,2215,951,1592,2612,1007,619,2512,2224,689,1528,2203,1143,1432,2336,1339,823,2114,2176,983,1321,2159,1567,1172,1869,1829,1147,1596,2146,1326,1011,2134,2095,885,1341,2290,1488,1140,2112,1613,787,2096,2439,727,992,2542,1699,899,2050,1775,726,1996,2536,773,872,2524,1823,893,1936,1841,843,1863,2451,947,922,2354,1861,985,1780,1863,1073,1729,2234,1181,1070,2124,1849,1142,1652,1831,1289,1616,2004,1379,1230,1905,1808,1296,1581,1779,1451,1561,1834,1494,1364,1766,1753,1419,1555,1713,1535,1569,1716,1557,1472,1678,1680,1515,1583,1636,1571,1588,1651,1584,1552,1631,1620,1577,1603,1595,1584,1612,1609,1597,1607,1589,1583,1625,1616,1573,1601,1614,1578,1613,1619,1565,1575,1631,1600,1584,1621,1622,1568,1595,1631,1595,1567,1631,1606,1584,1616,1566,1567,1635,1623,1559,1590,1623,1578,1605,1637,1561,1556,1648,1613,1555,1619,1600,1552,1629,1653,1535,1571,1657,1589,1572,1648,1587,1530,1646,1666,1535,1574,1655,1589,1563,1641,1599,1531,1635,1661,1529,1552,1665,1610,1543,1622,1623,1530,1633,1679,1534,1522,1690,1639,1503,1610,1650,1525,1602,1702,1523,1493,1702,1665,1485,1600,1666,1527,1594,1705,1532,1471,1699,1674,1488,1585,1672,1546,1582,1707,1559,1483,1673,1674,1503,1564,1677,1579,1562,1658,1596,1515,1645,1664,1520,1552,1661,1607,1535,1620,1600,1535,1584,1659,1552,1530,1661,1634,1532,1597,1641,1565,1594,1661,1565,1531,1652,1643,1545,1586,1646,1575,1586,1679,1577,1561,1646,1625,1552,1589,1627,1579,1585,1635,1584,1562,1626,1625,1573,1590,1616,1587,1591,1615,1601,1584,1607,1611,1591,1594,1600,1601,1594,1598,1611,1599,1590,1600,1604,1593,1598,1632,1586,1618,1621,1614,1578,1603,1607,1585,1605,1623,1582,1571,1631,1605,1575,1610,1600,1570,1595,1627,1568,1580,1630,1598,1589,1616,1587,1562,1627,1618,1572,1593,1617,1583,1606,1628,1574,1571,1632,1609,1577,1607,1601,1580,1605,1622,1576,1584,1613,1599,1586,1610,1590,1586,1605,1613,1587,1603,1605,1600,1597,1587,1602,1591,1600,1600,1598,1591,1600,1600,1591,1597,1602,1600,1593,1602,1600,1589,1602,1603,1575,1589,1607,1599,1585,1589,1607,1591,1593,1616,1589,1585,1607,1610,1585,1596,1601,1594,1599,1604,1591,1587,1603,1605,1605,1600,1599,1590,1650,1602,1597,1594,1589,1603,1594,1599,1600,1599,1598,1600,1600,1593,1597,1600,1595,1594,1600,1601,1591,1591,1604,1607,1595,1599,1600,1591,1600,1626,1587,1594,1615,1600,1590,1600,1598,1586,1600,1616,1582,1589,1604,1600,1589,1604,1594,1585,1613,1611,1582,1589,1615,1591,1601,1607,1597,1584,1609,1601,1588,1597,1600,1594,1600,1611
1609,1597,1575,1599,1585,1595,1599,1600,1600,1591,1593,1607,1593,1594,1602,1595,1600,1600,1598,1589,1600,1600,1600,1596,1600,1598,1600,1598,1595,1598,1598,1597,1598,1597,1587,1595,1600,1591,1590,1600,1609,1599,1594,1596,1595,1600,1608,1597,1588,1606,1633,1589,1600,1601,1597,1600,1603,1600,1594,1600,1603,1591,1592,1605,1586,1583,1617,1616,1550,1600,1664,1600,1527,1648,1626,1489,1655,1744,1425,1456,1840,1659,1360,1696,1693,1317,1732,1967,1203,1264,2129,1711,1127,1812,1779,1055,1858,2285,919,1031,2462,1770,874,1960,1871,767,1948,2597,721,806,2660,1845,741,1996,1911,689,1912,2644,783,784,2576,1890,789,1872,1978,891,1680,2384,1138,864,2225,1979,960,1552,2096,1353,1296,2032,1663,1039,1792,2170,1151,1088,2244,1903,867,1600,2143,1215,1430,2304,1315,735,2320,2309,645,1289,2443,1335,1152,2342,1453,603,2266,2468,647,1146,2469,1471,1089,2232,1575,705,2104,2414,815,1120,2343,1573,1106,1992,1680,927,1888,2242,1071,1177,2149,1686,1183,1818,1735,1168,1712,2053,1289,1254,1961,1729,1274,1679,1747,1359,1632,1881,1427,1351,1818,1715,1397,1619,1707,1469,1601,1774,1505,1455,1717,1664,1488,1611,1637,1520,1615,1686,1534,1527,1655,1610,1575,1622,1586,1552,1634,1634,1566,1594,1615,1571,1606,1641,1568,1571,1637,1601,1578,1622,1598,1562,1609,1631,1567,1584,1606,1595,1583,1580,1612,1605,1579,1593,1617,1598,1577,1614,1607,1571,1602,1637,1559,1555,1661,1616,1562,1601,1621,1550,1607,1663,1535,1530,1669,1633,1522,1610,1628,1545,1615,1678,1535,1520,1680,1631,1520,1611,1645,1554,1595,1680,1555,1505,1666,1652,1511,1595,1665,1575,1562,1659,1587,1506,1655,1680,1495,1535,1702,1601,1527,1648,1601,1490,1648,1712,1488,1500,1724,1621,1503,1645,1631,1491,1643,1719,1491,1495,1712,1631,1506,1632,1630,1514,1627,1698,1515,1521,1681,1637,1516,1617,1636,1535,1602,1671,1562,1534,1650,1648,1531,1581,1649,1583,1571,1633,1597,1535,1628,1654,1547,1554,1663,1614,1549,1614,1627,1552,1604,1659,1553,1535,1664,1633,1535,1601,1632,1557,1602,1659,1555,1535,1655,1634,1549,1600,1621,1557,1603,1651,1559,1535,1645,1626,1558,1600,1611,1573,1606,1635,1572,1568,1627,1606,1581,1604,1602,1583,1606,1617,1584,1588,1607,1597,1591,1600,1598,1595,1599,1602,1595,1598,1596,1600,1599,1600,1603,1602,1587,1615,1601,1600,1595,1606,1587,1579,1616,1607,1584,1601,1603,1584,1604,1616,1570,1572,1619,1594,1581,1631,1593,1569,1615,1626,1570,1584,1616,1597,1589,1616,1587,1575,1621,1620,1575,1597,1616,1586,1599,1616,1584,1582,1618,1610,1584,1595,1607,1593,1594,1605,1599,1589,1603,1606,1589,1593,1606,1618,1587,1600,1600,1610,1598,1623,1587,1595,1614,1612,1584,1590,1603,1585,1584,1601,1603,1584,1600,1612,1582,1586,1613,1603,1587,1594,1601,1578,1602,1603,1580,1585,1613,1610,1591,1575,1594,1584,1600,1610,1587,1596,1603,1593,1597,1603,1584,1591,1606,1602,1584,1599,1589,1599,1598,1600,1587,1595,1600,1599,1595,1599,1595,1611,1594,1599,1600,1600,1594,1598,1602,1596,1595,1600,1595,1603,1604,1581,1595,1602,1602,1581,1598,1610,1590,1584,1605,1602,1586,1600,1600,1589,1601,1612,1587,1591,1600,1597,1595,1601,1596,1586,1600,1604
1599,1600,1599,1601,1600,1599,1598,1558,1616,1600,1583,1584,1595,1599,1600,1614,1599,1584,1613,1595,1584,1600,1587,1600,1589,1610,1603,1584,1607,1598,1584,1597,1583,1601,1597,1609,1583,1587,1610,1592,1584,1594,1600,1600,1598,1607,1605,1600,1591,1600,1603,1591,1593,1616,1598,1589,1599,1600,1590,1590,1603,1580,1590,1612,1611,1581,1594,1626,1581,1551,1655,1651,1489,1561,1715,1581,1509,1703,1579,1407,1772,1808,1294,1454,1930,1567,1377,1857,1551,1151,1961,2073,991,1318,2214,1531,1232,2080,1495,814,2204,2361,671,1152,2496,1483,1084,2272,1489,599,2292,2559,567,1064,2550,1503,1058,2268,1535,615,2170,2496,751,1060,2405,1635,1032,2000,1743,951,1776,2256,1199,1075,2110,1887,1060,1524,2063,1439,1260,1947,1711,1075,1782,2214,1087,1020,2334,1931,839,1659,2101,1093,1552,2416,1107,711,2448,2202,656,1468,2267,1127,1418,2424,1223,669,2352,2273,731,1380,2247,1297,1356,2256,1375,816,2130,2204,939,1328,2112,1471,1328,2004,1611,1067,1888,2063,1171,1329,1984,1615,1345,1792,1655,1282,1716,1915,1362,1379,1849,1666,1397,1666,1683,1424,1631,1764,1472,1429,1751,1674,1470,1619,1659,1501,1610,1713,1531,1499,1691,1639,1531,1616,1619,1543,1619,1664,1546,1553,1642,1598,1583,1620,1583,1563,1616,1620,1566,1592,1614,1593,1600,1623,1583,1572,1617,1606,1579,1594,1615,1584,1585,1616,1633,1599,1585,1607,1607,1569,1599,1641,1559,1558,1649,1611,1552,1615,1616,1552,1616,1661,1535,1549,1663,1616,1549,1625,1613,1533,1620,1664,1535,1552,1658,1603,1558,1626,1604,1547,1626,1648,1562,1564,1641,1607,1534,1607,1622,1573,1589,1634,1587,1559,1618,1641,1552,1570,1670,1607,1565,1625,1615,1531,1630,1671,1521,1529,1693,1621,1520,1632,1630,1509,1636,1698,1504,1515,1710,1639,1509,1628,1628,1510,1635,1711,1509,1509,1703,1627,1520,1630,1631,1511,1627,1688,1526,1519,1680,1632,1522,1614,1641,1549,1601,1665,1563,1535,1649,1642,1554,1585,1646,1579,1575,1641,1595,1547,1629,1648,1552,1567,1651,1600,1560,1626,1607,1552,1621,1646,1554,1545,1648,1617,1556,1614,1616,1571,1610,1648,1561,1563,1638,1618,1569,1603,1616,1569,1611,1638,1573,1572,1616,1614,1569,1600,1616,1584,1596,1621,1603,1579,1616,1610,1580,1591,1616,1597,1593,1603,1601,1584,1600,1601,1585,1584,1619,1615,1575,1614,1614,1591,1600,1627,1582,1574,1630,1600,1570,1600,1615,1571,1607,1636,1567,1568,1633,1606,1568,1615,1610,1565,1581,1633,1556,1581,1630,1600,1578,1618,1591,1569,1621,1621,1577,1585,1616,1589,1594,1619,1587,1573,1615,1611,1579,1600,1606,1591,1600,1606,1595,1586,1606,1600,1589,1594,1602,1594,1595,1601,1608,1595,1616,1605,1594,1585,1596,1602,1590,1598,1604,1584,1602,1615,1575,1591,1600,1605,1584,1582,1616,1600,1586,1606,1601,1585,1607,1613,1584,1589,1617,1600,1603,1603,1600,1589,1586,1606,1569,1594,1603,1597,1584,1606,1599,1589,1600,1598,1600,1600,1600,1599,1598,1593,1600,1600,1594,1580,1601,1595,1597,1600,1597,1600,1602,1611,1589,1599,1606,1601,1600,1598,1599,1587,1606,1608,1585,1598,1605,1594,1596,1606,1597,1585,1607,1605,1584,1597,1616,1593,1599,1614,1591,1587,1607,1598,1592,1598,1603,1590,1600,1607,1593,1597,1607,1601,1598,1603
1597,1600,1599,1599,1595,1592,1600,1571,1611,1587,1589,1586,1589,1593,1595,1611,1594,1589,1605,1595,1589,1602,1587,1602,1594,1601,1598,1593,1593,1591,1595,1595,1597,1596,1571,1600,1601,1587,1605,1588,1591,1594,1594,1598,1600,1600,1601,1602,1594,1597,1600,1593,1597,1613,1596,1591,1600,1600,1595,1592,1600,1600,1584,1599,1607,1584,1555,1625,1586,1535,1657,1653,1506,1547,1730,1595,1488,1687,1601,1407,1742,1826,1295,1411,1952,1616,1323,1814,1618,1153,1906,2106,1003,1219,2256,1627,1125,2002,1615,839,2112,2416,690,1036,2558,1643,944,2160,1649,595,2186,2589,593,913,2624,1655,916,2154,1693,643,2052,2553,783,940,2421,1765,977,1893,1830,995,1678,2258,1247,1019,2096,1958,1061,1447,2103,1520,1189,1890,1797,1104,1691,2224,1147,960,2312,2029,785,1548,2199,1175,1424,2382,1215,669,2404,2319,625,1360,2364,1267,1293,2372,1323,643,2304,2356,703,1269,2317,1391,1258,2224,1455,803,2090,2255,901,1264,2171,1519,1296,1986,1578,1058,1878,2085,1169,1313,1987,1626,1339,1793,1651,1281,1712,1909,1364,1387,1839,1669,1405,1620,1674,1423,1624,1790,1483,1435,1733,1678,1472,1602,1665,1520,1592,1693,1554,1500,1664,1654,1523,1584,1645,1573,1569,1639,1570,1552,1612,1634,1535,1574,1623,1610,1565,1598,1619,1589,1581,1622,1591,1559,1619,1636,1553,1571,1642,1593,1573,1628,1638,1549,1584,1634,1577,1548,1646,1627,1552,1599,1614,1558,1616,1657,1535,1560,1655,1566,1573,1651,1582,1523,1666,1648,1520,1583,1648,1555,1590,1674,1551,1509,1681,1646,1504,1600,1635,1531,1608,1682,1535,1509,1679,1644,1514,1603,1658,1547,1602,1681,1563,1511,1667,1659,1508,1583,1666,1571,1565,1664,1584,1503,1661,1679,1494,1544,1692,1599,1522,1650,1601,1491,1652,1665,1488,1525,1702,1601,1512,1653,1615,1495,1648,1707,1500,1511,1697,1617,1519,1633,1622,1511,1625,1690,1530,1520,1670,1627,1513,1610,1631,1549,1617,1664,1561,1523,1648,1635,1535,1585,1643,1581,1572,1636,1591,1533,1623,1648,1550,1567,1648,1612,1552,1611,1614,1553,1601,1630,1557,1552,1646,1616,1545,1602,1621,1563,1601,1647,1563,1552,1642,1617,1553,1591,1619,1571,1600,1632,1580,1565,1634,1616,1574,1589,1616,1582,1589,1616,1589,1578,1603,1615,1579,1589,1609,1602,1583,1598,1611,1591,1589,1609,1589,1567,1611,1614,1574,1584,1616,1591,1584,1611,1593,1570,1616,1620,1570,1587,1616,1584,1591,1616,1600,1572,1613,1614,1575,1600,1601,1581,1605,1618,1581,1584,1616,1597,1587,1613,1585,1573,1616,1606,1584,1574,1602,1590,1602,1614,1579,1582,1613,1600,1584,1607,1598,1583,1605,1611,1584,1586,1616,1595,1595,1600,1600,1585,1601,1603,1593,1584,1603,1600,1584,1594,1606,1597,1588,1601,1600,1582,1607,1616,1579,1584,1616,1601,1582,1581,1618,1597,1576,1612,1599,1575,1608,1616,1578,1581,1617,1597,1591,1607,1598,1579,1600,1616,1581,1586,1611,1600,1585,1605,1597,1584,1600,1604,1584,1598,1601,1598,1590,1598,1600,1591,1595,1600,1599,1585,1599,1605,1587,1558,1606,1600,1585,1595,1601,1593,1597,1610,1594,1583,1609,1603,1584,1597,1625,1587,1597,1613,1597,1582,1615,1608,1571,1598,1606,1591,1600,1613,1586,1578,1614,1601,1585,1597,1603,1591,1601,1606,1584,1584,1605,1601,1589,1600
1600,1599,1582,1608,1610,1596,1594,1599,1596,1587,1607,1602,1590,1596,1605,1597,1600,1601,1600,1589,1607,1601,1591,1596,1599,1598,1600,1602,1590,1591,1605,1603,1585,1600,1609,1600,1596,1597,1597,1589,1599,1609,1587,1597,1613,1600,1596,1604,1603,1615,1590,1587,1602,1599,1593,1600,1600,1578,1601,1611,1587,1577,1625,1616,1549,1584,1660,1588,1542,1643,1605,1489,1667,1733,1398,1471,1840,1622,1392,1722,1639,1303,1786,1968,1169,1296,2116,1659,1190,1869,1669,1015,1960,2278,855,1104,2437,1669,976,2060,1687,703,2128,2594,594,873,2694,1715,803,2156,1747,565,2140,2722,595,801,2673,1775,816,2064,1831,691,1920,2566,882,849,2414,1903,967,1729,1986,1137,1502,2201,1411,978,1980,2102,1045,1255,2222,1714,993,1772,2003,1126,1532,2320,1199,779,2384,2256,625,1360,2411,1239,1237,2428,1321,535,2420,2517,531,1152,2578,1375,1102,2376,1447,547,2296,2529,619,1092,2478,1503,1131,2196,1585,731,2080,2384,875,1124,2277,1623,1168,1960,1663,1015,1848,2176,1151,1216,2057,1691,1264,1744,1713,1271,1682,1952,1361,1325,1869,1719,1379,1639,1703,1437,1606,1793,1494,1425,1725,1682,1477,1593,1658,1535,1599,1680,1557,1523,1648,1643,1566,1588,1613,1584,1589,1614,1598,1583,1598,1602,1601,1599,1600,1603,1591,1590,1614,1610,1580,1590,1609,1600,1596,1611,1587,1577,1611,1600,1584,1600,1601,1594,1606,1616,1569,1584,1627,1599,1584,1629,1586,1548,1642,1648,1525,1581,1657,1586,1574,1659,1567,1520,1680,1670,1494,1571,1673,1566,1572,1677,1563,1488,1680,1680,1488,1566,1693,1572,1555,1680,1577,1488,1674,1699,1485,1545,1705,1590,1520,1666,1602,1476,1662,1713,1473,1497,1738,1631,1485,1658,1631,1469,1648,1748,1463,1472,1755,1627,1461,1651,1649,1456,1648,1780,1461,1459,1760,1648,1462,1645,1648,1467,1648,1746,1473,1471,1739,1648,1488,1636,1651,1489,1627,1723,1484,1488,1697,1648,1504,1606,1648,1535,1595,1674,1561,1517,1651,1647,1529,1580,1647,1579,1567,1638,1600,1532,1620,1634,1552,1551,1648,1614,1549,1587,1626,1559,1602,1648,1562,1547,1653,1633,1516,1593,1634,1568,1594,1648,1566,1545,1652,1632,1547,1591,1631,1575,1585,1644,1583,1550,1632,1629,1556,1585,1625,1588,1585,1623,1593,1546,1616,1633,1567,1583,1629,1594,1570,1657,1603,1571,1607,1634,1567,1567,1635,1609,1561,1606,1615,1559,1611,1642,1565,1552,1648,1616,1552,1605,1609,1554,1633,1652,1533,1553,1658,1614,1551,1619,1604,1547,1627,1651,1535,1554,1649,1598,1563,1628,1591,1533,1627,1648,1549,1571,1635,1594,1583,1635,1587,1556,1629,1618,1563,1584,1617,1590,1589,1619,1588,1570,1615,1619,1581,1585,1616,1599,1573,1604,1601,1583,1601,1616,1584,1584,1616,1605,1583,1598,1607,1584,1597,1616,1584,1579,1648,1613,1591,1578,1637,1613,1581,1595,1606,1590,1614,1615,1605,1581,1573,1613,1582,1590,1621,1595,1590,1600,1600,1589,1597,1613,1590,1589,1610,1603,1584,1598,1606,1590,1595,1610,1593,1573,1610,1601,1574,1593,1617,1599,1593,1607,1587,1579,1616,1613,1571,1590,1616,1590,1590,1616,1584,1570,1621,1617,1569,1595,1595,1584,1595,1618,1583,1573,1620,1616,1573,1600,1609,1583,1599,1616,1584,1584,1616,1601,1584,1602,1600,1584,1605,1616,1585,1559,1610,1600
1598,1598,1598,1581,1600,1582,1615,1595,1583,1603,1594,1599,1602,1611,1600,1582,1616,1591,1584,1599,1600,1600,1581,1606,1607,1583,1607,1596,1587,1598,1599,1600,1595,1610,1599,1585,1605,1590,1584,1599,1599,1599,1598,1614,1610,1608,1589,1597,1602,1599,1593,1606,1599,1575,1591,1602,1591,1596,1600,1600,1584,1602,1610,1581,1589,1629,1559,1552,1653,1648,1526,1562,1711,1575,1514,1710,1551,1407,1774,1808,1285,1457,1927,1552,1392,1868,1527,1141,1974,2064,981,1335,2205,1489,1256,2112,1461,815,2229,2325,653,1180,2480,1443,1113,2304,1447,567,2322,2538,559,1091,2525,1457,1088,2296,1499,619,2192,2473,759,1101,2320,1599,1091,2000,1716,975,1768,2217,1232,1111,2057,1883,1100,1491,2078,1501,1200,1885,1789,1081,1718,2264,1091,947,2384,2034,739,1588,2201,1091,1493,2448,1099,606,2521,2311,549,1424,2366,1135,1372,2502,1191,563,2434,2363,627,1352,2322,1263,1330,2340,1343,731,2208,2261,868,1326,2176,1438,1328,2081,1510,982,1936,2083,1145,1343,1987,1583,1360,1816,1638,1267,1724,1904,1379,1385,1824,1671,1413,1637,1687,1463,1592,1758,1531,1451,1698,1695,1484,1552,1686,1584,1547,1649,1631,1519,1610,1680,1565,1518,1676,1647,1513,1584,1669,1571,1563,1661,1587,1507,1652,1680,1506,1549,1697,1598,1546,1652,1595,1509,1653,1687,1504,1552,1677,1597,1562,1666,1563,1507,1584,1655,1546,1507,1681,1645,1520,1613,1615,1517,1645,1686,1497,1517,1694,1593,1535,1645,1575,1472,1691,1699,1472,1561,1703,1550,1562,1700,1550,1457,1711,1702,1456,1563,1699,1543,1554,1713,1549,1455,1712,1711,1437,1552,1722,1559,1535,1712,1563,1440,1710,1731,1435,1520,1745,1583,1502,1712,1586,1427,1712,1762,1422,1505,1763,1591,1493,1712,1589,1429,1706,1765,1424,1496,1748,1591,1502,1698,1587,1441,1687,1733,1461,1520,1712,1590,1527,1671,1615,1488,1659,1687,1511,1551,1665,1601,1554,1625,1617,1551,1600,1642,1580,1563,1618,1624,1568,1580,1637,1610,1552,1600,1636,1569,1587,1650,1570,1523,1654,1653,1511,1578,1663,1573,1575,1669,1565,1495,1669,1668,1488,1569,1675,1563,1586,1679,1569,1494,1677,1670,1494,1569,1678,1562,1578,1667,1551,1503,1657,1667,1513,1571,1655,1574,1573,1654,1581,1525,1629,1648,1531,1570,1648,1590,1568,1645,1595,1535,1621,1655,1552,1575,1648,1601,1562,1635,1613,1551,1616,1648,1550,1556,1650,1613,1557,1614,1611,1552,1609,1648,1523,1555,1641,1607,1568,1620,1593,1550,1633,1644,1552,1563,1642,1594,1571,1627,1590,1554,1620,1634,1565,1582,1625,1588,1584,1616,1590,1573,1609,1629,1582,1586,1613,1595,1585,1627,1605,1584,1599,1603,1589,1584,1605,1609,1579,1594,1616,1597,1582,1606,1584,1569,1618,1616,1563,1583,1616,1594,1587,1616,1591,1569,1616,1619,1564,1587,1617,1618,1569,1586,1616,1584,1584,1617,1600,1571,1621,1615,1616,1591,1615,1590,1595,1611,1593,1570,1605,1613,1578,1589,1609,1594,1587,1600,1599,1579,1598,1610,1585,1584,1607,1613,1583,1579,1607,1585,1594,1603,1589,1584,1607,1613,1581,1587,1611,1593,1585,1610,1593,1582,1603,1615,1578,1590,1611,1597,1586,1600,1598,1579,1609,1611,1583,1585,1605,1591,1588,1581,1594,1564,1603,1606,1590,1589,1601,1598,1590,1598,1600,1591,1597,1600,1595,1591,1600,1601
1598,1595,1611,1598,1600,1600,1604,1579,1596,1603,1583,1597,1600,1600,1600,1589,1599,1587,1601,1605,1585,1597,1601,1600,1597,1597,1597,1603,1600,1616,1588,1581,1600,1599,1600,1598,1594,1585,1595,1600,1584,1596,1608,1600,1596,1600,1606,1606,1602,1593,1601,1597,1611,1600,1591,1594,1584,1603,1611,1586,1605,1600,1584,1598,1614,1593,1577,1616,1601,1558,1618,1663,1519,1525,1716,1647,1465,1626,1673,1463,1648,1806,1370,1374,1915,1719,1262,1673,1769,1294,1710,2054,1183,1153,2226,1819,1040,1729,1872,1075,1776,2333,966,912,2444,1927,826,1779,1955,915,1792,2480,911,806,2481,1955,822,1776,1961,946,1728,2420,1063,886,2292,1957,979,1634,1953,1247,1532,2112,1407,1150,1920,1965,1207,1402,1968,1623,1260,1722,1831,1331,1514,1974,1435,1137,1968,2002,1042,1362,2127,1519,1258,1986,1591,975,1968,2224,945,1184,2252,1631,1152,1958,1651,963,1920,2241,1007,1163,2201,1679,1178,1886,1687,1071,1826,2128,1153,1200,2063,1683,1259,1771,1698,1235,1728,1986,1309,1310,1909,1697,1354,1680,1699,1379,1663,1844,1438,1392,1778,1687,1431,1623,1675,1479,1606,1744,1515,1461,1710,1665,1489,1596,1649,1550,1591,1680,1552,1520,1655,1641,1535,1587,1627,1567,1597,1627,1581,1551,1632,1647,1569,1584,1612,1583,1598,1617,1581,1573,1616,1616,1568,1593,1616,1586,1585,1618,1616,1565,1617,1626,1586,1586,1631,1623,1535,1583,1639,1585,1579,1643,1581,1530,1648,1650,1523,1581,1630,1570,1588,1661,1562,1524,1663,1649,1517,1589,1645,1561,1589,1662,1554,1527,1654,1647,1535,1627,1626,1555,1600,1659,1559,1532,1635,1616,1569,1602,1607,1568,1603,1621,1586,1581,1616,1600,1605,1598,1599,1598,1595,1591,1607,1599,1584,1598,1599,1584,1579,1615,1602,1579,1585,1614,1572,1597,1619,1584,1598,1618,1584,1570,1620,1620,1568,1589,1620,1593,1584,1613,1598,1574,1613,1626,1570,1584,1633,1580,1571,1607,1613,1559,1606,1629,1576,1559,1639,1616,1564,1599,1621,1565,1600,1648,1569,1549,1651,1629,1535,1600,1655,1568,1598,1652,1548,1543,1651,1631,1549,1600,1632,1557,1600,1657,1561,1546,1650,1626,1552,1601,1625,1565,1609,1642,1566,1557,1639,1582,1562,1591,1618,1571,1606,1617,1571,1570,1621,1615,1575,1601,1610,1584,1600,1617,1595,1575,1616,1606,1579,1589,1601,1596,1593,1602,1606,1584,1600,1616,1584,1584,1609,1614,1584,1600,1603,1590,1599,1616,1582,1585,1616,1610,1584,1601,1600,1585,1604,1584,1587,1587,1614,1597,1597,1590,1600,1590,1606,1600,1597,1600,1595,1593,1600,1600,1586,1600,1600,1589,1603,1605,1590,1595,1605,1597,1593,1610,1593,1587,1611,1605,1581,1600,1606,1594,1600,1614,1585,1565,1615,1597,1589,1600,1602,1570,1601,1606,1597,1588,1606,1597,1593,1600,1602,1594,1600,1604,1581,1594,1600,1605,1597,1595,1601,1601,1595,1591,1603,1601,1593,1600,1600,1598,1600,1610,1591,1598,1609,1596,1596,1600,1598,1585,1610,1611,1588,1597,1617,1594,1595,1600,1597,1589,1600,1603,1600,1596,1587,1599,1599,1606,1599,1588,1605,1604,1589,1602,1600,1591,1605,1611,1589,1591,1610,1599,1595,1602,1598,1589,1601,1587,1593,1606,1605,1601,1600,1605,1595,1616,1607,1600,1590,1601,1598,1591,1607,1604,1593,1597,1601,1599,1599,1600,1600,1590,1611,1599,1599,1606
1598,1599,1597,1600,1594,1596,1602,1581,1603,1594,1591,1598,1584,1598,1600,1606,1600,1583,1603,1590,1581,1596,1588,1600,1598,1600,1601,1584,1601,1595,1581,1600,1593,1609,1598,1599,1600,1584,1600,1614,1584,1600,1600,1605,1598,1601,1602,1602,1595,1599,1600,1590,1595,1601,1598,1591,1596,1605,1595,1598,1606,1600,1585,1597,1613,1584,1587,1631,1579,1552,1653,1653,1481,1565,1729,1600,1491,1696,1588,1424,1764,1837,1273,1421,1968,1607,1335,1867,1585,1118,1952,2126,955,1233,2282,1575,1152,2077,1552,771,2196,2446,610,1059,2593,1535,994,2272,1535,543,2304,2652,533,960,2646,1553,978,2272,1583,575,2178,2559,710,1009,2423,1647,1059,2008,1734,935,1794,2228,1201,1118,2050,1855,1155,1548,1986,1495,1264,1834,1791,1200,1636,2149,1251,1017,2228,2032,831,1472,2219,1279,1348,2306,1303,702,2322,2347,641,1272,2401,1351,1224,2318,1393,656,2252,2397,704,1204,2362,1447,1193,2188,1507,798,2084,2303,912,1206,2214,1563,1238,1965,1612,1037,1878,2122,1149,1281,2025,1643,1312,1801,1654,1249,1738,1938,1328,1363,1866,1653,1408,1706,1647,1392,1678,1808,1434,1451,1773,1627,1495,1669,1613,1459,1680,1713,1487,1530,1686,1582,1570,1669,1563,1502,1679,1658,1511,1591,1643,1550,1611,1669,1535,1520,1679,1621,1527,1600,1616,1531,1627,1691,1530,1545,1664,1615,1546,1622,1616,1545,1549,1655,1619,1553,1600,1655,1561,1549,1650,1630,1545,1594,1639,1570,1588,1644,1571,1543,1649,1640,1532,1586,1689,1577,1556,1648,1574,1535,1642,1633,1552,1590,1603,1578,1616,1632,1547,1569,1584,1600,1597,1604,1584,1594,1605,1586,1604,1621,1559,1568,1648,1600,1553,1634,1591,1521,1657,1680,1488,1552,1703,1587,1548,1721,1571,1463,1703,1713,1441,1547,1729,1552,1545,1721,1546,1433,1730,1725,1449,1552,1714,1534,1606,1728,1535,1437,1728,1714,1427,1559,1710,1547,1563,1712,1550,1456,1696,1693,1472,1561,1685,1563,1555,1680,1574,1494,1667,1685,1497,1552,1680,1586,1551,1653,1587,1509,1647,1677,1517,1552,1669,1596,1552,1643,1601,1522,1634,1663,1529,1555,1656,1599,1553,1634,1600,1535,1633,1648,1551,1567,1634,1591,1581,1618,1589,1561,1618,1621,1570,1587,1614,1586,1598,1615,1587,1585,1606,1600,1589,1601,1591,1587,1610,1603,1587,1590,1594,1577,1616,1616,1578,1584,1620,1583,1597,1626,1583,1567,1632,1616,1567,1603,1587,1567,1616,1636,1550,1566,1632,1603,1570,1616,1598,1563,1617,1633,1565,1581,1622,1589,1585,1618,1587,1564,1618,1617,1571,1595,1614,1587,1596,1615,1590,1575,1613,1607,1584,1598,1592,1590,1591,1610,1599,1584,1601,1609,1584,1595,1600,1600,1587,1601,1603,1586,1600,1611,1580,1585,1629,1600,1587,1605,1595,1579,1611,1611,1578,1588,1616,1594,1589,1610,1591,1584,1615,1617,1586,1574,1616,1609,1584,1599,1607,1584,1599,1613,1587,1583,1611,1601,1584,1604,1597,1584,1603,1611,1589,1594,1602,1575,1600,1607,1594,1603,1600,1600,1596,1606,1597,1595,1596,1599,1597,1600,1598,1595,1610,1600,1595,1594,1589,1595,1598,1599,1600,1587,1595,1602,1591,1597,1611,1597,1598,1603,1589,1589,1605,1600,1588,1600,1597,1593,1602,1585,1591,1599,1600,1647,1600,1623,1591,1585,1603,1604,1585,1600,1599,1591,1601,1600,1597,1594,1591,1600,1600,1600
1604,1600,1587,1598,1595,1570,1603,1407,1578,1600,1413,1598,1599,1611,1588,1579,1604,1403,1578,1600,1405,1599,1595,1605,1597,1578,1604,1407,1578,1597,1408,1599,1596,1601,1600,1578,1606,1407,1577,1600,1417,1600,1584,1601,1616,1600,1584,1600,1601,1593,1617,1603,1601,1600,1600,1600,1594,1593,1603,1595,1591,1600,1611,1565,1595,1623,1578,1552,1658,1643,1488,1573,1711,1567,1523,1711,1552,1411,1782,1797,1292,1488,1906,1532,1416,1881,1498,1142,1992,2033,990,1360,2169,1461,1300,2120,1415,827,2248,2307,671,1232,2446,1391,1190,2324,1399,583,2348,2490,603,1154,2485,1407,1133,2316,1459,625,2212,2443,752,1126,2364,1575,1105,2028,1715,943,1800,2240,1169,1091,2128,1887,1041,1551,2081,1399,1264,2000,1651,983,1880,2265,973,1013,2406,1855,832,1780,2007,943,1712,2512,943,704,2576,2119,609,1650,2160,965,1600,2558,1015,635,2496,2183,687,1561,2173,1089,1520,2418,1169,755,2304,2144,861,1490,2095,1263,1472,2192,1350,961,2072,2033,1079,1460,1975,1411,1453,1970,1487,1170,1872,1922,1264,1450,1867,1535,1459,1789,1575,1338,1728,1821,1373,1466,1776,1606,1482,1686,1627,1443,1660,1744,1477,1488,1723,1631,1495,1631,1642,1505,1613,1699,1526,1494,1690,1655,1494,1590,1664,1552,1582,1680,1552,1490,1682,1677,1482,1573,1686,1559,1569,1691,1535,1471,1715,1700,1465,1556,1726,1535,1440,1563,1712,1525,1574,1741,1507,1426,1760,1693,1425,1591,1699,1489,1607,1762,1471,1423,1773,1687,1435,1618,1671,1471,1631,1763,1451,1451,1753,1663,1472,1632,1667,1477,1613,1732,1502,1479,1712,1647,1490,1615,1649,1524,1590,1692,1551,1498,1674,1664,1502,1570,1680,1567,1548,1658,1598,1502,1651,1710,1495,1533,1697,1614,1518,1645,1618,1498,1642,1702,1499,1511,1680,1627,1515,1633,1621,1509,1629,1703,1535,1520,1658,1629,1535,1617,1636,1533,1601,1670,1549,1531,1659,1642,1527,1584,1645,1577,1578,1638,1590,1534,1630,1659,1535,1553,1669,1584,1535,1633,1621,1534,1617,1675,1534,1520,1680,1630,1515,1616,1640,1523,1607,1685,1520,1507,1738,1642,1506,1616,1649,1520,1600,1696,1523,1510,1685,1642,1518,1614,1631,1525,1616,1680,1531,1519,1675,1625,1533,1615,1621,1535,1614,1683,1549,1546,1652,1617,1552,1593,1616,1555,1611,1643,1569,1558,1637,1613,1569,1600,1610,1579,1597,1629,1584,1572,1617,1616,1568,1594,1606,1591,1591,1616,1590,1575,1616,1615,1570,1590,1613,1584,1594,1611,1586,1570,1616,1603,1583,1597,1609,1584,1600,1613,1585,1585,1605,1606,1584,1607,1598,1586,1601,1602,1595,1591,1595,1597,1598,1601,1615,1598,1600,1587,1613,1601,1590,1599,1591,1589,1600,1611,1585,1584,1616,1600,1584,1601,1599,1576,1613,1614,1577,1587,1616,1598,1585,1616,1587,1569,1617,1616,1575,1596,1616,1610,1583,1598,1598,1584,1600,1616,1583,1582,1616,1603,1584,1602,1600,1584,1600,1610,1590,1581,1607,1600,1588,1657,1600,1587,1600,1617,1597,1597,1603,1603,1591,1594,1603,1590,1597,1603,1599,1588,1602,1600,1588,1591,1611,1600,1594,1602,1623,1586,1600,1607,1575,1595,1601,1598,1587,1600,1595,1590,1605,1611,1584,1588,1606,1595,1595,1615,1593,1599,1603,1613,1587,1599,1598,1597,1591,1611,1586,1584,1601,1602,1588,1595,1597,1594,1599,1602,1594,1593
1598,1599,1594,1610,1596,1595,1599,1582,1605,1594,1576,1602,1589,1601,1598,1612,1599,1585,1667,1597,1586,1598,1595,1597,1600,1602,1600,1582,1605,1597,1585,1597,1597,1600,1595,1623,1601,1586,1607,1600,1584,1586,1600,1602,1597,1605,1604,1618,1586,1607,1600,1600,1593,1620,1598,1589,1599,1603,1593,1595,1606,1598,1587,1600,1611,1584,1604,1621,1581,1552,1665,1648,1479,1558,1712,1571,1506,1701,1566,1407,1773,1812,1283,1441,1936,1564,1366,1864,1552,1137,1963,2090,969,1296,2231,1527,1216,2076,1494,783,2208,2368,645,1136,2518,1485,1068,2284,1487,559,2306,2579,547,1044,2576,1495,1050,2276,1531,595,2192,2509,735,1065,2392,1615,1088,2004,1738,946,1792,2230,1199,1111,2064,1857,1123,1535,2018,1471,1260,1889,1754,1143,1706,2170,1167,1013,2285,1977,832,1558,2171,1179,1448,2376,1215,687,2384,2294,635,1356,2355,1271,1287,2360,1343,641,2296,2379,700,1258,2356,1419,1234,2216,1493,781,2096,2329,883,1172,2264,1587,1174,1970,1655,999,1868,2189,1106,1189,2112,1703,1217,1780,1734,1203,1724,2032,1283,1261,1959,1761,1305,1681,1718,1360,1654,1897,1392,1358,1835,1695,1413,1652,1662,1429,1653,1764,1459,1466,1730,1623,1513,1658,1599,1481,1666,1689,1499,1552,1663,1571,1589,1651,1552,1519,1659,1623,1550,1612,1603,1579,1618,1648,1549,1573,1637,1589,1585,1646,1575,1559,1616,1597,1575,1569,1628,1610,1581,1604,1594,1573,1616,1616,1580,1590,1608,1586,1600,1599,1580,1571,1617,1585,1582,1603,1600,1571,1613,1623,1567,1583,1630,1594,1584,1621,1594,1555,1627,1641,1535,1581,1649,1584,1578,1648,1580,1520,1653,1661,1501,1578,1692,1561,1578,1684,1547,1479,1706,1681,1466,1584,1689,1522,1584,1721,1520,1456,1728,1683,1456,1599,1680,1511,1600,1728,1506,1461,1722,1733,1466,1606,1663,1510,1599,1715,1519,1485,1698,1655,1495,1602,1648,1529,1596,1677,1562,1520,1665,1638,1546,1590,1648,1573,1588,1639,1588,1553,1607,1632,1567,1574,1627,1601,1570,1610,1611,1575,1590,1639,1584,1563,1629,1627,1559,1581,1633,1584,1586,1612,1587,1557,1625,1633,1557,1584,1629,1583,1581,1623,1587,1563,1619,1623,1571,1584,1585,1589,1546,1617,1590,1573,1623,1619,1582,1585,1615,1598,1585,1606,1600,1585,1601,1610,1597,1584,1603,1600,1584,1597,1611,1591,1591,1607,1599,1580,1612,1611,1579,1584,1615,1591,1600,1616,1586,1572,1619,1618,1558,1586,1616,1586,1615,1617,1571,1573,1632,1615,1595,1603,1616,1581,1602,1618,1574,1584,1617,1600,1585,1613,1596,1582,1614,1612,1584,1593,1611,1589,1600,1606,1589,1584,1606,1606,1590,1600,1598,1602,1599,1601,1591,1598,1598,1597,1598,1598,1596,1600,1597,1597,1600,1603,1589,1601,1600,1595,1600,1610,1587,1591,1602,1601,1591,1603,1593,1585,1607,1611,1597,1584,1604,1609,1584,1599,1606,1594,1617,1605,1607,1587,1600,1605,1594,1600,1589,1596,1598,1607,1591,1596,1601,1600,1597,1591,1600,1598,1598,1597,1602,1600,1597,1598,1600,1603,1600,1610,1596,1600,1606,1600,1590,1600,1600,1593,1601,1607,1591,1587,1612,1601,1590,1605,1597,1591,1603,1613,1578,1587,1612,1600,1600,1607,1589,1584,1597,1611,1586,1593,1603,1597,1599,1610,1595,1586,1607,1599,1590,1599,1602,1591,1597,1607,1590,1595,1602,1583,1600,1607
1600,1595,1601,1591,1584,1598,1600,1595,1599,1601,1593,1586,1600,1600,1583,1599,1599,1597,1606,1600,1598,1589,1600,1600,1594,1595,1600,1594,1594,1600,1598,1590,1600,1599,1593,1594,1602,1584,1592,1599,1600,1589,1598,1601,1609,1596,1591,1604,1598,1596,1599,1611,1595,1591,1601,1623,1593,1561,1600,1591,1597,1605,1584,1584,1616,1614,1547,1579,1662,1594,1521,1636,1616,1493,1689,1731,1482,1456,1836,1648,1375,1693,1686,1325,1741,1970,1200,1248,2125,1727,1135,1801,1759,1067,1872,2288,903,1008,2452,1791,882,1914,1839,787,1968,2596,710,789,2652,1867,764,1972,1875,703,1948,2640,767,778,2558,1894,822,1862,1933,907,1728,2406,1119,910,2204,1979,1003,1544,2045,1371,1333,2000,1647,1087,1770,2131,1181,1105,2202,1923,905,1552,2154,1271,1378,2247,1331,742,2304,2321,656,1242,2432,1397,1156,2304,1454,623,2260,2480,647,1112,2464,1503,1099,2192,1565,715,2112,2418,798,1100,2342,1627,1121,2002,1683,935,1891,2256,1062,1147,2156,1709,1189,1792,1740,1179,1712,2064,1286,1232,1968,1767,1279,1661,1759,1351,1613,1870,1435,1329,1830,1749,1375,1584,1735,1482,1575,1774,1503,1418,1733,1703,1463,1569,1695,1533,1584,1702,1552,1481,1679,1678,1503,1574,1662,1569,1570,1664,1582,1533,1643,1650,1535,1551,1655,1597,1564,1619,1606,1547,1616,1653,1547,1551,1660,1617,1532,1613,1693,1545,1547,1616,1619,1531,1609,1680,1525,1520,1684,1616,1521,1625,1631,1493,1621,1679,1521,1520,1680,1619,1523,1615,1621,1533,1612,1669,1555,1530,1653,1622,1552,1600,1643,1557,1584,1649,1575,1533,1648,1651,1521,1568,1670,1587,1555,1653,1593,1505,1661,1681,1488,1534,1701,1589,1530,1674,1585,1474,1680,1712,1463,1543,1712,1576,1548,1696,1567,1457,1694,1707,1469,1552,1697,1519,1571,1700,1554,1472,1685,1681,1489,1583,1668,1553,1588,1680,1555,1506,1664,1650,1520,1591,1633,1567,1591,1647,1576,1552,1637,1625,1570,1585,1618,1590,1585,1615,1601,1575,1600,1616,1594,1579,1617,1612,1579,1588,1616,1585,1583,1614,1600,1578,1615,1632,1570,1582,1628,1600,1581,1615,1603,1569,1610,1629,1574,1577,1631,1601,1577,1603,1610,1579,1619,1621,1578,1579,1619,1613,1575,1597,1616,1588,1591,1616,1595,1573,1621,1616,1573,1584,1626,1600,1579,1627,1602,1569,1615,1632,1564,1574,1635,1605,1574,1611,1600,1561,1622,1643,1567,1572,1643,1603,1571,1620,1595,1558,1627,1635,1568,1578,1648,1596,1583,1625,1571,1565,1671,1618,1626,1587,1674,1585,1600,1623,1584,1579,1615,1616,1588,1599,1600,1585,1602,1613,1591,1595,1603,1599,1598,1600,1596,1592,1599,1587,1600,1589,1596,1571,1591,1597,1600,1600,1584,1593,1600,1598,1600,1602,1595,1591,1611,1605,1587,1600,1606,1595,1601,1607,1586,1590,1632,1598,1595,1605,1614,1600,1600,1610,1598,1584,1603,1601,1586,1600,1600,1591,1597,1606,1586,1591,1600,1601,1597,1601,1584,1599,1604,1600,1598,1598,1600,1595,1599,1600,1596,1597,1597,1598,1599,1600,1596,1600,1602,1599,1597,1602,1599,1597,1604,1609,1590,1602,1600,1599,1596,1600,1591,1595,1606,1599,1589,1600,1598,1597,1601,1606,1591,1593,1610,1601,1600,1600,1603,1589,1611,1603,1593,1595,1602,1598,1594,1603,1593,1591,1600,1601,1595,1598,1600,1594,1599,1590,1600,1599
1598,1601,1595,1600,1589,1575,1607,1600,1578,1599,1595,1596,1599,1609,1599,1577,1609,1599,1579,1587,1600,1610,1594,1616,1598,1582,1605,1598,1578,1598,1598,1597,1594,1607,1598,1579,1606,1598,1581,1591,1595,1595,1599,1613,1613,1599,1600,1597,1597,1593,1600,1601,1595,1593,1601,1603,1591,1596,1600,1595,1597,1600,1595,1597,1612,1621,1559,1554,1668,1606,1503,1613,1671,1535,1600,1731,1472,1419,1834,1730,1302,1596,1807,1402,1600,1955,1334,1166,2096,1897,1047,1600,1979,1215,1602,2264,1103,862,2432,2078,706,1616,2167,1008,1600,2549,975,603,2608,2222,575,1592,2233,975,1564,2584,1040,606,2488,2229,687,1496,2213,1174,1408,2316,1371,827,2096,2181,991,1285,2165,1603,1150,1838,1869,1155,1562,2160,1338,976,2138,2125,847,1298,2341,1503,1090,2120,1627,749,2098,2501,679,937,2608,1733,836,2064,1807,675,1994,2626,719,797,2613,1853,795,1924,1904,807,1844,2569,907,816,2445,1936,876,1756,1953,1035,1670,2326,1159,939,2220,1957,1045,1600,1943,1271,1530,2098,1371,1091,1987,1930,1169,1502,1902,1439,1489,1920,1488,1238,1846,1856,1303,1489,1816,1517,1509,1790,1533,1360,1761,1774,1407,1523,1725,1535,1555,1734,1529,1455,1717,1686,1488,1586,1653,1525,1610,1695,1524,1514,1677,1628,1530,1625,1582,1526,1632,1663,1530,1556,1651,1591,1568,1630,1594,1548,1625,1642,1587,1570,1621,1638,1535,1575,1637,1605,1535,1616,1606,1567,1621,1634,1570,1568,1630,1604,1574,1610,1602,1573,1606,1626,1582,1584,1616,1600,1589,1603,1596,1579,1599,1611,1600,1616,1577,1594,1614,1591,1597,1627,1563,1559,1649,1628,1525,1609,1630,1546,1617,1686,1513,1513,1712,1631,1497,1639,1630,1485,1661,1741,1457,1488,1751,1614,1488,1680,1600,1441,1702,1759,1424,1498,1751,1595,1511,1717,1575,1433,1718,1744,1428,1526,1729,1563,1535,1712,1558,1447,1710,1713,1454,1556,1691,1559,1557,1699,1558,1474,1674,1682,1490,1565,1659,1569,1565,1661,1590,1510,1642,1667,1514,1565,1662,1598,1558,1635,1603,1543,1619,1659,1549,1552,1653,1611,1548,1616,1615,1552,1610,1647,1556,1575,1649,1630,1555,1601,1619,1549,1606,1647,1573,1557,1635,1616,1567,1603,1613,1578,1600,1626,1583,1578,1618,1610,1589,1600,1603,1594,1600,1606,1586,1597,1600,1600,1600,1594,1598,1603,1594,1590,1609,1601,1584,1599,1603,1587,1601,1607,1583,1587,1619,1611,1584,1600,1603,1585,1616,1588,1573,1587,1619,1594,1586,1614,1585,1571,1615,1614,1570,1596,1613,1584,1591,1619,1575,1584,1606,1607,1600,1602,1594,1584,1607,1617,1586,1589,1611,1600,1589,1605,1604,1592,1599,1610,1598,1591,1601,1603,1586,1612,1607,1583,1589,1581,1601,1585,1603,1583,1584,1584,1618,1602,1585,1606,1603,1581,1613,1619,1579,1584,1621,1600,1579,1609,1625,1601,1586,1619,1599,1573,1616,1620,1577,1587,1614,1595,1586,1614,1591,1583,1611,1609,1584,1594,1629,1593,1589,1613,1594,1584,1607,1605,1587,1593,1606,1593,1595,1602,1595,1593,1600,1611,1590,1610,1605,1597,1595,1600,1601,1597,1600,1600,1595,1610,1603,1593,1591,1593,1603,1588,1598,1594,1598,1587,1607,1600,1585,1597,1605,1591,1601,1603,1587,1590,1608,1600,1584,1600,1600,1587,1599,1605,1594,1593,1637,1599,1595,1602,1591,1589,1601,1604,1587,1598
1602,1600,1600,1599,1600,1591,1602,1601,1587,1593,1579,1597,1600,1600,1591,1597,1600,1599,1597,1600,1600,1590,1596,1600,1599,1600,1597,1584,1597,1600,1600,1598,1598,1599,1599,1595,1600,1600,1592,1597,1601,1597,1584,1599,1611,1606,1570,1589,1610,1601,1599,1598,1600,1593,1600,1605,1594,1594,1600,1599,1584,1598,1619,1587,1579,1618,1600,1552,1638,1667,1499,1527,1738,1627,1454,1648,1663,1424,1684,1838,1331,1362,1974,1707,1240,1723,1745,1215,1776,2130,1075,1116,2289,1789,983,1835,1823,931,1904,2456,807,849,2596,1875,784,1924,1905,739,1930,2656,742,738,2635,1919,753,1905,1931,795,1824,2548,943,814,2392,1961,910,1681,2000,1169,1513,2178,1413,1071,1947,2098,1127,1301,2118,1687,1079,1710,1981,1237,1472,2176,1347,887,2217,2214,745,1282,2381,1424,1148,2249,1503,647,2242,2507,623,1044,2549,1567,992,2192,1627,647,2122,2535,711,978,2486,1683,974,2032,1741,817,1920,2416,945,999,2307,1789,1049,1809,1815,1075,1728,2208,1189,1100,2105,1834,1150,1649,1843,1291,1601,2006,1376,1205,1930,1825,1279,1568,1807,1435,1568,1868,1473,1328,1808,1775,1377,1563,1729,1501,1578,1765,1507,1424,1738,1708,1463,1594,1664,1519,1613,1703,1520,1493,1692,1634,1527,1621,1614,1520,1626,1671,1532,1549,1658,1602,1559,1631,1591,1549,1642,1645,1559,1565,1637,1600,1577,1616,1623,1561,1568,1612,1611,1568,1618,1629,1581,1565,1630,1612,1568,1600,1613,1577,1599,1631,1565,1569,1629,1607,1586,1601,1600,1579,1594,1613,1591,1584,1595,1589,1610,1601,1590,1600,1597,1581,1619,1616,1556,1587,1631,1575,1594,1646,1555,1531,1671,1623,1514,1611,1634,1551,1625,1699,1499,1505,1712,1626,1503,1648,1617,1478,1664,1723,1467,1504,1728,1601,1510,1677,1610,1462,1677,1719,1470,1533,1712,1582,1535,1693,1570,1471,1682,1700,1478,1552,1686,1575,1564,1677,1575,1488,1667,1658,1507,1563,1670,1585,1564,1651,1591,1508,1639,1659,1534,1562,1659,1598,1555,1625,1606,1543,1616,1659,1549,1552,1646,1616,1552,1614,1621,1551,1607,1653,1546,1551,1654,1613,1549,1611,1617,1559,1607,1649,1563,1552,1645,1611,1561,1611,1603,1567,1613,1629,1566,1573,1627,1642,1578,1615,1600,1594,1610,1616,1582,1591,1606,1593,1600,1607,1590,1590,1603,1598,1598,1606,1586,1590,1616,1599,1598,1605,1595,1578,1615,1607,1584,1591,1606,1585,1600,1614,1584,1589,1616,1605,1584,1615,1597,1581,1607,1655,1584,1594,1615,1589,1598,1613,1585,1582,1614,1603,1587,1600,1589,1598,1599,1612,1588,1586,1609,1602,1586,1601,1605,1589,1604,1602,1597,1593,1619,1603,1601,1591,1609,1600,1584,1600,1605,1588,1600,1613,1582,1583,1616,1600,1582,1603,1600,1583,1606,1623,1575,1584,1622,1599,1580,1616,1600,1570,1617,1628,1574,1585,1616,1618,1570,1588,1616,1597,1587,1617,1586,1574,1616,1613,1579,1593,1610,1587,1596,1620,1584,1584,1610,1619,1585,1590,1603,1587,1595,1606,1599,1589,1602,1600,1589,1598,1605,1600,1599,1599,1577,1587,1597,1605,1592,1588,1589,1600,1593,1599,1602,1590,1598,1606,1594,1588,1607,1600,1585,1600,1602,1596,1594,1601,1588,1586,1610,1625,1589,1595,1602,1600,1598,1603,1590,1600,1610,1588,1596,1600,1600,1590,1597,1605,1599,1598,1603,1595,1597,1600,1581,1597
1598,1602,1600,1593,1581,1611,1590,1597,1597,1616,1589,1587,1614,1595,1585,1600,1589,1599,1602,1613,1586,1587,1610,1595,1590,1591,1591,1598,1600,1609,1600,1585,1610,1597,1587,1594,1598,1596,1596,1615,1599,1589,1611,1599,1603,1594,1600,1611,1599,1587,1603,1600,1591,1610,1605,1557,1599,1600,1600,1599,1606,1605,1585,1585,1630,1602,1556,1603,1639,1569,1583,1665,1562,1491,1722,1703,1406,1548,1789,1527,1501,1802,1495,1285,1913,1893,1136,1433,2023,1439,1409,2032,1399,976,2178,2151,805,1368,2286,1329,1318,2316,1291,639,2416,2405,557,1265,2462,1279,1248,2440,1279,538,2416,2459,577,1244,2416,1339,1243,2320,1455,702,2134,2339,899,1198,2231,1605,1173,1896,1791,1127,1632,2121,1363,1104,2000,2000,1046,1331,2208,1618,1072,1888,1841,1007,1780,2381,963,846,2488,2019,719,1696,2127,963,1632,2550,995,634,2545,2199,624,1564,2235,1059,1520,2492,1137,656,2420,2241,711,1442,2224,1243,1392,2294,1333,815,2165,2194,909,1360,2138,1439,1336,2055,1517,1015,1941,2091,1119,1328,2026,1587,1339,1866,1617,1207,1785,1981,1279,1357,1904,1642,1394,1739,1641,1344,1702,1841,1402,1430,1787,1631,1473,1686,1618,1440,1680,1743,1472,1508,1693,1598,1533,1668,1584,1503,1653,1670,1525,1580,1643,1573,1593,1648,1571,1552,1633,1616,1568,1597,1603,1597,1600,1616,1584,1569,1617,1597,1600,1603,1616,1605,1587,1594,1606,1588,1597,1611,1590,1583,1609,1615,1579,1599,1613,1587,1599,1619,1584,1579,1618,1605,1584,1602,1600,1578,1612,1617,1567,1589,1617,1585,1616,1621,1574,1577,1617,1599,1589,1625,1573,1565,1640,1618,1554,1610,1600,1552,1650,1661,1521,1555,1669,1594,1561,1659,1567,1502,1680,1677,1485,1577,1673,1547,1586,1706,1521,1484,1713,1665,1472,1600,1659,1493,1615,1729,1493,1472,1721,1653,1486,1630,1639,1499,1632,1718,1495,1504,1706,1631,1507,1631,1616,1514,1618,1691,1519,1521,1680,1629,1535,1616,1630,1535,1607,1671,1552,1531,1655,1635,1527,1600,1641,1567,1584,1652,1575,1546,1647,1648,1531,1581,1648,1583,1578,1630,1583,1535,1642,1648,1535,1582,1647,1579,1580,1640,1586,1547,1635,1639,1555,1584,1611,1584,1579,1634,1585,1559,1625,1619,1518,1591,1610,1590,1597,1615,1589,1584,1607,1604,1593,1600,1599,1590,1601,1601,1597,1583,1599,1591,1604,1597,1591,1601,1600,1581,1601,1581,1583,1587,1611,1597,1594,1605,1596,1583,1614,1604,1570,1600,1603,1589,1582,1607,1577,1584,1614,1599,1599,1601,1616,1585,1606,1602,1590,1594,1603,1591,1599,1605,1595,1589,1603,1600,1599,1600,1600,1593,1597,1600,1600,1600,1586,1597,1603,1590,1600,1605,1590,1587,1603,1599,1600,1600,1605,1581,1608,1613,1577,1584,1619,1593,1588,1612,1585,1574,1626,1616,1569,1591,1616,1584,1599,1616,1610,1584,1598,1621,1583,1579,1622,1605,1583,1600,1599,1583,1566,1618,1578,1585,1603,1604,1587,1607,1591,1586,1601,1607,1588,1589,1600,1600,1585,1603,1600,1590,1594,1605,1595,1596,1601,1600,1588,1600,1602,1600,1591,1599,1599,1630,1598,1633,1586,1591,1605,1601,1591,1601,1599,1587,1590,1607,1587,1594,1615,1599,1591,1605,1556,1589,1611,1607,1591,1593,1612,1597,1591,1606,1595,1591,1603,1603,1584,1595,1600,1591,1594,1615,1590,1595,1602,1596,1589,1601
1596,1601,1600,1600,1601,1577,1616,1594,1581,1602,1598,1599,1598,1603,1600,1579,1606,1593,1583,1600,1602,1601,1594,1607,1595,1584,1602,1595,1598,1597,1599,1600,1595,1600,1600,1584,1606,1595,1584,1598,1602,1600,1599,1613,1603,1605,1591,1593,1603,1591,1599,1610,1598,1594,1600,1604,1598,1595,1613,1595,1591,1600,1616,1582,1590,1621,1575,1552,1670,1658,1485,1552,1729,1590,1502,1693,1597,1409,1746,1819,1302,1425,1943,1599,1344,1828,1599,1154,1920,2096,1003,1253,2239,1599,1168,2032,1579,814,2132,2397,689,1046,2528,1579,1000,2194,1587,609,2219,2582,605,975,2576,1595,996,2182,1631,657,2092,2496,803,1020,2368,1691,1067,1924,1779,1023,1718,2192,1279,1117,2000,1895,1157,1467,2032,1575,1203,1802,1843,1241,1610,2160,1247,973,2254,2079,799,1449,2258,1279,1328,2320,1319,675,2338,2391,621,1243,2427,1371,1185,2314,1429,639,2256,2431,705,1162,2406,1495,1139,2160,1572,791,2048,2337,904,1136,2272,1646,1152,1924,1695,1038,1824,2177,1147,1178,2093,1742,1213,1732,1765,1250,1674,1999,1335,1249,1930,1775,1299,1625,1756,1451,1604,1874,1447,1346,1808,1735,1397,1593,1710,1479,1598,1762,1503,1443,1728,1677,1481,1605,1643,1520,1614,1693,1531,1515,1639,1623,1550,1617,1609,1555,1615,1638,1565,1578,1623,1604,1586,1609,1603,1599,1600,1614,1593,1573,1601,1616,1587,1569,1615,1595,1580,1584,1620,1602,1580,1614,1600,1571,1616,1622,1567,1580,1621,1601,1586,1618,1586,1580,1617,1629,1574,1598,1616,1585,1596,1606,1588,1584,1603,1607,1587,1597,1598,1602,1590,1584,1616,1600,1572,1599,1604,1571,1597,1647,1552,1552,1662,1614,1472,1623,1615,1521,1637,1681,1498,1529,1701,1603,1523,1658,1594,1477,1675,1705,1469,1529,1709,1595,1533,1687,1573,1470,1698,1707,1473,1549,1701,1567,1562,1682,1531,1483,1674,1686,1511,1567,1676,1573,1567,1664,1582,1506,1650,1666,1520,1563,1663,1586,1571,1636,1603,1530,1617,1653,1552,1554,1651,1616,1546,1610,1626,1563,1600,1649,1566,1533,1654,1637,1535,1584,1643,1566,1587,1651,1571,1521,1652,1643,1525,1587,1644,1574,1584,1648,1569,1535,1645,1639,1552,1587,1637,1579,1582,1637,1595,1553,1623,1622,1583,1595,1616,1584,1589,1621,1586,1584,1607,1612,1585,1589,1600,1600,1590,1598,1606,1593,1590,1611,1598,1590,1600,1611,1581,1586,1616,1615,1588,1600,1600,1579,1601,1618,1574,1584,1616,1600,1574,1609,1591,1581,1595,1614,1584,1586,1615,1597,1621,1607,1599,1584,1602,1606,1587,1594,1598,1600,1593,1603,1600,1598,1595,1600,1595,1577,1600,1605,1587,1631,1609,1585,1585,1595,1600,1590,1614,1609,1579,1584,1616,1594,1585,1613,1589,1574,1600,1617,1570,1591,1616,1584,1600,1616,1587,1574,1615,1611,1581,1603,1605,1579,1604,1615,1584,1578,1605,1615,1584,1585,1611,1599,1590,1600,1600,1585,1602,1605,1591,1589,1600,1599,1591,1596,1597,1594,1594,1614,1595,1595,1597,1583,1591,1604,1600,1600,1591,1598,1600,1595,1597,1603,1589,1590,1605,1602,1586,1599,1600,1584,1595,1604,1584,1594,1600,1601,1585,1602,1597,1589,1591,1611,1587,1593,1647,1600,1585,1603,1588,1589,1600,1614,1600,1597,1601,1592,1599,1604,1591,1590,1601,1599,1595,1600,1596,1589,1603,1591,1587,1616,1598,1607,1600,1601,1583,1633
1597,1595,1559,1600,1596,1597,1600,1614,1600,1562,1607,1598,1559,1585,1595,1601,1599,1602,1601,1568,1609,1600,1567,1600,1594,1603,1594,1616,1599,1571,1618,1600,1567,1594,1600,1600,1598,1605,1600,1569,1609,1599,1602,1595,1600,1604,1593,1587,1607,1600,1591,1600,1599,1598,1594,1600,1597,1587,1607,1594,1584,1589,1627,1629,1559,1600,1638,1567,1583,1665,1553,1490,1720,1702,1402,1550,1786,1501,1497,1805,1489,1285,1917,1894,1136,1455,2016,1454,1408,2036,1403,967,2169,2149,807,1366,2288,1329,1296,2320,1293,635,2416,2406,545,1261,2463,1279,1238,2448,1283,534,2422,2472,570,1232,2437,1343,1203,2328,1456,691,2138,2362,871,1187,2234,1621,1130,1904,1805,1099,1641,2157,1329,1067,2052,2015,995,1345,2237,1583,1104,1930,1823,950,1840,2394,887,878,2496,1957,727,1760,2078,903,1688,2576,935,647,2576,2160,630,1616,2190,1009,1556,2517,1087,645,2432,2195,721,1490,2191,1191,1440,2356,1303,816,2187,2159,914,1400,2114,1399,1372,2066,1477,1023,1959,2064,1137,1356,2063,1555,1361,1865,1617,1216,1792,1945,1294,1381,1885,1616,1411,1743,1627,1355,1705,1830,1409,1445,1774,1648,1481,1680,1619,1473,1664,1735,1483,1488,1693,1574,1549,1680,1589,1520,1637,1664,1545,1573,1635,1587,1591,1622,1587,1557,1622,1616,1578,1597,1612,1592,1590,1603,1594,1590,1599,1609,1590,1584,1585,1604,1552,1581,1618,1609,1572,1602,1611,1569,1613,1629,1561,1568,1638,1603,1569,1616,1595,1552,1619,1639,1552,1579,1635,1589,1583,1629,1585,1554,1626,1626,1569,1586,1616,1585,1593,1607,1600,1567,1599,1605,1590,1583,1606,1606,1573,1584,1635,1611,1552,1605,1625,1552,1607,1656,1531,1529,1680,1627,1516,1616,1627,1509,1625,1699,1492,1501,1703,1625,1517,1636,1622,1488,1648,1715,1509,1504,1715,1613,1515,1652,1605,1488,1650,1712,1495,1497,1692,1599,1531,1650,1600,1519,1636,1680,1521,1555,1662,1609,1549,1619,1616,1549,1613,1655,1562,1547,1653,1623,1549,1589,1631,1574,1577,1642,1581,1543,1638,1642,1522,1576,1648,1586,1568,1634,1587,1534,1633,1648,1535,1568,1647,1586,1570,1637,1586,1535,1636,1643,1550,1583,1637,1587,1583,1630,1585,1566,1624,1626,1561,1584,1619,1584,1591,1617,1571,1567,1623,1612,1571,1593,1621,1588,1622,1609,1597,1589,1600,1600,1602,1595,1600,1600,1591,1597,1600,1600,1590,1600,1599,1590,1600,1605,1583,1589,1611,1598,1589,1605,1591,1584,1613,1614,1579,1595,1614,1585,1594,1616,1605,1573,1619,1609,1584,1600,1603,1583,1601,1617,1584,1583,1616,1600,1584,1601,1599,1589,1598,1616,1606,1589,1605,1600,1587,1597,1600,1598,1589,1605,1595,1593,1600,1609,1587,1631,1611,1589,1581,1606,1606,1584,1599,1615,1584,1581,1619,1611,1580,1605,1602,1578,1610,1621,1573,1579,1610,1605,1578,1575,1616,1584,1587,1613,1591,1622,1607,1616,1583,1587,1611,1589,1591,1613,1595,1584,1603,1603,1588,1595,1600,1593,1602,1601,1602,1587,1599,1597,1584,1599,1600,1597,1595,1598,1595,1600,1594,1597,1598,1598,1597,1606,1593,1593,1605,1600,1597,1595,1603,1583,1599,1584,1591,1602,1607,1616,1594,1601,1599,1591,1603,1597,1590,1591,1607,1598,1616,1600,1593,1588,1606,1605,1594,1597,1602,1595,1602,1603,1584,1594,1603,1600,1595,1600,1591,1596
1596,1600,1599,1571,1610,1595,1575,1599,1595,1600,1597,1609,1599,1579,1612,1585,1578,1595,1600,1586,1600,1614,1593,1582,1611,1599,1578,1586,1595,1598,1593,1606,1605,1583,1602,1600,1571,1595,1602,1594,1597,1612,1579,1573,1620,1600,1600,1605,1594,1608,1594,1590,1603,1600,1587,1600,1602,1590,1590,1616,1596,1583,1616,1641,1552,1571,1667,1618,1505,1599,1662,1521,1601,1733,1473,1422,1838,1728,1306,1598,1808,1392,1601,1968,1307,1158,2113,1893,1008,1604,1974,1206,1617,2280,1087,851,2444,2074,702,1633,2160,971,1632,2584,913,566,2688,2239,525,1612,2285,915,1578,2688,955,522,2624,2291,557,1520,2291,1059,1424,2480,1245,665,2275,2257,823,1314,2245,1469,1180,2016,1729,991,1746,2226,1186,1014,2210,2001,859,1452,2267,1383,1184,2176,1565,745,2134,2478,659,982,2624,1699,826,2122,1807,623,2034,2705,643,723,2722,1891,692,1958,1951,707,1876,2674,799,702,2598,1987,741,1792,2019,913,1698,2480,1051,799,2352,2031,870,1616,2038,1171,1554,2234,1295,960,2129,2004,1050,1500,1977,1374,1476,2017,1437,1136,1933,1935,1213,1481,1876,1482,1493,1866,1507,1291,1808,1823,1358,1517,1762,1499,1552,1759,1526,1411,1730,1712,1459,1579,1669,1527,1600,1704,1535,1498,1664,1635,1548,1623,1609,1535,1643,1659,1520,1562,1650,1588,1581,1637,1581,1550,1633,1633,1552,1589,1633,1584,1563,1590,1637,1582,1585,1631,1587,1561,1618,1635,1576,1581,1634,1595,1576,1621,1595,1558,1616,1636,1555,1575,1636,1597,1578,1617,1598,1562,1615,1627,1572,1582,1616,1598,1588,1610,1591,1583,1601,1603,1600,1597,1584,1600,1600,1582,1625,1618,1557,1567,1648,1603,1557,1619,1596,1520,1648,1671,1501,1549,1697,1587,1551,1665,1583,1472,1690,1703,1458,1546,1712,1569,1546,1703,1561,1453,1712,1691,1456,1547,1709,1555,1561,1705,1552,1456,1703,1691,1466,1563,1689,1556,1559,1694,1567,1482,1680,1689,1497,1557,1685,1582,1552,1664,1589,1505,1641,1676,1515,1547,1682,1605,1534,1629,1620,1531,1615,1667,1535,1527,1667,1626,1526,1609,1633,1570,1606,1671,1552,1525,1667,1639,1527,1615,1636,1552,1599,1718,1557,1535,1654,1629,1545,1595,1622,1559,1605,1647,1556,1550,1600,1619,1535,1606,1614,1574,1621,1631,1579,1573,1604,1610,1584,1604,1602,1583,1601,1611,1590,1591,1608,1600,1593,1601,1600,1595,1599,1600,1596,1589,1598,1606,1594,1598,1605,1600,1589,1605,1600,1594,1600,1602,1593,1589,1609,1594,1591,1602,1601,1589,1609,1605,1573,1590,1602,1598,1589,1610,1590,1586,1615,1606,1592,1600,1603,1595,1598,1606,1584,1589,1603,1600,1597,1598,1599,1599,1600,1600,1600,1601,1592,1599,1600,1596,1599,1603,1586,1589,1607,1600,1598,1600,1591,1584,1611,1615,1581,1591,1616,1600,1583,1615,1595,1581,1587,1615,1593,1575,1616,1617,1579,1566,1618,1587,1591,1618,1584,1574,1617,1612,1574,1599,1606,1584,1599,1615,1588,1581,1600,1607,1584,1595,1602,1589,1607,1612,1590,1588,1607,1605,1588,1591,1603,1589,1595,1599,1595,1589,1600,1600,1593,1600,1604,1600,1587,1616,1602,1606,1599,1604,1588,1567,1606,1609,1591,1601,1603,1587,1600,1610,1587,1586,1600,1602,1594,1601,1604,1587,1604,1607,1585,1584,1616,1599,1584,1601,1599,1587,1603,1605,1590,1595,1605,1591
1597,1597,1598,1591,1600,1598,1594,1547,1616,1591,1552,1593,1595,1581,1594,1618,1592,1557,1611,1600,1552,1599,1591,1595,1586,1562,1593,1559,1606,1599,1559,1594,1594,1600,1590,1607,1603,1559,1606,1600,1558,1589,1595,1594,1583,1611,1594,1602,1593,1597,1598,1591,1599,1600,1594,1591,1602,1600,1594,1590,1603,1591,1590,1600,1596,1579,1607,1621,1555,1554,1669,1619,1495,1597,1673,1526,1584,1728,1475,1408,1826,1744,1296,1566,1858,1424,1552,1948,1359,1152,2082,1936,991,1534,2038,1267,1525,2242,1163,832,2402,2141,669,1520,2249,1091,1488,2516,1063,573,2561,2303,553,1489,2305,1071,1456,2568,1135,580,2440,2273,682,1408,2258,1271,1328,2260,1447,839,2028,2208,1023,1236,2160,1667,1121,1768,1919,1215,1478,2118,1431,983,2064,2166,879,1219,2356,1613,1010,2008,1751,813,1968,2497,775,861,2586,1855,773,1905,1942,791,1841,2608,847,739,2548,1975,752,1764,2022,899,1684,2476,1043,795,2362,2047,855,1604,2047,1175,1524,2242,1299,934,2122,2039,1065,1462,2018,1395,1427,2016,1470,1097,1925,1999,1175,1404,1951,1527,1407,1856,1567,1243,1797,1903,1302,1424,1849,1571,1453,1750,1586,1367,1729,1815,1405,1488,1744,1600,1522,1712,1558,1443,1702,1708,1483,1558,1665,1552,1589,1680,1584,1515,1665,1633,1535,1613,1617,1535,1619,1659,1594,1561,1641,1599,1571,1630,1589,1553,1581,1633,1590,1557,1620,1626,1562,1579,1631,1595,1574,1613,1600,1558,1615,1633,1565,1569,1638,1616,1568,1613,1607,1564,1615,1641,1559,1578,1634,1603,1574,1613,1600,1567,1611,1622,1581,1588,1609,1602,1591,1600,1602,1605,1583,1593,1616,1600,1569,1605,1604,1558,1631,1645,1516,1552,1664,1610,1531,1642,1596,1503,1654,1689,1498,1527,1712,1593,1529,1678,1582,1462,1688,1713,1460,1535,1713,1567,1535,1687,1559,1426,1706,1694,1463,1563,1693,1550,1566,1696,1556,1486,1689,1695,1489,1571,1664,1557,1574,1673,1567,1509,1648,1653,1521,1575,1653,1581,1582,1637,1592,1549,1611,1642,1557,1569,1650,1601,1567,1603,1616,1565,1597,1634,1579,1562,1634,1623,1553,1599,1629,1582,1586,1631,1585,1533,1633,1637,1554,1577,1631,1622,1583,1647,1585,1552,1626,1632,1563,1584,1626,1585,1580,1627,1579,1564,1606,1621,1562,1588,1623,1594,1583,1615,1598,1579,1638,1616,1583,1586,1616,1601,1584,1599,1602,1591,1598,1611,1591,1575,1615,1589,1580,1605,1612,1593,1593,1614,1584,1573,1619,1627,1573,1580,1611,1584,1602,1619,1578,1577,1627,1605,1581,1607,1600,1571,1609,1619,1575,1584,1616,1600,1584,1616,1597,1577,1611,1613,1584,1602,1610,1590,1597,1610,1589,1589,1601,1606,1595,1598,1600,1596,1600,1597,1602,1597,1593,1575,1602,1599,1598,1620,1584,1601,1615,1603,1583,1597,1603,1586,1605,1616,1581,1579,1627,1600,1578,1568,1616,1600,1584,1616,1598,1584,1612,1618,1579,1587,1616,1598,1596,1606,1598,1584,1607,1606,1600,1597,1607,1589,1586,1607,1584,1589,1610,1603,1595,1599,1605,1600,1602,1600,1597,1595,1600,1601,1597,1590,1605,1600,1588,1598,1600,1607,1595,1601,1594,1586,1605,1597,1590,1579,1603,1598,1595,1615,1587,1585,1607,1609,1587,1596,1603,1591,1600,1607,1607,1584,1627,1604,1600,1600,1591,1589,1594,1606,1597,1586,1622,1599,1600,1600,1597,1584,1603,1602
1599,1600,1600,1600,1597,1595,1600,1586,1616,1584,1581,1599,1599,1595,1597,1611,1600,1580,1615,1596,1584,1600,1593,1605,1595,1606,1600,1583,1607,1594,1584,1599,1598,1600,1595,1606,1600,1583,1616,1594,1585,1594,1600,1598,1596,1607,1603,1605,1589,1600,1600,1591,1595,1603,1598,1590,1597,1603,1591,1594,1603,1601,1587,1600,1611,1584,1594,1627,1568,1549,1660,1649,1488,1554,1712,1570,1520,1709,1558,1399,1787,1801,1281,1461,1920,1535,1388,1872,1515,1139,1988,2061,991,1329,2197,1478,1260,2116,1439,805,2240,2346,647,1200,2475,1419,1132,2324,1423,560,2346,2533,547,1116,2533,1431,1104,2368,1479,581,2212,2480,719,1115,2393,1591,1088,2038,1719,919,1813,2266,1163,1079,2134,1875,1047,1555,2085,1407,1291,1989,1654,1023,1829,2245,1013,1014,2384,1893,819,1728,2067,1007,1632,2480,1015,687,2528,2191,613,1552,2266,1075,1472,2512,1137,623,2448,2299,655,1424,2290,1255,1360,2368,1323,720,2240,2275,822,1312,2230,1423,1285,2116,1515,926,2000,2181,1037,1266,2127,1587,1266,1898,1648,1123,1820,2059,1213,1280,1995,1727,1316,1728,1680,1271,1718,1936,1343,1355,1873,1675,1400,1689,1651,1390,1680,1814,1431,1451,1760,1632,1495,1667,1606,1469,1666,1712,1495,1535,1671,1585,1574,1655,1552,1527,1638,1637,1520,1601,1609,1567,1627,1635,1552,1584,1621,1587,1599,1626,1580,1571,1611,1609,1577,1570,1626,1605,1573,1607,1609,1581,1635,1621,1584,1581,1630,1601,1568,1609,1607,1584,1600,1623,1580,1575,1629,1611,1571,1601,1614,1575,1600,1632,1573,1565,1631,1599,1579,1604,1599,1594,1620,1630,1563,1574,1616,1584,1607,1635,1558,1569,1643,1601,1571,1635,1582,1535,1638,1648,1520,1590,1630,1552,1606,1680,1520,1512,1699,1645,1506,1619,1633,1503,1637,1712,1495,1500,1713,1621,1510,1648,1613,1487,1657,1707,1490,1488,1701,1606,1529,1652,1600,1553,1648,1679,1509,1535,1675,1603,1550,1638,1610,1529,1619,1665,1551,1553,1658,1616,1552,1612,1616,1559,1600,1647,1572,1552,1618,1633,1552,1584,1637,1588,1574,1638,1587,1551,1635,1646,1547,1570,1648,1598,1572,1631,1594,1551,1632,1644,1549,1574,1638,1599,1578,1631,1586,1554,1632,1639,1566,1579,1636,1591,1574,1623,1587,1567,1618,1625,1577,1600,1605,1595,1600,1614,1585,1595,1599,1606,1595,1601,1599,1599,1604,1598,1593,1601,1600,1594,1603,1601,1591,1607,1600,1611,1602,1616,1586,1565,1605,1600,1599,1603,1594,1600,1603,1600,1593,1603,1600,1591,1603,1606,1590,1600,1616,1598,1595,1611,1589,1591,1587,1600,1600,1606,1594,1588,1598,1607,1591,1593,1603,1594,1600,1606,1593,1593,1602,1600,1607,1601,1600,1594,1597,1593,1599,1602,1600,1614,1599,1598,1599,1602,1594,1583,1610,1603,1586,1601,1601,1584,1602,1612,1584,1590,1615,1587,1584,1606,1613,1596,1591,1586,1595,1579,1614,1616,1584,1622,1612,1589,1597,1614,1588,1582,1611,1609,1585,1600,1607,1588,1592,1610,1596,1594,1616,1600,1584,1600,1600,1597,1589,1602,1597,1591,1600,1599,1599,1598,1598,1600,1597,1596,1602,1590,1594,1600,1600,1600,1601,1607,1593,1563,1607,1606,1595,1600,1599,1590,1601,1610,1587,1587,1606,1600,1589,1601,1599,1589,1604,1606,1585,1591,1610,1595,1593,1607,1599,1586,1602,1606,1590,1590,1601,1597,1600,1600
1595,1599,1597,1598,1580,1593,1589,1591,1582,1601,1595,1594,1602,1593,1581,1595,1593,1594,1591,1601,1596,1599,1596,1588,1598,1596,1607,1599,1597,1607,1598,1595,1590,1595,1591,1594,1595,1595,1591,1594,1600,1591,1591,1598,1602,1600,1584,1603,1602,1588,1602,1600,1590,1594,1600,1598,1584,1595,1584,1594,1581,1605,1591,1583,1661,1616,1551,1581,1662,1593,1522,1647,1616,1495,1662,1729,1419,1463,1835,1643,1371,1699,1673,1321,1748,1936,1195,1255,2127,1709,1147,1819,1731,1050,1896,2283,891,1030,2450,1759,901,1968,1795,763,2000,2592,689,807,2635,1835,784,2002,1841,687,1996,2640,743,793,2570,1866,832,1888,1918,887,1744,2416,1098,901,2230,1975,979,1555,2047,1342,1334,2029,1630,1055,1803,2159,1139,1103,2234,1914,894,1584,2134,1223,1409,2292,1283,739,2336,2305,638,1281,2423,1347,1174,2330,1411,607,2278,2475,635,1121,2474,1495,1089,2193,1571,703,2104,2432,803,1064,2370,1655,1061,1978,1727,927,1856,2297,1051,1064,2208,1789,1102,1776,1825,1168,1672,2121,1263,1133,2044,1843,1169,1609,1847,1339,1579,1970,1394,1216,1920,1831,1275,1565,1795,1431,1565,1861,1455,1325,1818,1755,1377,1580,1712,1470,1600,1778,1478,1425,1766,1671,1471,1608,1637,1488,1641,1712,1499,1513,1685,1599,1552,1648,1578,1513,1678,1654,1572,1584,1616,1563,1584,1654,1568,1533,1650,1626,1554,1600,1648,1622,1549,1600,1621,1552,1597,1636,1565,1554,1646,1627,1546,1598,1619,1566,1600,1648,1558,1547,1650,1625,1546,1600,1621,1561,1583,1647,1558,1551,1649,1615,1568,1606,1597,1563,1611,1635,1568,1581,1616,1594,1595,1608,1587,1584,1600,1587,1611,1619,1559,1584,1632,1584,1584,1630,1569,1535,1663,1583,1507,1591,1653,1549,1595,1683,1524,1491,1694,1655,1488,1605,1649,1511,1616,1712,1498,1489,1712,1642,1488,1622,1634,1501,1627,1704,1511,1501,1696,1632,1511,1619,1631,1520,1612,1680,1535,1519,1666,1638,1527,1603,1633,1562,1589,1654,1572,1521,1639,1641,1535,1581,1648,1590,1568,1631,1600,1535,1621,1648,1535,1558,1661,1606,1552,1618,1619,1547,1627,1659,1549,1549,1664,1614,1552,1612,1613,1543,1616,1651,1535,1555,1651,1612,1551,1619,1611,1552,1616,1647,1555,1562,1642,1589,1564,1606,1606,1573,1611,1631,1570,1577,1619,1601,1583,1611,1600,1578,1604,1616,1583,1573,1611,1603,1584,1600,1603,1589,1590,1612,1590,1584,1609,1605,1584,1600,1616,1622,1589,1616,1589,1584,1616,1600,1574,1589,1615,1586,1589,1615,1584,1575,1616,1600,1577,1600,1601,1570,1600,1618,1584,1579,1616,1600,1582,1603,1600,1584,1600,1609,1584,1590,1600,1597,1599,1603,1584,1593,1602,1599,1577,1597,1594,1589,1600,1597,1595,1602,1585,1588,1605,1600,1585,1606,1599,1585,1607,1611,1580,1584,1614,1595,1593,1611,1629,1584,1591,1616,1584,1584,1613,1609,1580,1600,1605,1584,1602,1615,1584,1583,1616,1601,1582,1610,1600,1587,1600,1617,1585,1589,1606,1590,1584,1600,1600,1587,1600,1607,1593,1584,1603,1609,1585,1597,1601,1590,1585,1606,1598,1585,1594,1603,1586,1590,1620,1599,1591,1602,1595,1586,1602,1613,1584,1595,1608,1600,1591,1599,1596,1579,1605,1605,1582,1584,1611,1598,1590,1610,1594,1589,1612,1616,1588,1594,1606,1589,1598,1605,1600,1584,1604,1600,1588,1600
1603,1600,1600,1450,1607,1595,1474,1605,1594,1597,1594,1605,1604,1457,1600,1599,1459,1595,1599,1601,1599,1601,1600,1461,1599,1583,1466,1599,1600,1603,1600,1600,1600,1472,1602,1598,1459,1600,1599,1601,1599,1610,1598,1467,1605,1600,1603,1597,1613,1607,1585,1586,1607,1600,1601,1600,1605,1589,1607,1607,1585,1584,1616,1617,1552,1574,1669,1600,1520,1627,1642,1504,1638,1740,1431,1447,1840,1685,1344,1658,1729,1367,1692,1969,1232,1223,2134,1787,1086,1728,1840,1103,1792,2291,959,947,2460,1887,809,1842,1943,827,1873,2624,735,688,2737,2007,624,1872,2039,718,1840,2745,753,602,2700,2075,630,1776,2107,861,1664,2577,1043,703,2396,2143,807,1506,2178,1279,1326,2166,1552,919,1922,2223,1041,1118,2267,1831,917,1666,2109,1175,1426,2309,1307,747,2320,2330,624,1232,2493,1407,1088,2313,1491,562,2280,2591,575,992,2612,1591,938,2200,1663,619,2106,2594,711,925,2513,1733,928,2000,1799,831,1872,2421,971,947,2320,1840,994,1747,1887,1104,1664,2215,1231,1045,2122,1911,1095,1584,1921,1328,1521,2030,1398,1147,1952,1904,1214,1515,1911,1447,1504,1897,1549,1267,1844,1833,1329,1528,1776,1488,1558,1805,1495,1382,1776,1727,1426,1588,1682,1488,1617,1753,1487,1459,1725,1631,1507,1649,1601,1475,1664,1706,1488,1549,1683,1575,1563,1678,1559,1493,1687,1667,1502,1585,1685,1552,1499,1586,1659,1550,1594,1683,1535,1497,1685,1654,1499,1598,1662,1546,1595,1681,1535,1502,1683,1660,1506,1589,1657,1547,1595,1681,1545,1505,1675,1647,1515,1600,1632,1552,1602,1670,1557,1535,1648,1626,1558,1600,1616,1570,1600,1625,1591,1583,1600,1611,1603,1591,1599,1619,1584,1577,1641,1622,1546,1621,1638,1565,1598,1664,1535,1519,1686,1653,1499,1602,1645,1535,1605,1709,1519,1485,1713,1655,1486,1616,1649,1505,1620,1713,1505,1484,1712,1648,1488,1616,1645,1510,1616,1712,1520,1507,1686,1646,1506,1616,1646,1527,1599,1672,1552,1506,1667,1654,1524,1584,1643,1572,1581,1652,1587,1525,1648,1651,1534,1565,1654,1597,1552,1633,1599,1535,1591,1660,1533,1553,1654,1609,1559,1631,1609,1547,1625,1655,1547,1552,1651,1607,1559,1626,1604,1549,1622,1647,1553,1564,1643,1589,1571,1627,1598,1555,1615,1637,1568,1597,1625,1594,1583,1616,1596,1573,1618,1613,1591,1586,1611,1595,1591,1603,1600,1594,1607,1612,1587,1593,1609,1600,1579,1598,1605,1595,1596,1604,1596,1583,1602,1612,1584,1596,1607,1597,1590,1611,1589,1584,1615,1611,1581,1598,1611,1587,1600,1607,1584,1573,1616,1605,1582,1600,1600,1584,1600,1611,1584,1587,1607,1600,1583,1603,1589,1589,1614,1605,1594,1598,1561,1599,1595,1599,1600,1600,1591,1599,1605,1598,1591,1605,1590,1587,1610,1613,1581,1591,1609,1602,1591,1615,1585,1616,1597,1616,1567,1575,1618,1611,1575,1599,1606,1582,1600,1621,1579,1577,1619,1601,1582,1616,1600,1581,1601,1617,1581,1584,1613,1601,1587,1603,1599,1584,1605,1613,1551,1584,1607,1600,1580,1603,1583,1589,1600,1605,1597,1589,1609,1601,1579,1597,1593,1591,1587,1600,1597,1589,1599,1600,1591,1594,1603,1597,1598,1610,1597,1589,1601,1615,1584,1593,1609,1589,1592,1595,1590,1584,1606,1604,1583,1594,1609,1595,1595,1605,1595,1584,1604,1600,1587,1597,1603,1588
1595,1595,1595,1599,1598,1444,1603,1593,1456,1603,1597,1593,1600,1613,1600,1456,1602,1595,1458,1611,1595,1601,1598,1600,1601,1462,1600,1599,1455,1597,1600,1600,1603,1600,1590,1460,1581,1600,1462,1599,1601,1599,1604,1601,1616,1600,1610,1600,1600,1586,1601,1605,1597,1595,1601,1603,1595,1597,1600,1595,1600,1606,1598,1584,1617,1621,1553,1571,1669,1597,1520,1625,1643,1491,1630,1735,1447,1436,1841,1690,1334,1652,1741,1351,1686,1969,1251,1209,2128,1806,1082,1712,1867,1125,1754,2288,977,933,2457,1915,790,1796,1983,869,1808,2588,815,694,2641,2030,661,1808,2033,815,1780,2633,875,688,2542,2047,751,1706,2066,1011,1584,2382,1215,859,2172,2087,983,1427,2103,1469,1245,1936,1747,1107,1680,2152,1247,1043,2186,2010,883,1437,2239,1375,1242,2188,1479,759,2192,2400,687,1104,2506,1567,994,2160,1651,679,2096,2579,719,923,2520,1712,924,2016,1791,791,1920,2532,903,915,2388,1850,944,1804,1895,1039,1704,2288,1151,989,2176,1921,1042,1616,1941,1264,1564,2096,1397,1100,2014,1935,1157,1514,1906,1421,1499,1933,1458,1219,1872,1869,1279,1510,1818,1487,1532,1827,1495,1356,1783,1759,1406,1559,1705,1503,1596,1744,1493,1459,1722,1653,1505,1633,1605,1493,1655,1693,1491,1552,1654,1561,1606,1678,1546,1502,1693,1636,1523,1615,1614,1518,1636,1681,1517,1529,1679,1611,1519,1643,1671,1601,1546,1637,1598,1527,1628,1667,1546,1550,1664,1606,1550,1616,1614,1552,1609,1657,1557,1543,1650,1626,1547,1604,1627,1563,1604,1645,1568,1552,1641,1606,1559,1584,1606,1584,1600,1639,1584,1579,1611,1589,1604,1605,1584,1598,1600,1584,1618,1626,1550,1573,1650,1593,1566,1648,1580,1518,1666,1671,1488,1563,1682,1565,1568,1689,1552,1469,1711,1683,1460,1554,1692,1547,1584,1719,1520,1472,1726,1684,1462,1586,1680,1519,1596,1717,1519,1470,1708,1671,1484,1598,1665,1530,1589,1695,1535,1498,1674,1659,1508,1585,1658,1565,1594,1664,1588,1525,1644,1648,1535,1573,1655,1594,1562,1629,1609,1552,1618,1651,1552,1558,1648,1613,1552,1610,1616,1560,1606,1652,1567,1546,1647,1616,1554,1598,1618,1565,1598,1697,1574,1553,1638,1627,1558,1599,1616,1575,1600,1630,1583,1570,1627,1615,1579,1599,1611,1585,1606,1616,1601,1582,1615,1609,1594,1595,1616,1597,1591,1606,1600,1593,1600,1607,1594,1584,1615,1605,1584,1600,1605,1586,1600,1613,1584,1594,1621,1619,1575,1618,1605,1575,1612,1618,1574,1579,1622,1603,1584,1612,1602,1569,1617,1620,1568,1583,1631,1593,1570,1616,1584,1569,1618,1616,1577,1595,1613,1585,1597,1615,1591,1581,1611,1605,1591,1596,1607,1597,1598,1602,1601,1591,1600,1587,1591,1648,1609,1603,1586,1587,1610,1598,1591,1603,1597,1584,1614,1615,1577,1597,1615,1593,1590,1617,1613,1590,1599,1616,1585,1581,1616,1615,1583,1598,1614,1583,1600,1616,1597,1584,1587,1605,1602,1600,1616,1585,1600,1611,1584,1585,1613,1600,1595,1598,1600,1587,1600,1603,1598,1591,1565,1602,1593,1598,1605,1598,1595,1595,1600,1590,1600,1609,1593,1595,1606,1611,1590,1600,1603,1598,1601,1616,1593,1589,1610,1609,1584,1585,1600,1591,1597,1610,1587,1588,1615,1603,1593,1600,1601,1585,1599,1613,1566,1597,1620,1600,1610,1603,1645,1587,1610,1609,1593,1600
1600,1597,1600,1446,1600,1594,1454,1602,1598,1598,1600,1605,1600,1455,1600,1593,1457,1600,1597,1584,1595,1600,1600,1439,1600,1600,1460,1598,1600,1600,1600,1600,1600,1461,1600,1599,1456,1591,1599,1600,1604,1602,1599,1460,1600,1599,1621,1598,1600,1603,1586,1589,1609,1598,1586,1599,1606,1589,1595,1607,1594,1595,1616,1596,1552,1589,1665,1614,1506,1626,1650,1508,1616,1730,1456,1434,1837,1699,1325,1633,1765,1367,1648,1968,1270,1193,2128,1835,1052,1669,1903,1151,1680,2283,1019,903,2441,1969,771,1744,2035,895,1756,2608,823,637,2688,2115,570,1744,2147,815,1720,2673,855,574,2640,2147,624,1664,2160,959,1564,2498,1151,711,2298,2160,862,1440,2161,1377,1284,2049,1637,1013,1792,2160,1166,1104,2164,1921,931,1515,2183,1347,1283,2160,1487,799,2144,2379,707,1081,2518,1615,944,2120,1703,663,2080,2598,679,868,2606,1774,848,2008,1819,751,1928,2537,849,870,2446,1855,913,1840,1893,967,1749,2332,1118,976,2208,1901,1045,1651,1891,1242,1560,2084,1350,1127,1976,1902,1196,1512,1897,1455,1470,1878,1515,1264,1808,1869,1311,1453,1839,1569,1456,1763,1591,1361,1719,1811,1399,1471,1769,1607,1474,1694,1599,1441,1681,1767,1470,1509,1712,1587,1535,1667,1585,1487,1657,1680,1510,1561,1661,1581,1573,1649,1578,1527,1642,1644,1535,1584,1634,1579,1588,1635,1577,1552,1600,1621,1574,1550,1647,1648,1527,1588,1627,1568,1583,1651,1552,1529,1670,1643,1553,1590,1639,1555,1597,1675,1552,1513,1677,1645,1512,1597,1648,1535,1600,1675,1545,1510,1674,1648,1520,1600,1639,1561,1593,1664,1567,1520,1646,1653,1535,1582,1645,1584,1556,1625,1607,1552,1609,1646,1552,1547,1680,1630,1520,1595,1663,1559,1584,1664,1553,1509,1677,1659,1499,1577,1669,1559,1574,1676,1562,1499,1676,1674,1494,1570,1670,1571,1571,1673,1570,1501,1663,1659,1516,1569,1657,1534,1570,1661,1584,1524,1639,1648,1545,1569,1647,1591,1565,1626,1605,1554,1612,1642,1561,1557,1645,1616,1550,1600,1627,1574,1590,1643,1578,1554,1648,1634,1532,1556,1643,1582,1577,1680,1578,1534,1644,1650,1531,1595,1648,1586,1573,1647,1584,1531,1637,1632,1535,1578,1643,1582,1583,1632,1589,1547,1649,1630,1552,1582,1629,1595,1593,1619,1587,1561,1616,1627,1574,1581,1616,1601,1579,1606,1601,1575,1599,1620,1584,1569,1620,1605,1567,1599,1616,1581,1597,1626,1578,1577,1621,1616,1567,1637,1616,1562,1600,1625,1570,1571,1626,1615,1568,1597,1607,1573,1609,1625,1584,1571,1631,1600,1570,1608,1581,1577,1621,1618,1580,1584,1601,1595,1588,1613,1590,1579,1601,1607,1584,1594,1603,1590,1594,1604,1595,1587,1600,1597,1595,1600,1600,1596,1591,1600,1603,1595,1590,1600,1596,1585,1602,1607,1590,1586,1607,1597,1589,1602,1590,1582,1593,1611,1588,1581,1612,1617,1584,1607,1603,1562,1597,1618,1583,1584,1610,1600,1588,1597,1599,1589,1604,1603,1591,1586,1603,1595,1600,1600,1644,1588,1586,1597,1591,1598,1621,1594,1601,1600,1591,1600,1597,1594,1600,1600,1585,1599,1604,1591,1594,1600,1586,1588,1606,1601,1586,1598,1600,1589,1600,1605,1585,1586,1611,1601,1600,1600,1615,1584,1615,1607,1584,1586,1603,1597,1595,1610,1589,1585,1578,1600,1583,1597,1601,1589,1584,1603,1591,1591,1601,1600
1605,1599,1600,1600,1599,1597,1595,1563,1616,1591,1552,1591,1600,1595,1568,1611,1591,1569,1613,1598,1574,1589,1597,1599,1590,1602,1600,1577,1612,1600,1573,1594,1599,1590,1591,1582,1599,1583,1610,1599,1574,1594,1599,1587,1595,1606,1612,1600,1584,1595,1600,1590,1610,1600,1595,1588,1605,1600,1585,1593,1585,1598,1571,1602,1610,1583,1610,1623,1565,1557,1664,1635,1489,1585,1696,1549,1554,1724,1519,1407,1808,1775,1287,1514,1883,1479,1478,1936,1423,1135,2053,1995,976,1440,2119,1359,1408,2194,1287,811,2338,2241,624,1374,2355,1235,1328,2442,1227,554,2452,2417,534,1312,2413,1227,1294,2448,1279,579,2352,2386,695,1266,2320,1395,1232,2169,1559,855,1936,2231,1086,1178,2133,1757,1111,1700,1968,1301,1392,2024,1552,1055,1936,2183,971,1136,2346,1751,936,1856,1908,923,1808,2466,911,790,2531,2001,768,1744,2064,927,1689,2536,977,719,2480,2085,752,1644,2084,1053,1600,2394,1151,819,2282,2064,923,1552,2023,1251,1509,2150,1351,1035,2022,1971,1138,1482,1920,1443,1456,1909,1530,1234,1808,1883,1347,1445,1838,1581,1441,1735,1619,1386,1680,1806,1413,1450,1771,1646,1459,1644,1679,1478,1616,1733,1506,1474,1707,1660,1488,1607,1649,1533,1594,1685,1553,1511,1664,1633,1530,1591,1636,1557,1585,1646,1581,1547,1633,1642,1553,1584,1632,1584,1584,1623,1587,1556,1617,1630,1580,1586,1639,1632,1547,1589,1626,1572,1602,1654,1546,1535,1673,1615,1531,1617,1622,1520,1632,1682,1503,1516,1695,1616,1515,1642,1629,1493,1651,1711,1493,1513,1712,1616,1507,1651,1602,1488,1648,1714,1493,1510,1706,1620,1503,1633,1631,1501,1616,1701,1520,1493,1694,1641,1490,1591,1659,1520,1586,1693,1547,1490,1687,1668,1481,1573,1680,1555,1567,1684,1564,1487,1682,1682,1487,1557,1699,1566,1529,1675,1527,1494,1665,1678,1509,1558,1671,1583,1547,1654,1588,1520,1635,1656,1530,1559,1647,1599,1561,1622,1611,1553,1604,1645,1571,1557,1637,1645,1552,1599,1637,1591,1573,1632,1598,1552,1629,1648,1547,1556,1648,1607,1550,1618,1613,1534,1619,1659,1535,1543,1663,1616,1545,1616,1616,1535,1616,1664,1547,1543,1664,1607,1546,1614,1618,1548,1613,1650,1558,1552,1648,1605,1559,1601,1616,1562,1600,1623,1580,1552,1627,1616,1569,1587,1619,1581,1593,1615,1595,1573,1607,1616,1581,1584,1617,1596,1588,1611,1598,1578,1623,1621,1618,1582,1626,1600,1553,1614,1600,1571,1616,1623,1564,1583,1618,1599,1593,1617,1586,1568,1623,1616,1567,1598,1615,1591,1598,1617,1573,1581,1622,1613,1578,1595,1602,1573,1607,1619,1574,1583,1615,1599,1584,1609,1596,1584,1617,1610,1584,1591,1601,1597,1595,1600,1597,1595,1602,1600,1615,1590,1598,1605,1590,1587,1601,1600,1585,1600,1602,1590,1600,1615,1583,1595,1616,1601,1591,1584,1616,1602,1577,1607,1596,1584,1610,1612,1580,1583,1610,1600,1587,1606,1596,1581,1607,1610,1581,1580,1603,1600,1590,1611,1593,1600,1605,1607,1585,1589,1603,1598,1593,1600,1595,1590,1600,1601,1591,1587,1598,1599,1591,1599,1589,1597,1582,1601,1576,1590,1616,1605,1584,1589,1600,1598,1587,1600,1595,1590,1601,1607,1584,1588,1610,1599,1593,1602,1597,1582,1606,1603,1583,1590,1610,1591,1595,1605,1594,1585,1634,1606,1627,1595,1606,1589,1581,1601
1606,1597,1594,1595,1597,1558,1616,1595,1557,1600,1595,1599,1597,1615,1599,1571,1614,1596,1564,1590,1598,1600,1591,1607,1600,1565,1615,1591,1570,1616,1600,1599,1591,1611,1600,1565,1611,1600,1571,1589,1616,1597,1584,1611,1606,1605,1587,1598,1600,1593,1603,1600,1600,1590,1600,1599,1587,1598,1600,1596,1585,1605,1603,1585,1600,1616,1567,1549,1664,1647,1486,1574,1705,1571,1535,1714,1534,1409,1798,1781,1281,1488,1899,1503,1444,1903,1466,1135,2022,2027,973,1392,2161,1415,1344,2162,1359,805,2300,2293,643,1289,2416,1323,1232,2390,1311,547,2417,2467,543,1216,2478,1279,1206,2388,1375,579,2290,2430,703,1190,2352,1522,1162,2114,1627,885,1882,2242,1119,1144,2128,1799,1088,1626,2003,1360,1341,2006,1627,1039,1880,2198,995,1085,2346,1815,897,1792,1966,967,1716,2466,967,757,2516,2094,687,1652,2147,991,1600,2508,1059,688,2448,2173,737,1552,2146,1115,1510,2356,1223,815,2240,2128,915,1473,2064,1327,1450,2112,1411,1038,1978,2003,1158,1437,1948,1494,1415,1874,1574,1244,1779,1898,1335,1419,1856,1610,1431,1716,1637,1391,1666,1807,1443,1439,1765,1651,1459,1639,1654,1472,1622,1727,1501,1488,1712,1655,1501,1598,1644,1525,1614,1697,1549,1519,1669,1627,1550,1605,1619,1552,1618,1649,1573,1550,1648,1618,1563,1601,1619,1572,1594,1635,1575,1562,1634,1622,1553,1600,1650,1569,1551,1599,1619,1561,1611,1662,1554,1534,1697,1623,1513,1620,1619,1520,1641,1695,1510,1514,1686,1621,1511,1649,1613,1492,1651,1714,1488,1512,1716,1607,1509,1659,1611,1488,1650,1709,1490,1519,1699,1616,1510,1640,1629,1503,1619,1696,1520,1507,1735,1644,1498,1602,1648,1547,1583,1687,1555,1499,1677,1671,1493,1571,1680,1567,1575,1677,1585,1488,1678,1690,1491,1548,1685,1587,1549,1661,1589,1501,1654,1685,1511,1544,1679,1603,1550,1648,1609,1521,1629,1669,1545,1535,1658,1622,1545,1610,1627,1566,1595,1648,1582,1549,1635,1638,1549,1582,1669,1590,1559,1632,1601,1547,1634,1659,1547,1552,1666,1613,1534,1623,1621,1535,1619,1668,1535,1529,1674,1626,1532,1614,1623,1535,1616,1678,1545,1520,1669,1620,1543,1667,1620,1521,1615,1643,1552,1566,1650,1620,1556,1613,1616,1557,1603,1648,1570,1558,1648,1616,1570,1602,1611,1581,1605,1620,1589,1573,1632,1607,1556,1595,1610,1591,1591,1616,1599,1574,1613,1615,1578,1587,1616,1597,1588,1622,1594,1557,1616,1616,1577,1600,1615,1596,1597,1615,1584,1574,1623,1634,1577,1601,1607,1581,1605,1619,1582,1581,1621,1601,1575,1613,1595,1577,1600,1616,1571,1590,1613,1589,1604,1612,1599,1584,1613,1602,1589,1601,1597,1589,1600,1607,1587,1597,1600,1598,1600,1602,1597,1597,1600,1599,1606,1600,1589,1595,1607,1599,1587,1609,1582,1587,1603,1613,1584,1598,1615,1613,1587,1608,1601,1584,1605,1614,1581,1589,1614,1588,1586,1602,1598,1582,1601,1620,1587,1587,1610,1596,1594,1602,1597,1584,1602,1607,1591,1597,1585,1599,1601,1600,1601,1589,1597,1605,1610,1595,1601,1600,1589,1595,1610,1598,1590,1600,1600,1591,1600,1603,1586,1593,1606,1601,1590,1604,1600,1575,1601,1601,1586,1590,1614,1597,1590,1597,1598,1584,1603,1614,1584,1590,1609,1600,1594,1606,1597,1587,1606,1603,1597,1594,1601,1595,1597,1601,1596,1592
1587,1600,1598,1600,1443,1597,1593,1600,1604,1611,1600,1441,1601,1599,1455,1590,1594,1602,1597,1603,1599,1449,1600,1590,1452,1571,1598,1604,1597,1600,1601,1458,1600,1600,1456,1595,1600,1600,1586,1602,1601,1457,1610,1595,1605,1594,1603,1606,1565,1590,1607,1598,1593,1600,1601,1593,1599,1600,1595,1591,1606,1603,1584,1595,1623,1594,1570,1616,1613,1552,1617,1664,1508,1511,1742,1648,1427,1621,1699,1447,1623,1840,1367,1323,1972,1765,1193,1655,1835,1267,1665,2128,1147,1054,2295,1904,913,1710,1969,1011,1744,2452,903,752,2588,2047,653,1746,2098,855,1740,2640,855,651,2624,2097,656,1728,2110,895,1648,2518,1063,727,2362,2115,853,1538,2103,1265,1397,2144,1502,994,1904,2105,1151,1231,2144,1779,1031,1639,2043,1299,1398,2133,1435,895,2140,2254,784,1200,2413,1527,1066,2140,1619,707,2128,2498,699,969,2535,1671,944,2080,1723,731,2008,2496,813,954,2426,1734,996,1966,1773,917,1856,2321,1053,1050,2209,1783,1130,1769,1786,1171,1738,2090,1286,1199,1982,1787,1264,1626,1779,1383,1578,1877,1467,1328,1808,1767,1375,1552,1754,1515,1533,1744,1555,1421,1710,1733,1455,1509,1712,1593,1531,1648,1591,1472,1661,1690,1503,1505,1680,1594,1552,1647,1597,1521,1639,1657,1535,1557,1648,1595,1617,1628,1600,1552,1616,1639,1558,1559,1628,1600,1521,1610,1607,1559,1610,1647,1611,1559,1617,1658,1528,1552,1670,1610,1543,1642,1601,1513,1650,1684,1490,1535,1694,1590,1535,1667,1581,1478,1681,1697,1469,1520,1707,1569,1546,1660,1568,1456,1690,1710,1463,1542,1706,1571,1542,1664,1583,1479,1678,1714,1477,1552,1707,1595,1519,1655,1614,1486,1646,1706,1502,1503,1710,1626,1500,1622,1647,1507,1612,1711,1520,1488,1706,1660,1488,1600,1667,1520,1594,1709,1531,1483,1695,1666,1486,1588,1662,1535,1584,1687,1553,1505,1673,1655,1517,1591,1655,1568,1578,1652,1584,1535,1638,1648,1550,1570,1648,1600,1563,1616,1615,1557,1597,1641,1566,1552,1632,1631,1562,1584,1653,1584,1580,1641,1586,1533,1637,1651,1524,1562,1664,1598,1555,1637,1599,1527,1638,1664,1523,1554,1662,1610,1552,1647,1601,1526,1628,1677,1535,1553,1657,1622,1554,1626,1603,1547,1618,1648,1553,1557,1647,1607,1562,1614,1616,1559,1600,1634,1555,1558,1609,1609,1563,1598,1607,1574,1593,1621,1581,1563,1621,1616,1563,1589,1611,1579,1589,1626,1581,1581,1626,1616,1565,1584,1616,1579,1600,1641,1574,1563,1631,1619,1570,1613,1603,1570,1615,1632,1566,1574,1632,1598,1584,1616,1593,1564,1616,1631,1563,1590,1610,1585,1591,1627,1583,1571,1619,1607,1578,1611,1602,1571,1605,1614,1584,1602,1610,1566,1591,1605,1595,1584,1599,1602,1591,1610,1598,1584,1598,1600,1601,1602,1595,1594,1607,1594,1586,1600,1596,1584,1605,1607,1598,1583,1607,1606,1583,1588,1607,1591,1594,1602,1589,1585,1611,1602,1585,1582,1602,1585,1600,1604,1590,1583,1611,1600,1584,1600,1599,1589,1601,1605,1600,1594,1645,1599,1584,1600,1598,1597,1570,1600,1595,1597,1598,1600,1595,1594,1598,1599,1587,1599,1601,1599,1595,1600,1599,1600,1604,1600,1587,1553,1603,1595,1591,1606,1596,1598,1606,1607,1585,1591,1606,1590,1595,1604,1586,1584,1611,1601,1611,1595,1601,1584,1616,1606,1584,1587,1602,1600,1603,1599
1600,1600,1600,1596,1595,1581,1605,1599,1574,1598,1597,1597,1600,1602,1595,1584,1602,1595,1587,1596,1594,1598,1593,1600,1598,1587,1599,1595,1586,1597,1600,1600,1593,1586,1600,1562,1597,1597,1586,1593,1600,1599,1594,1600,1603,1612,1603,1591,1599,1599,1593,1602,1595,1589,1599,1600,1587,1587,1599,1602,1584,1598,1617,1587,1583,1617,1595,1552,1638,1663,1490,1526,1731,1614,1456,1658,1647,1423,1697,1840,1317,1422,1969,1733,1257,1804,1713,1198,1802,2128,1059,1136,2288,1751,1017,1874,1779,903,1945,2450,767,890,2592,1823,787,1984,1841,703,1988,2645,695,791,2639,1858,793,1961,1877,757,1878,2550,895,838,2408,1909,926,1733,1951,1115,1570,2198,1363,1022,1984,2007,1121,1355,2110,1645,1125,1748,1934,1215,1504,2160,1311,939,2217,2149,784,1352,2303,1375,1232,2256,1407,683,2240,2422,635,1152,2463,1471,1112,2234,1515,675,2176,2437,739,1115,2384,1552,1133,2107,1590,841,2001,2302,959,1159,2190,1623,1222,1920,1647,1091,1824,2081,1216,1278,1974,1658,1347,1744,1674,1315,1685,1872,1407,1392,1800,1665,1452,1642,1654,1469,1616,1734,1520,1486,1664,1648,1523,1604,1626,1557,1600,1648,1583,1556,1616,1606,1585,1599,1600,1595,1600,1599,1602,1595,1578,1589,1616,1600,1587,1607,1596,1558,1619,1616,1564,1587,1626,1579,1599,1629,1568,1563,1634,1611,1574,1615,1589,1550,1588,1634,1564,1520,1661,1628,1529,1600,1619,1523,1631,1682,1501,1520,1702,1616,1520,1655,1602,1477,1670,1712,1447,1520,1730,1591,1519,1683,1579,1453,1680,1728,1456,1520,1729,1591,1517,1689,1593,1453,1681,1731,1456,1507,1737,1606,1488,1673,1618,1462,1655,1743,1471,1488,1744,1631,1472,1626,1648,1477,1628,1744,1487,1465,1744,1655,1463,1617,1665,1472,1617,1734,1501,1469,1718,1663,1481,1605,1661,1520,1600,1711,1530,1491,1682,1675,1509,1599,1648,1529,1593,1664,1577,1520,1643,1645,1549,1577,1637,1591,1569,1643,1607,1578,1596,1641,1575,1567,1630,1648,1548,1584,1639,1589,1569,1634,1590,1535,1629,1651,1535,1558,1648,1600,1552,1627,1593,1531,1628,1654,1523,1557,1651,1602,1557,1623,1605,1550,1616,1648,1552,1557,1648,1607,1559,1613,1606,1558,1609,1623,1575,1584,1627,1617,1565,1603,1611,1581,1587,1630,1587,1571,1617,1616,1563,1585,1621,1594,1580,1616,1598,1565,1628,1629,1557,1577,1635,1600,1578,1616,1584,1563,1623,1632,1557,1573,1631,1600,1584,1622,1586,1555,1631,1624,1561,1585,1617,1583,1598,1619,1577,1556,1632,1618,1571,1598,1610,1582,1606,1612,1573,1578,1616,1600,1577,1607,1600,1579,1603,1615,1584,1584,1603,1600,1579,1600,1602,1587,1603,1607,1585,1584,1607,1603,1586,1591,1613,1589,1590,1607,1595,1579,1613,1611,1575,1589,1616,1596,1585,1616,1586,1552,1616,1614,1570,1584,1617,1616,1569,1595,1610,1585,1594,1620,1584,1578,1621,1605,1580,1598,1606,1584,1607,1611,1586,1579,1606,1601,1587,1600,1599,1583,1597,1607,1581,1593,1587,1600,1583,1598,1589,1590,1594,1595,1598,1596,1596,1597,1634,1591,1598,1601,1569,1591,1603,1603,1590,1596,1599,1588,1600,1603,1584,1589,1605,1599,1589,1619,1593,1590,1606,1606,1584,1587,1601,1590,1599,1616,1591,1598,1601,1602,1585,1599,1597,1590,1599,1602,1591,1587,1603,1595,1595,1600,1589,1589
1597,1600,1599,1595,1447,1593,1596,1596,1611,1609,1600,1444,1606,1595,1456,1600,1600,1678,1600,1601,1600,1456,1600,1599,1454,1595,1600,1600,1595,1606,1596,1461,1601,1600,1456,1596,1596,1600,1590,1602,1600,1457,1607,1600,1603,1594,1603,1605,1589,1591,1603,1598,1587,1600,1602,1596,1596,1602,1593,1583,1605,1585,1582,1584,1619,1594,1573,1607,1611,1553,1626,1665,1510,1514,1744,1648,1433,1618,1701,1453,1640,1839,1367,1328,2020,1758,1193,1658,1829,1264,1680,2124,1139,1066,2286,1891,914,1725,1955,1007,1761,2450,895,771,2586,2029,672,1769,2077,847,1764,2648,847,650,2626,2087,666,1756,2085,903,1674,2536,1047,743,2368,2089,839,1560,2093,1247,1417,2152,1487,993,1934,2102,1146,1246,2131,1759,1074,1656,2026,1279,1410,2140,1415,901,2160,2237,774,1223,2400,1510,1088,2164,1583,695,2152,2498,683,996,2529,1647,972,2112,1683,719,2053,2500,784,976,2428,1715,1013,1976,1739,887,1894,2333,1011,1067,2225,1751,1140,1810,1775,1139,1737,2102,1271,1213,1990,1759,1280,1670,1750,1360,1618,1890,1438,1343,1808,1734,1398,1590,1717,1499,1571,1741,1535,1473,1693,1690,1493,1568,1668,1579,1568,1662,1586,1521,1638,1648,1555,1577,1631,1589,1574,1617,1601,1574,1600,1611,1600,1585,1603,1602,1579,1587,1609,1603,1584,1597,1605,1588,1599,1622,1583,1585,1616,1603,1587,1616,1615,1581,1603,1622,1573,1572,1648,1612,1561,1617,1597,1553,1640,1653,1527,1572,1661,1578,1578,1664,1565,1505,1682,1663,1490,1584,1671,1550,1585,1706,1535,1485,1706,1669,1486,1591,1671,1519,1590,1703,1535,1481,1687,1675,1484,1584,1681,1552,1565,1683,1577,1493,1678,1682,1476,1551,1693,1599,1523,1654,1645,1505,1642,1702,1503,1505,1710,1633,1494,1625,1647,1506,1619,1697,1514,1486,1712,1649,1479,1606,1658,1518,1600,1707,1533,1487,1696,1665,1494,1596,1659,1549,1586,1681,1559,1507,1666,1661,1521,1582,1666,1583,1564,1645,1597,1535,1626,1657,1548,1561,1658,1616,1543,1594,1632,1554,1600,1659,1561,1535,1655,1634,1525,1579,1649,1568,1579,1660,1579,1520,1654,1651,1519,1571,1658,1584,1578,1657,1581,1514,1648,1654,1522,1566,1653,1584,1573,1643,1585,1535,1638,1648,1547,1573,1637,1593,1561,1629,1588,1556,1617,1638,1554,1579,1627,1600,1583,1610,1602,1578,1601,1618,1583,1583,1617,1607,1575,1600,1609,1585,1595,1609,1583,1563,1621,1611,1570,1600,1614,1600,1600,1617,1578,1575,1619,1611,1577,1601,1606,1576,1602,1621,1582,1583,1616,1600,1562,1612,1600,1578,1622,1612,1559,1595,1618,1597,1598,1616,1586,1581,1610,1615,1584,1599,1600,1587,1600,1604,1591,1595,1602,1598,1597,1603,1597,1610,1599,1598,1601,1605,1589,1597,1595,1593,1603,1602,1583,1590,1604,1600,1594,1601,1597,1582,1612,1611,1590,1603,1607,1621,1584,1598,1605,1579,1600,1616,1590,1581,1607,1603,1584,1599,1601,1584,1598,1610,1589,1586,1603,1601,1562,1600,1594,1594,1603,1601,1593,1591,1587,1600,1598,1594,1603,1597,1596,1600,1601,1594,1598,1600,1597,1580,1602,1607,1595,1591,1603,1591,1596,1603,1591,1584,1612,1606,1566,1589,1607,1594,1588,1605,1593,1584,1614,1611,1579,1595,1618,1594,1601,1608,1575,1584,1625,1601,1584,1600,1610,1584,1601,1612,1584,1586,1610,1603,1586,1600
1580,1583,1565,1582,1594,1577,1570,1603,1578,1567,1586,1584,1569,1579,1587,1578,1582,1583,1583,1569,1584,1584,1569,1583,1584,1581,1580,1584,1579,1571,1580,1589,1568,1572,1593,1578,1579,1579,1584,1563,1600,1585,1568,1573,1590,1579,1585,1583,1585,1593,1565,1577,1589,1584,1579,1586,1582,1571,1581,1595,1559,1562,1602,1598,1526,1575,1638,1572,1522,1630,1583,1472,1662,1714,1399,1466,1803,1613,1383,1711,1605,1291,1778,1934,1151,1295,2086,1617,1190,1862,1622,1003,1953,2240,839,1098,2393,1619,994,2064,1619,689,2130,2544,579,900,2640,1655,832,2160,1681,555,2138,2673,579,818,2640,1713,827,2066,1775,678,1926,2538,849,848,2386,1867,893,1733,1963,1095,1504,2220,1347,939,2020,2087,974,1257,2225,1639,992,1820,1916,1023,1600,2344,1077,770,2440,2145,618,1472,2309,1115,1368,2480,1151,529,2496,2409,511,1283,2448,1203,1242,2458,1265,529,2384,2431,583,1228,2380,1323,1220,2292,1387,686,2176,2301,819,1232,2207,1455,1264,2050,1511,957,1930,2106,1040,1296,2000,1561,1330,1826,1599,1216,1744,1903,1375,1370,1822,1616,1425,1677,1623,1401,1632,1745,1472,1456,1684,1618,1490,1594,1617,1523,1570,1633,1565,1522,1603,1617,1554,1514,1614,1585,1535,1571,1614,1577,1556,1607,1578,1523,1608,1626,1520,1545,1626,1581,1552,1616,1553,1510,1622,1632,1494,1554,1622,1553,1514,1634,1613,1522,1596,1643,1516,1520,1648,1586,1535,1628,1555,1493,1654,1657,1472,1556,1655,1535,1572,1679,1520,1456,1683,1653,1434,1582,1655,1491,1590,1711,1486,1443,1716,1649,1445,1593,1651,1484,1587,1713,1490,1450,1701,1655,1451,1582,1667,1510,1555,1696,1535,1442,1680,1680,1451,1527,1694,1554,1509,1665,1575,1450,1648,1703,1441,1490,1712,1599,1488,1642,1613,1459,1628,1714,1479,1469,1710,1616,1469,1616,1619,1478,1600,1703,1489,1472,1692,1635,1479,1592,1631,1499,1582,1675,1522,1487,1659,1633,1488,1559,1642,1552,1558,1645,1565,1498,1632,1642,1509,1535,1648,1579,1534,1616,1590,1510,1611,1648,1518,1519,1649,1599,1519,1596,1604,1520,1594,1649,1522,1519,1648,1615,1515,1586,1607,1527,1594,1644,1535,1520,1623,1611,1525,1584,1603,1535,1585,1625,1550,1529,1625,1609,1547,1583,1600,1558,1581,1614,1565,1552,1605,1598,1553,1575,1578,1567,1563,1597,1573,1560,1587,1599,1561,1569,1594,1583,1562,1591,1584,1566,1588,1604,1558,1566,1600,1585,1564,1586,1584,1564,1594,1595,1555,1569,1603,1579,1563,1627,1572,1552,1599,1616,1552,1569,1602,1573,1584,1601,1568,1553,1603,1597,1557,1579,1584,1569,1591,1600,1569,1558,1600,1593,1565,1581,1589,1577,1577,1591,1581,1571,1584,1591,1571,1573,1586,1584,1564,1585,1587,1578,1583,1587,1569,1563,1600,1586,1558,1574,1594,1563,1584,1586,1567,1556,1582,1610,1557,1563,1605,1594,1553,1583,1594,1557,1589,1604,1559,1561,1601,1591,1559,1573,1585,1563,1591,1611,1563,1563,1597,1584,1568,1587,1582,1568,1558,1597,1564,1569,1550,1584,1571,1582,1586,1578,1568,1584,1572,1571,1593,1585,1570,1577,1589,1584,1573,1584,1583,1573,1584,1588,1573,1569,1599,1583,1569,1584,1583,1570,1584,1595,1566,1568,1594,1585,1567,1586,1589,1567,1586,1594,1566,1569,1604,1581,1574,1587,1575,1567,1585,1599,1565,1582,1584,1582
1587,1595,1598,1593,1591,1584,1591,1603,1590,1594,1600,1593,1591,1594,1591,1584,1585,1600,1589,1587,1600,1557,1591,1587,1598,1607,1587,1597,1585,1591,1599,1588,1591,1583,1591,1585,1584,1600,1589,1590,1602,1593,1600,1584,1599,1598,1584,1582,1594,1589,1584,1590,1594,1584,1586,1595,1589,1581,1599,1588,1575,1585,1610,1589,1551,1608,1610,1548,1603,1645,1513,1494,1728,1594,1413,1594,1725,1456,1584,1822,1397,1303,1941,1794,1164,1584,1891,1313,1584,2094,1221,1011,2242,1973,862,1588,2067,1111,1596,2400,1017,706,2544,2161,607,1576,2215,983,1568,2572,989,583,2552,2224,607,1541,2225,1047,1481,2464,1175,688,2304,2205,817,1394,2176,1359,1291,2094,1579,975,1845,2158,1126,1156,2144,1815,1011,1600,2058,1303,1362,2124,1450,895,2102,2239,803,1190,2384,1566,1043,2092,1647,754,2057,2462,751,974,2480,1707,945,2001,1745,791,1936,2440,879,961,2368,1771,1003,1868,1792,979,1792,2256,1101,1072,2148,1797,1139,1712,1797,1223,1646,2032,1329,1205,1926,1791,1293,1589,1789,1424,1553,1830,1494,1345,1757,1765,1414,1515,1742,1552,1497,1698,1595,1440,1654,1721,1478,1489,1703,1623,1489,1619,1634,1502,1600,1699,1524,1519,1677,1645,1495,1581,1655,1535,1569,1669,1565,1495,1662,1664,1489,1554,1687,1559,1561,1664,1568,1488,1666,1673,1479,1558,1671,1554,1565,1682,1550,1477,1585,1663,1510,1481,1702,1648,1487,1610,1627,1489,1636,1713,1472,1493,1719,1602,1509,1671,1573,1455,1693,1715,1449,1525,1712,1546,1552,1712,1520,1435,1718,1703,1437,1572,1685,1520,1579,1721,1511,1451,1712,1685,1458,1542,1678,1524,1575,1695,1543,1450,1677,1669,1490,1558,1671,1567,1543,1650,1590,1503,1633,1667,1510,1525,1680,1611,1515,1616,1628,1518,1601,1678,1530,1505,1677,1639,1501,1590,1646,1520,1580,1680,1551,1501,1666,1651,1507,1572,1654,1559,1567,1648,1578,1513,1637,1649,1519,1559,1648,1584,1549,1621,1601,1531,1611,1648,1533,1535,1650,1616,1533,1593,1625,1546,1584,1656,1547,1520,1666,1633,1514,1584,1626,1553,1578,1657,1555,1514,1651,1644,1515,1575,1642,1561,1574,1651,1563,1519,1646,1639,1529,1571,1630,1577,1578,1611,1569,1535,1626,1632,1552,1582,1620,1571,1582,1613,1583,1557,1602,1613,1571,1584,1611,1585,1582,1597,1598,1582,1584,1600,1586,1581,1601,1606,1575,1575,1605,1594,1578,1602,1586,1570,1602,1615,1563,1581,1616,1587,1581,1609,1586,1558,1610,1607,1561,1586,1611,1583,1587,1615,1577,1561,1610,1603,1569,1591,1600,1573,1597,1610,1574,1577,1591,1597,1584,1600,1612,1578,1605,1602,1627,1584,1598,1591,1584,1591,1594,1584,1587,1594,1585,1584,1599,1599,1583,1584,1600,1593,1584,1588,1590,1571,1602,1595,1571,1585,1606,1589,1584,1596,1583,1568,1609,1606,1567,1584,1609,1606,1566,1590,1601,1578,1586,1616,1570,1571,1611,1605,1569,1595,1596,1580,1595,1613,1570,1571,1595,1594,1553,1593,1589,1574,1598,1605,1598,1577,1600,1594,1583,1591,1590,1582,1592,1600,1557,1584,1595,1595,1585,1587,1597,1589,1586,1591,1594,1584,1590,1595,1586,1582,1600,1595,1578,1585,1597,1583,1589,1605,1582,1584,1600,1597,1581,1585,1597,1584,1591,1600,1578,1578,1603,1597,1579,1595,1590,1577,1600,1600,1583,1584,1583,1584,1590,1597,1589,1583
1584,1591,1594,1588,1613,1572,1607,1598,1574,1595,1590,1594,1590,1611,1593,1578,1627,1597,1590,1588,1591,1594,1584,1607,1590,1582,1610,1594,1584,1584,1595,1593,1587,1603,1589,1583,1607,1600,1578,1585,1591,1585,1587,1602,1601,1614,1584,1597,1595,1585,1594,1599,1584,1588,1598,1600,1584,1590,1598,1595,1587,1600,1579,1582,1611,1617,1553,1555,1671,1621,1488,1594,1674,1522,1580,1733,1478,1393,1837,1757,1277,1555,1851,1421,1542,1962,1339,1135,2114,1956,949,1520,2065,1279,1505,2288,1147,784,2440,2179,614,1499,2288,1071,1472,2564,1023,528,2610,2343,528,1456,2345,1042,1440,2579,1099,540,2466,2319,645,1408,2265,1235,1333,2282,1424,831,2024,2192,1043,1256,2124,1650,1147,1748,1907,1255,1445,2064,1485,1037,1985,2164,925,1174,2357,1686,958,1928,1828,848,1888,2499,823,807,2578,1929,732,1844,1983,819,1792,2586,875,722,2524,2001,769,1744,1995,955,1692,2428,1063,848,2304,1982,945,1636,1947,1189,1579,2160,1298,1051,2016,1914,1167,1533,1866,1409,1495,1894,1501,1266,1787,1830,1345,1472,1791,1577,1511,1702,1621,1426,1646,1757,1471,1457,1728,1657,1467,1601,1659,1513,1626,1707,1549,1473,1686,1671,1481,1559,1678,1559,1552,1670,1575,1490,1664,1671,1499,1535,1673,1584,1548,1651,1587,1503,1648,1679,1503,1561,1671,1570,1552,1655,1577,1497,1659,1664,1498,1566,1677,1553,1493,1584,1642,1533,1613,1675,1505,1507,1701,1660,1506,1640,1599,1494,1664,1699,1471,1523,1701,1574,1545,1686,1552,1456,1703,1695,1457,1560,1674,1533,1574,1702,1526,1466,1707,1669,1491,1584,1664,1531,1584,1687,1547,1491,1664,1662,1508,1576,1653,1572,1556,1642,1598,1523,1616,1650,1535,1534,1659,1659,1518,1597,1637,1551,1580,1680,1558,1504,1669,1664,1489,1566,1671,1561,1553,1673,1566,1488,1670,1676,1490,1553,1658,1574,1547,1664,1581,1499,1622,1670,1503,1552,1667,1593,1545,1637,1604,1520,1616,1664,1534,1547,1654,1616,1535,1600,1626,1552,1585,1630,1563,1527,1647,1634,1527,1551,1645,1573,1568,1643,1584,1522,1635,1648,1523,1562,1655,1590,1555,1636,1590,1527,1629,1655,1523,1557,1649,1597,1553,1623,1597,1535,1619,1634,1551,1573,1638,1595,1565,1614,1598,1563,1607,1626,1570,1568,1617,1597,1575,1611,1605,1584,1590,1610,1589,1566,1606,1605,1579,1584,1615,1595,1580,1602,1600,1570,1606,1616,1567,1578,1617,1600,1591,1602,1600,1565,1614,1619,1573,1583,1616,1584,1585,1615,1584,1564,1616,1604,1569,1595,1600,1575,1600,1619,1573,1574,1613,1589,1582,1616,1587,1571,1611,1615,1573,1600,1600,1583,1591,1616,1577,1574,1613,1600,1579,1596,1597,1582,1599,1605,1579,1585,1614,1595,1596,1600,1598,1584,1591,1600,1597,1595,1590,1597,1590,1594,1600,1594,1584,1590,1600,1593,1588,1601,1587,1586,1603,1604,1587,1581,1611,1601,1553,1597,1598,1584,1600,1605,1584,1583,1602,1597,1584,1601,1590,1583,1600,1605,1585,1586,1602,1590,1593,1600,1589,1582,1598,1594,1584,1588,1596,1596,1589,1600,1597,1589,1600,1595,1600,1588,1594,1593,1591,1591,1596,1598,1577,1593,1639,1597,1571,1599,1595,1584,1605,1600,1581,1587,1603,1585,1587,1606,1584,1581,1598,1606,1577,1597,1600,1584,1585,1606,1584,1581,1605,1600,1581,1597,1603,1584,1602,1601,1572,1584
