1599,1603,1600,1601,1610,1600,1610,1609,1599,1594,1600,1616,1601,1600,1607,1602,1602,1599,1602,1601,1594,1604,1595,1611,1611,1600,1608,1595,1605,1600,1601,1607,1599,1611,1615,1602,1610,1599,1603,1595,1600,1616,1598,1605,1615,1591,1610,1594,1602,1607,1599,1579,1607,1600,1590,1600,1604,1590,1595,1611,1591,1584,1619,1627,1560,1585,1648,1606,1527,1641,1648,1507,1648,1742,1453,1456,1839,1676,1355,1673,1727,1358,1702,1971,1234,1232,2126,1782,1098,1744,1833,1107,1796,2297,967,960,2456,1872,828,1856,1937,827,1888,2614,743,704,2716,1997,627,1876,2047,719,1848,2740,759,609,2700,2075,630,1776,2114,863,1664,2578,1055,693,2394,2149,798,1505,2191,1291,1326,2176,1555,909,1936,2236,1023,1115,2290,1838,901,1696,2109,1168,1435,2316,1295,737,2330,2311,619,1250,2496,1403,1094,2332,1488,561,2293,2598,561,992,2628,1583,945,2220,1651,603,2144,2597,690,940,2515,1711,949,2032,1767,814,1912,2432,947,979,2320,1811,1038,1812,1827,1089,1720,2218,1207,1102,2108,1843,1167,1644,1847,1317,1594,2000,1393,1232,1908,1835,1296,1584,1809,1461,1535,1840,1511,1343,1792,1779,1403,1530,1747,1535,1552,1745,1552,1443,1728,1727,1469,1552,1706,1576,1534,1680,1584,1489,1665,1685,1516,1568,1675,1599,1554,1648,1601,1532,1643,1667,1526,1561,1668,1611,1548,1635,1605,1533,1547,1681,1615,1520,1647,1682,1509,1546,1690,1607,1534,1654,1601,1499,1663,1702,1491,1525,1709,1610,1535,1659,1600,1471,1678,1700,1483,1531,1706,1593,1550,1674,1600,1482,1668,1711,1488,1535,1708,1595,1523,1664,1612,1492,1657,1712,1488,1520,1717,1627,1497,1648,1644,1496,1635,1734,1487,1486,1744,1663,1479,1639,1664,1479,1641,1758,1477,1469,1764,1663,1463,1643,1655,1482,1642,1764,1474,1463,1760,1655,1471,1648,1649,1474,1646,1743,1488,1481,1733,1645,1499,1642,1638,1499,1625,1718,1520,1515,1699,1638,1520,1622,1636,1532,1605,1676,1561,1534,1664,1634,1552,1593,1639,1574,1584,1643,1591,1564,1628,1648,1563,1578,1647,1611,1556,1587,1616,1571,1611,1645,1569,1555,1648,1634,1552,1595,1637,1573,1597,1651,1584,1546,1643,1639,1535,1591,1648,1581,1586,1641,1597,1547,1640,1643,1557,1584,1639,1599,1583,1632,1599,1558,1621,1646,1558,1572,1648,1610,1574,1616,1609,1568,1616,1651,1562,1552,1651,1601,1555,1617,1618,1565,1621,1650,1558,1556,1653,1619,1557,1620,1616,1554,1623,1655,1534,1557,1660,1613,1568,1622,1615,1552,1626,1652,1554,1577,1641,1612,1577,1625,1601,1554,1623,1643,1567,1586,1635,1599,1585,1622,1598,1553,1619,1616,1581,1593,1617,1582,1595,1617,1603,1586,1611,1614,1591,1586,1615,1599,1588,1602,1604,1590,1601,1612,1591,1589,1616,1613,1591,1603,1609,1592,1605,1616,1590,1565,1611,1616,1550,1584,1619,1602,1584,1607,1601,1598,1610,1616,1591,1593,1625,1601,1598,1607,1610,1587,1610,1611,1587,1600,1610,1600,1603,1603,1600,1597,1603,1611,1600,1600,1606,1598,1605,1594,1602,1635,1597,1600,1600,1618,1601,1618,1602,1595,1607,1605,1600,1600,1605,1600,1601,1610,1594,1594,1603,1613,1589,1606,1650,1600,1615,1613,1599,1587,1622,1601,1588,1607,1606,1591,1604,1615,1585,1597,1616,1601,1591,1621,1602,1589,1610,1629,1584,1599,1609,1584
1600,1600,1603,1603,1600,1600,1600,1600,1607,1603,1598,1601,1602,1600,1600,1604,1602,1601,1606,1600,1600,1599,1600,1602,1590,1602,1598,1602,1601,1600,1597,1604,1602,1602,1600,1607,1602,1600,1605,1600,1597,1600,1597,1600,1584,1601,1587,1610,1602,1596,1604,1600,1605,1600,1600,1601,1601,1601,1596,1600,1611,1603,1594,1601,1616,1587,1595,1632,1584,1559,1662,1645,1497,1558,1719,1589,1502,1699,1597,1415,1759,1819,1297,1434,1950,1599,1344,1840,1595,1168,1929,2096,1003,1257,2239,1599,1163,2025,1583,849,2136,2396,699,1070,2533,1597,978,2192,1615,621,2204,2609,605,949,2611,1655,937,2176,1679,659,2068,2571,775,949,2448,1774,960,1904,1871,978,1696,2309,1217,977,2160,1998,986,1451,2161,1463,1200,1986,1749,1003,1829,2294,1040,962,2396,1949,793,1676,2118,1063,1568,2464,1095,678,2484,2242,624,1472,2303,1151,1408,2450,1231,639,2376,2310,698,1365,2302,1307,1318,2288,1395,779,2168,2262,883,1287,2198,1488,1280,2048,1557,1006,1924,2133,1111,1290,2065,1621,1297,1839,1662,1216,1792,1980,1298,1329,1914,1685,1360,1707,1689,1378,1653,1860,1435,1393,1806,1705,1424,1633,1693,1473,1614,1766,1505,1454,1727,1679,1483,1604,1667,1533,1603,1706,1553,1510,1672,1661,1518,1599,1653,1581,1589,1652,1585,1546,1637,1647,1557,1587,1658,1590,1583,1641,1594,1555,1635,1649,1595,1585,1648,1649,1549,1578,1659,1583,1593,1653,1579,1525,1674,1658,1527,1584,1664,1574,1587,1673,1570,1521,1675,1663,1513,1597,1661,1568,1591,1675,1571,1519,1667,1663,1520,1586,1664,1583,1570,1661,1594,1523,1655,1712,1526,1547,1685,1600,1535,1646,1617,1517,1647,1706,1501,1520,1723,1633,1501,1653,1645,1490,1666,1733,1472,1490,1751,1634,1487,1664,1633,1471,1670,1751,1461,1488,1745,1626,1495,1672,1616,1461,1672,1742,1470,1508,1729,1609,1515,1681,1610,1487,1662,1710,1498,1531,1707,1615,1545,1648,1621,1515,1637,1691,1535,1535,1669,1619,1545,1622,1628,1552,1605,1663,1570,1551,1680,1643,1549,1598,1648,1582,1584,1655,1589,1543,1648,1658,1551,1579,1659,1594,1571,1648,1601,1535,1644,1648,1546,1584,1661,1589,1571,1629,1609,1548,1634,1662,1552,1577,1654,1606,1571,1632,1605,1555,1642,1648,1569,1574,1644,1605,1574,1616,1612,1579,1611,1641,1584,1574,1635,1594,1582,1594,1622,1586,1600,1623,1599,1569,1629,1623,1571,1588,1632,1596,1585,1617,1600,1565,1630,1642,1563,1579,1645,1599,1582,1634,1596,1566,1629,1645,1558,1591,1634,1594,1595,1628,1600,1566,1637,1623,1559,1587,1623,1590,1600,1618,1597,1576,1621,1616,1587,1595,1616,1590,1595,1616,1597,1588,1605,1615,1598,1595,1615,1606,1591,1610,1606,1595,1601,1602,1591,1586,1613,1613,1587,1603,1606,1595,1605,1623,1594,1589,1659,1614,1590,1585,1616,1610,1595,1606,1606,1584,1609,1616,1588,1587,1613,1606,1601,1615,1601,1588,1613,1610,1591,1599,1619,1600,1607,1604,1604,1591,1595,1606,1606,1598,1613,1606,1600,1605,1602,1602,1603,1607,1601,1596,1610,1600,1600,1600,1603,1602,1603,1606,1602,1593,1603,1615,1591,1617,1609,1600,1598,1616,1603,1594,1611,1611,1589,1600,1615,1600,1596,1609,1600,1587,1600,1611,1588,1600,1615,1600,1603,1615,1598,1590,1601,1616,1591,1600,1609,1596,1605,1616
1607,1599,1601,1602,1632,1600,1604,1601,1602,1606,1600,1599,1608,1605,1599,1600,1607,1602,1598,1605,1605,1602,1600,1596,1610,1600,1602,1597,1600,1605,1600,1600,1600,1603,1605,1600,1599,1594,1587,1605,1603,1599,1593,1604,1630,1603,1597,1613,1600,1600,1629,1611,1598,1601,1611,1600,1610,1601,1601,1602,1602,1613,1586,1587,1625,1616,1553,1595,1657,1588,1562,1657,1595,1493,1691,1728,1421,1504,1824,1586,1437,1760,1593,1296,1838,1950,1163,1354,2094,1598,1264,1926,1594,1009,2032,2235,851,1175,2399,1582,1088,2144,1583,689,2202,2535,607,986,2607,1607,960,2210,1623,603,2176,2609,647,948,2554,1679,944,2082,1761,782,1908,2448,975,957,2304,1889,981,1704,2000,1200,1456,2145,1475,983,1986,2160,1003,1193,2301,1739,957,1808,1968,1035,1664,2402,1067,781,2478,2133,664,1553,2271,1095,1452,2496,1151,606,2470,2329,613,1388,2342,1231,1344,2396,1301,659,2308,2322,749,1302,2288,1399,1280,2192,1471,863,2068,2224,977,1280,2145,1551,1289,1960,1601,1090,1856,2069,1199,1310,1981,1642,1341,1777,1663,1296,1717,1906,1379,1379,1853,1666,1423,1677,1664,1431,1642,1780,1482,1461,1732,1659,1502,1619,1637,1520,1616,1690,1552,1533,1651,1629,1555,1615,1616,1575,1597,1629,1595,1584,1597,1611,1591,1600,1605,1606,1594,1601,1615,1595,1603,1607,1596,1584,1625,1611,1582,1611,1631,1586,1590,1637,1594,1565,1635,1633,1554,1586,1642,1583,1587,1648,1577,1535,1664,1647,1550,1590,1650,1559,1600,1666,1567,1524,1668,1648,1527,1599,1647,1563,1592,1667,1566,1535,1655,1659,1525,1587,1664,1574,1570,1655,1595,1518,1654,1683,1515,1550,1696,1598,1530,1651,1617,1498,1658,1710,1488,1516,1728,1616,1505,1665,1605,1474,1680,1735,1453,1498,1744,1610,1507,1678,1613,1456,1682,1743,1458,1510,1737,1600,1520,1685,1591,1457,1682,1728,1471,1531,1715,1583,1546,1675,1584,1491,1667,1710,1502,1557,1685,1610,1554,1664,1597,1520,1647,1674,1529,1561,1663,1605,1555,1632,1615,1554,1623,1654,1566,1555,1653,1621,1567,1603,1616,1575,1596,1647,1584,1558,1647,1635,1553,1584,1641,1590,1584,1635,1594,1557,1630,1643,1556,1584,1647,1598,1582,1620,1601,1557,1621,1627,1564,1580,1638,1612,1580,1614,1614,1572,1606,1630,1584,1579,1625,1614,1574,1607,1617,1591,1589,1621,1598,1580,1621,1629,1579,1600,1632,1601,1584,1607,1610,1561,1621,1633,1565,1570,1637,1603,1571,1622,1602,1567,1631,1646,1559,1584,1637,1587,1584,1605,1598,1565,1629,1637,1564,1585,1630,1590,1598,1630,1590,1574,1630,1623,1579,1597,1616,1586,1600,1625,1589,1584,1598,1616,1586,1602,1615,1593,1601,1610,1601,1587,1610,1610,1591,1590,1611,1600,1594,1607,1609,1593,1606,1616,1589,1581,1616,1605,1587,1607,1607,1589,1605,1622,1600,1585,1613,1621,1586,1584,1619,1595,1598,1618,1600,1584,1610,1616,1595,1597,1616,1594,1600,1616,1599,1588,1611,1613,1579,1603,1607,1600,1600,1613,1600,1594,1614,1609,1600,1600,1607,1600,1575,1600,1605,1595,1597,1607,1599,1593,1606,1607,1600,1600,1606,1596,1600,1610,1600,1600,1609,1600,1591,1595,1611,1602,1598,1613,1598,1584,1615,1606,1591,1587,1611,1597,1600,1616,1592,1587,1616,1610,1593,1598,1600,1598,1607,1617,1619,1597,1614,1600,1603,1602
1607,1600,1603,1602,1583,1600,1598,1600,1611,1619,1601,1582,1616,1604,1586,1600,1601,1601,1604,1616,1600,1590,1611,1600,1594,1600,1601,1601,1599,1611,1599,1586,1611,1603,1593,1598,1602,1601,1586,1613,1595,1587,1615,1607,1603,1602,1601,1611,1598,1595,1603,1603,1602,1602,1602,1573,1599,1617,1599,1625,1613,1606,1586,1600,1627,1600,1569,1617,1617,1569,1626,1666,1488,1511,1730,1662,1431,1622,1723,1471,1617,1837,1393,1325,1962,1795,1185,1623,1909,1310,1617,2116,1215,1042,2268,1959,884,1648,2032,1091,1664,2434,991,733,2558,2141,627,1648,2195,957,1620,2610,959,595,2592,2224,608,1577,2219,1023,1516,2508,1167,679,2346,2233,802,1410,2215,1362,1290,2128,1591,939,1906,2219,1093,1135,2220,1844,963,1636,2109,1255,1392,2216,1407,831,2192,2293,739,1206,2439,1523,1050,2176,1623,687,2130,2541,689,955,2556,1711,912,2054,1771,721,1984,2542,823,909,2466,1811,922,1902,1857,931,1794,2379,1055,967,2272,1887,1043,1710,1877,1178,1639,2160,1327,1103,2074,1889,1165,1587,1874,1367,1552,1968,1443,1232,1884,1842,1301,1531,1819,1489,1525,1818,1533,1352,1772,1771,1407,1548,1745,1555,1548,1730,1563,1457,1702,1706,1487,1569,1671,1571,1584,1680,1574,1518,1664,1648,1535,1598,1626,1571,1616,1649,1583,1558,1639,1622,1570,1607,1617,1579,1607,1633,1583,1567,1637,1621,1586,1591,1654,1635,1552,1599,1643,1581,1590,1650,1575,1535,1658,1649,1529,1586,1655,1584,1584,1669,1571,1532,1666,1648,1534,1585,1652,1577,1580,1658,1582,1549,1647,1648,1549,1574,1648,1600,1574,1633,1600,1561,1616,1649,1570,1559,1659,1627,1535,1600,1648,1564,1591,1673,1559,1506,1686,1671,1488,1575,1694,1559,1593,1710,1535,1477,1717,1703,1465,1584,1697,1523,1585,1729,1519,1456,1740,1691,1457,1597,1681,1493,1610,1744,1507,1456,1731,1692,1477,1589,1666,1503,1614,1722,1511,1485,1712,1653,1504,1610,1654,1533,1613,1700,1553,1510,1682,1653,1521,1600,1662,1561,1593,1664,1584,1531,1659,1659,1535,1577,1649,1587,1568,1647,1594,1549,1633,1664,1543,1570,1665,1613,1560,1635,1617,1559,1623,1664,1555,1563,1657,1616,1553,1601,1625,1552,1616,1651,1563,1563,1648,1628,1559,1613,1625,1567,1616,1648,1583,1559,1634,1621,1563,1598,1622,1587,1585,1638,1591,1567,1627,1619,1583,1594,1618,1600,1587,1616,1611,1584,1613,1612,1580,1579,1633,1616,1578,1610,1616,1574,1610,1641,1574,1580,1635,1615,1577,1609,1616,1579,1611,1642,1578,1579,1646,1610,1579,1615,1602,1580,1616,1634,1581,1584,1626,1601,1588,1617,1611,1584,1611,1619,1590,1600,1624,1600,1586,1610,1604,1595,1600,1617,1588,1600,1611,1618,1584,1604,1616,1575,1600,1614,1589,1596,1619,1621,1586,1595,1612,1595,1596,1618,1590,1584,1621,1615,1588,1578,1614,1615,1586,1593,1613,1584,1609,1617,1593,1584,1616,1607,1587,1608,1602,1584,1610,1616,1590,1585,1611,1609,1600,1606,1600,1590,1585,1610,1595,1597,1607,1602,1582,1603,1600,1601,1604,1603,1595,1603,1601,1607,1595,1605,1601,1600,1600,1602,1600,1611,1605,1584,1599,1600,1605,1616,1595,1603,1601,1600,1603,1610,1591,1600,1614,1604,1596,1604,1603,1594,1607,1610,1591,1597,1609,1602,1613,1603,1600,1588,1607,1613,1603,1598,1606,1600,1599,1616
1600,1603,1601,1603,1604,1600,1603,1583,1610,1606,1591,1601,1607,1597,1601,1607,1601,1589,1612,1603,1587,1600,1616,1602,1625,1607,1599,1595,1609,1606,1590,1601,1610,1606,1600,1600,1603,1597,1600,1613,1590,1599,1611,1607,1601,1601,1604,1617,1599,1642,1600,1612,1600,1606,1600,1600,1600,1608,1595,1599,1606,1605,1590,1602,1606,1593,1610,1627,1579,1555,1667,1648,1498,1574,1712,1569,1526,1718,1553,1414,1787,1799,1297,1484,1909,1533,1424,1889,1499,1147,1994,2039,987,1360,2175,1467,1300,2128,1423,827,2256,2321,670,1232,2457,1399,1161,2330,1403,575,2352,2519,550,1130,2534,1421,1114,2324,1487,591,2240,2510,707,1088,2432,1599,1049,2064,1739,883,1837,2321,1099,1028,2221,1903,971,1586,2100,1327,1308,2112,1571,933,1976,2288,911,1067,2426,1783,881,1864,1947,887,1792,2528,903,741,2576,2067,675,1708,2151,945,1632,2568,1015,655,2512,2178,681,1568,2197,1104,1488,2420,1199,752,2320,2178,842,1444,2150,1311,1422,2185,1393,944,2072,2106,1041,1399,2033,1471,1393,1968,1523,1139,1873,1963,1237,1398,1917,1567,1431,1772,1587,1297,1744,1853,1389,1458,1792,1603,1488,1709,1606,1438,1680,1728,1488,1523,1676,1593,1563,1661,1629,1513,1664,1649,1559,1589,1627,1584,1605,1641,1579,1573,1623,1603,1587,1619,1595,1571,1616,1619,1577,1600,1615,1584,1598,1659,1597,1583,1594,1600,1611,1591,1601,1615,1598,1585,1621,1618,1568,1586,1630,1602,1574,1619,1600,1561,1635,1638,1561,1572,1651,1601,1574,1629,1600,1552,1616,1654,1552,1575,1652,1603,1566,1622,1600,1570,1610,1648,1575,1564,1647,1621,1555,1594,1648,1581,1583,1649,1585,1533,1649,1675,1509,1572,1684,1595,1552,1670,1587,1493,1683,1707,1474,1534,1717,1584,1550,1709,1570,1472,1712,1722,1456,1526,1728,1558,1562,1715,1554,1445,1726,1712,1455,1563,1713,1535,1582,1718,1548,1456,1698,1693,1485,1580,1685,1535,1572,1709,1552,1488,1701,1669,1503,1584,1664,1565,1584,1677,1565,1526,1661,1664,1532,1584,1657,1584,1579,1645,1600,1511,1635,1648,1555,1567,1654,1610,1562,1617,1615,1565,1615,1649,1567,1558,1648,1620,1556,1607,1624,1575,1616,1648,1564,1555,1636,1631,1554,1601,1630,1583,1594,1640,1584,1559,1633,1632,1563,1597,1627,1594,1599,1629,1595,1569,1623,1629,1575,1609,1627,1577,1590,1616,1602,1553,1609,1622,1584,1586,1618,1613,1578,1610,1616,1590,1600,1627,1587,1578,1632,1621,1574,1605,1619,1592,1631,1633,1580,1575,1634,1625,1570,1601,1615,1584,1601,1638,1582,1569,1631,1625,1575,1611,1612,1581,1610,1632,1579,1584,1620,1611,1585,1614,1607,1585,1601,1616,1597,1587,1605,1611,1578,1610,1609,1594,1616,1607,1599,1585,1615,1611,1591,1602,1616,1597,1596,1615,1599,1587,1616,1616,1593,1591,1619,1600,1584,1593,1616,1595,1600,1617,1595,1584,1618,1616,1584,1600,1614,1595,1585,1616,1584,1589,1616,1606,1589,1616,1604,1593,1612,1611,1599,1591,1611,1599,1600,1615,1605,1596,1601,1657,1600,1604,1609,1603,1600,1604,1602,1594,1611,1603,1602,1600,1605,1601,1600,1602,1605,1603,1597,1603,1607,1600,1607,1606,1581,1596,1600,1604,1594,1606,1602,1600,1601,1609,1595,1591,1613,1607,1589,1609,1603,1590,1610,1613,1592,1587,1626,1600,1595,1629,1597,1594,1609,1613
1601,1600,1600,1597,1600,1589,1607,1600,1588,1609,1598,1600,1601,1607,1600,1598,1604,1600,1598,1600,1600,1602,1611,1606,1604,1593,1604,1600,1569,1602,1600,1600,1597,1615,1601,1595,1609,1603,1595,1600,1601,1601,1600,1616,1607,1604,1591,1607,1584,1598,1606,1600,1603,1597,1605,1601,1599,1599,1601,1600,1593,1612,1598,1593,1616,1607,1561,1584,1680,1616,1513,1621,1674,1520,1610,1744,1472,1425,1832,1731,1311,1610,1808,1410,1602,1955,1331,1168,2112,1892,1005,1600,1987,1233,1614,2260,1123,868,2432,2087,705,1616,2178,1039,1584,2546,997,612,2592,2243,577,1568,2270,999,1531,2578,1075,594,2492,2269,663,1458,2271,1213,1360,2321,1407,785,2104,2253,937,1239,2241,1631,1095,1872,1890,1089,1626,2236,1263,927,2224,2135,809,1360,2342,1427,1174,2192,1551,715,2176,2488,656,1004,2586,1663,896,2130,1747,656,2057,2620,703,865,2595,1823,844,1968,1855,771,1904,2531,885,863,2440,1883,909,1810,1913,999,1731,2322,1123,980,2218,1905,1067,1670,1872,1233,1612,2096,1325,1151,1986,1867,1215,1584,1821,1407,1566,1893,1475,1318,1809,1776,1392,1562,1735,1520,1562,1744,1555,1462,1693,1684,1520,1571,1646,1579,1593,1650,1593,1565,1613,1617,1600,1601,1606,1605,1602,1585,1601,1624,1568,1581,1639,1600,1576,1625,1599,1555,1637,1644,1554,1584,1629,1586,1585,1646,1584,1553,1604,1627,1568,1565,1637,1614,1578,1627,1599,1557,1634,1643,1566,1597,1620,1579,1613,1650,1569,1554,1651,1617,1554,1620,1605,1551,1628,1665,1547,1565,1658,1603,1566,1626,1607,1552,1632,1662,1549,1573,1665,1611,1552,1621,1618,1549,1621,1667,1543,1543,1687,1633,1520,1623,1648,1533,1619,1694,1521,1509,1717,1648,1505,1620,1631,1514,1633,1723,1495,1486,1728,1648,1485,1634,1648,1493,1649,1735,1481,1493,1731,1638,1493,1658,1627,1483,1653,1727,1488,1520,1712,1616,1520,1654,1607,1501,1650,1690,1509,1535,1683,1601,1551,1648,1615,1525,1632,1669,1552,1559,1661,1616,1574,1621,1617,1557,1602,1645,1589,1566,1618,1619,1567,1597,1631,1599,1586,1618,1601,1575,1615,1639,1569,1576,1642,1615,1573,1612,1620,1584,1611,1636,1574,1561,1648,1616,1557,1600,1618,1574,1602,1639,1571,1557,1645,1626,1563,1603,1627,1582,1599,1635,1584,1570,1631,1626,1581,1600,1618,1587,1593,1630,1598,1573,1619,1628,1578,1599,1629,1600,1584,1606,1601,1581,1616,1630,1580,1584,1629,1601,1582,1616,1600,1578,1621,1647,1574,1584,1639,1597,1583,1626,1597,1573,1626,1631,1580,1584,1631,1590,1584,1635,1600,1572,1630,1619,1584,1595,1627,1585,1603,1626,1596,1582,1618,1610,1584,1601,1612,1597,1598,1619,1594,1593,1610,1616,1590,1601,1607,1636,1597,1618,1600,1591,1605,1605,1595,1609,1613,1600,1590,1607,1599,1590,1601,1616,1600,1586,1610,1623,1586,1595,1613,1601,1597,1620,1600,1587,1616,1600,1588,1605,1606,1600,1600,1614,1600,1586,1611,1611,1585,1602,1600,1600,1607,1609,1593,1588,1616,1600,1600,1600,1587,1595,1617,1607,1600,1599,1605,1603,1594,1605,1598,1607,1602,1603,1601,1600,1600,1600,1600,1595,1600,1605,1595,1614,1613,1602,1598,1589,1600,1598,1609,1611,1594,1591,1611,1603,1598,1607,1591,1589,1584,1611,1579,1600,1619,1599,1601,1607,1599,1586,1589,1610,1591,1599
1600,1601,1605,1606,1596,1600,1602,1610,1609,1616,1607,1602,1603,1617,1601,1621,1600,1616,1599,1616,1606,1592,1605,1613,1605,1600,1607,1607,1603,1607,1607,1601,1605,1605,1602,1601,1607,1603,1600,1611,1612,1603,1600,1603,1584,1605,1595,1603,1590,1597,1605,1603,1591,1602,1605,1599,1605,1606,1600,1601,1611,1597,1584,1584,1616,1606,1595,1623,1584,1535,1654,1654,1490,1531,1735,1599,1489,1687,1617,1422,1742,1835,1310,1414,1963,1630,1321,1808,1647,1178,1888,2110,1023,1216,2261,1649,1116,1977,1659,871,2068,2420,724,1004,2557,1677,912,2112,1711,651,2128,2625,639,870,2636,1733,862,2096,1787,689,1992,2573,815,858,2476,1855,896,1834,1950,1012,1636,2320,1247,925,2166,2065,944,1399,2215,1503,1158,1978,1767,979,1797,2338,999,914,2422,1995,755,1648,2167,1067,1522,2492,1099,633,2504,2303,580,1424,2369,1174,1352,2472,1253,589,2400,2389,631,1304,2371,1331,1254,2308,1415,715,2196,2335,823,1234,2275,1503,1240,2065,1581,943,1968,2192,1066,1250,2116,1626,1281,1860,1662,1171,1792,2016,1273,1328,1931,1675,1364,1731,1674,1355,1675,1856,1424,1420,1781,1671,1461,1634,1653,1487,1629,1731,1526,1515,1675,1641,1552,1619,1622,1559,1617,1634,1584,1583,1610,1610,1584,1600,1616,1615,1581,1585,1630,1616,1587,1601,1616,1584,1627,1635,1576,1571,1636,1611,1571,1617,1632,1572,1585,1624,1586,1572,1627,1630,1552,1609,1615,1584,1614,1645,1578,1568,1634,1605,1581,1617,1601,1563,1630,1631,1563,1586,1631,1590,1595,1635,1590,1559,1631,1633,1561,1594,1635,1595,1587,1622,1597,1562,1627,1643,1555,1582,1648,1602,1535,1637,1616,1549,1628,1665,1522,1553,1685,1607,1535,1648,1603,1506,1660,1699,1489,1529,1717,1608,1526,1678,1600,1473,1682,1725,1469,1534,1719,1584,1550,1697,1568,1467,1710,1715,1459,1563,1700,1555,1564,1709,1555,1465,1703,1705,1479,1581,1689,1555,1579,1696,1554,1498,1682,1667,1511,1584,1680,1559,1570,1671,1578,1519,1645,1655,1551,1587,1643,1591,1583,1641,1597,1553,1620,1643,1568,1579,1643,1606,1573,1616,1616,1583,1610,1631,1589,1556,1635,1626,1572,1598,1631,1594,1587,1616,1597,1569,1621,1631,1563,1585,1634,1600,1581,1620,1603,1569,1616,1627,1580,1584,1618,1609,1591,1612,1603,1577,1648,1621,1584,1584,1619,1607,1583,1601,1611,1586,1597,1625,1596,1579,1623,1618,1581,1584,1625,1600,1589,1619,1599,1579,1623,1629,1564,1585,1631,1593,1593,1622,1597,1557,1630,1632,1565,1595,1634,1586,1583,1628,1567,1572,1623,1616,1569,1600,1617,1584,1600,1619,1587,1574,1622,1616,1582,1599,1613,1594,1598,1616,1594,1585,1613,1607,1585,1600,1611,1599,1602,1605,1601,1585,1611,1614,1585,1598,1618,1595,1605,1603,1601,1584,1603,1615,1585,1597,1617,1600,1586,1599,1615,1598,1602,1613,1593,1589,1616,1614,1584,1595,1614,1586,1605,1616,1594,1584,1621,1606,1589,1604,1609,1591,1607,1616,1589,1598,1611,1603,1601,1615,1611,1594,1605,1616,1597,1597,1607,1601,1600,1609,1601,1595,1608,1606,1598,1610,1605,1599,1604,1597,1602,1600,1600,1609,1599,1601,1597,1616,1602,1595,1606,1600,1598,1600,1611,1600,1604,1600,1596,1595,1616,1612,1589,1600,1607,1600,1598,1609,1600,1587,1610,1603,1612,1604,1604,1594,1602,1616
1599,1605,1600,1604,1598,1607,1609,1608,1600,1602,1600,1602,1598,1608,1601,1603,1606,1599,1602,1600,1605,1599,1604,1599,1601,1600,1603,1606,1600,1600,1607,1599,1602,1600,1601,1600,1600,1602,1606,1600,1613,1601,1584,1600,1611,1603,1595,1599,1600,1603,1602,1600,1603,1600,1600,1607,1599,1601,1603,1603,1588,1613,1609,1588,1597,1637,1579,1563,1666,1622,1493,1573,1717,1583,1523,1699,1570,1413,1775,1812,1299,1461,1931,1559,1386,1870,1535,1157,1968,2069,987,1317,2247,1521,1252,2088,1495,831,2218,2352,675,1165,2487,1487,1085,2277,1493,587,2304,2571,567,1040,2589,1511,1027,2250,1583,589,2176,2579,709,984,2480,1682,976,2016,1815,889,1796,2368,1106,951,2256,1968,918,1552,2160,1328,1260,2137,1579,887,2000,2326,875,1043,2458,1791,855,1890,1951,869,1796,2558,883,709,2608,2082,642,1712,2167,927,1620,2597,1005,629,2529,2207,656,1561,2213,1095,1492,2448,1195,720,2338,2207,806,1432,2176,1295,1404,2218,1387,910,2098,2121,1008,1392,2067,1457,1394,1988,1513,1119,1904,1993,1220,1408,1915,1562,1440,1825,1581,1299,1768,1855,1377,1451,1785,1585,1509,1723,1583,1446,1692,1727,1487,1548,1681,1575,1591,1665,1573,1505,1651,1634,1559,1612,1607,1573,1619,1641,1552,1596,1629,1587,1621,1647,1567,1570,1648,1611,1584,1615,1601,1567,1622,1635,1573,1589,1618,1601,1584,1621,1606,1599,1594,1615,1595,1591,1591,1600,1610,1594,1585,1601,1600,1595,1615,1620,1574,1598,1617,1593,1598,1621,1587,1575,1619,1626,1573,1589,1628,1588,1600,1625,1597,1578,1629,1616,1581,1565,1622,1591,1582,1614,1619,1580,1609,1627,1588,1566,1634,1634,1554,1594,1648,1583,1577,1653,1587,1526,1678,1662,1517,1579,1680,1571,1575,1685,1567,1497,1708,1687,1483,1584,1680,1550,1595,1712,1529,1482,1718,1681,1474,1601,1666,1526,1606,1712,1513,1454,1719,1663,1485,1616,1659,1521,1616,1712,1520,1501,1712,1650,1510,1616,1651,1529,1616,1698,1552,1517,1687,1639,1523,1609,1643,1549,1602,1675,1578,1524,1663,1646,1535,1595,1642,1574,1593,1648,1583,1552,1637,1650,1547,1584,1642,1587,1584,1629,1599,1554,1630,1641,1566,1582,1645,1600,1575,1623,1609,1567,1616,1633,1568,1582,1629,1605,1583,1618,1602,1578,1607,1630,1580,1584,1619,1602,1589,1616,1611,1582,1616,1608,1590,1589,1605,1607,1597,1600,1601,1599,1591,1605,1598,1600,1600,1628,1594,1584,1613,1598,1587,1600,1609,1595,1605,1616,1595,1578,1623,1610,1587,1599,1614,1579,1606,1621,1584,1582,1634,1603,1585,1614,1584,1584,1611,1616,1584,1587,1612,1600,1587,1616,1595,1591,1610,1616,1590,1593,1606,1600,1591,1611,1601,1591,1605,1620,1594,1597,1613,1601,1595,1600,1603,1600,1600,1611,1595,1594,1616,1607,1593,1599,1610,1589,1607,1616,1605,1584,1610,1615,1585,1629,1616,1598,1585,1619,1604,1601,1614,1615,1584,1593,1617,1598,1593,1615,1594,1584,1607,1619,1582,1601,1616,1594,1593,1616,1601,1579,1621,1613,1593,1599,1616,1590,1600,1614,1591,1589,1616,1602,1586,1600,1601,1600,1598,1616,1598,1594,1604,1598,1589,1648,1600,1606,1602,1613,1602,1584,1601,1606,1600,1600,1600,1607,1595,1600,1605,1600,1595,1607,1600,1592,1621,1609,1595,1596,1610,1599,1595,1610,1595,1590,1605,1616,1585,1598
1600,1605,1597,1588,1600,1597,1610,1601,1591,1594,1603,1582,1610,1603,1598,1594,1601,1610,1593,1601,1606,1600,1600,1605,1599,1600,1609,1601,1593,1601,1602,1600,1595,1600,1597,1602,1605,1611,1589,1604,1599,1605,1600,1600,1614,1607,1597,1595,1610,1597,1600,1603,1606,1607,1601,1602,1600,1598,1610,1595,1591,1609,1613,1589,1600,1629,1584,1569,1654,1649,1497,1565,1726,1585,1503,1696,1586,1421,1754,1822,1306,1441,1945,1584,1347,1843,1581,1162,1940,2091,1007,1276,2224,1575,1196,2042,1553,847,2156,2383,689,1104,2517,1559,1014,2216,1583,603,2228,2602,587,972,2610,1599,956,2194,1663,630,2106,2570,752,944,2479,1749,942,1936,1877,931,1740,2352,1159,938,2224,2010,915,1488,2176,1395,1226,2084,1651,915,1920,2338,919,992,2448,1871,816,1792,2035,935,1696,2532,967,683,2576,2161,607,1600,2246,1011,1520,2552,1095,603,2496,2282,641,1456,2283,1171,1397,2404,1270,702,2290,2265,791,1356,2224,1361,1336,2176,1445,911,2077,2164,1015,1331,2105,1524,1344,1953,1573,1122,1852,2013,1231,1362,1935,1603,1403,1794,1617,1319,1733,1860,1392,1443,1791,1610,1483,1689,1616,1451,1656,1722,1497,1521,1680,1605,1559,1645,1598,1547,1632,1648,1574,1585,1619,1594,1605,1615,1598,1599,1607,1598,1616,1613,1587,1600,1612,1596,1603,1623,1585,1582,1625,1610,1581,1611,1603,1581,1589,1628,1593,1572,1627,1620,1581,1600,1613,1582,1610,1632,1571,1579,1630,1600,1585,1622,1598,1578,1623,1621,1575,1584,1625,1595,1600,1632,1588,1573,1628,1606,1583,1615,1618,1595,1599,1617,1591,1556,1629,1618,1563,1591,1639,1588,1585,1641,1588,1547,1642,1650,1531,1568,1668,1593,1548,1664,1584,1505,1679,1682,1488,1558,1703,1572,1557,1694,1558,1471,1709,1707,1456,1568,1702,1552,1576,1723,1535,1447,1726,1709,1463,1570,1694,1547,1586,1729,1526,1467,1723,1681,1475,1592,1671,1531,1598,1706,1535,1490,1685,1664,1503,1601,1655,1535,1597,1680,1553,1525,1670,1647,1535,1595,1642,1570,1591,1648,1580,1555,1634,1639,1567,1595,1629,1587,1590,1622,1598,1583,1614,1626,1584,1564,1623,1594,1578,1616,1617,1594,1601,1621,1597,1570,1622,1614,1575,1595,1619,1593,1600,1618,1600,1575,1629,1618,1564,1586,1613,1598,1590,1615,1603,1582,1613,1616,1590,1590,1618,1603,1587,1602,1616,1587,1601,1614,1596,1587,1621,1616,1581,1601,1622,1582,1594,1625,1599,1574,1616,1611,1571,1600,1627,1594,1595,1621,1591,1573,1627,1622,1573,1597,1623,1587,1603,1631,1597,1579,1616,1619,1584,1605,1605,1577,1606,1629,1584,1584,1627,1611,1583,1606,1611,1595,1607,1616,1587,1589,1615,1610,1590,1575,1607,1606,1603,1616,1591,1601,1617,1635,1593,1598,1611,1600,1602,1615,1600,1594,1614,1613,1587,1601,1623,1596,1578,1616,1615,1587,1602,1602,1584,1585,1621,1614,1587,1606,1610,1586,1601,1622,1590,1587,1618,1605,1587,1610,1601,1591,1616,1616,1597,1590,1599,1600,1583,1613,1618,1590,1614,1607,1591,1601,1611,1599,1605,1614,1600,1590,1609,1614,1596,1603,1611,1600,1602,1603,1606,1597,1606,1603,1603,1602,1581,1600,1602,1605,1600,1600,1593,1601,1600,1606,1600,1606,1599,1600,1603,1606,1600,1611,1648,1590,1607,1613,1600,1599,1609,1610,1599,1600,1601,1591,1610,1611,1600,1594
1606,1600,1600,1600,1601,1578,1614,1600,1584,1603,1605,1599,1600,1616,1599,1595,1613,1598,1586,1600,1603,1602,1598,1608,1601,1589,1610,1601,1591,1600,1603,1600,1600,1616,1604,1584,1614,1601,1587,1600,1600,1604,1603,1611,1607,1602,1600,1600,1601,1599,1600,1600,1596,1597,1603,1601,1597,1602,1607,1598,1602,1602,1600,1584,1621,1617,1552,1583,1672,1609,1522,1632,1643,1507,1649,1745,1442,1445,1842,1681,1344,1663,1743,1359,1682,1968,1249,1219,2117,1808,1089,1712,1871,1135,1755,2285,989,945,2452,1919,806,1794,1991,886,1796,2592,831,695,2640,2047,651,1792,2082,847,1750,2640,891,653,2576,2111,690,1648,2151,1023,1528,2432,1227,771,2241,2187,867,1372,2230,1459,1173,2037,1727,959,1802,2304,1051,965,2358,1995,789,1581,2207,1183,1392,2384,1267,656,2402,2378,571,1246,2496,1347,1137,2393,1423,543,2338,2559,560,1078,2559,1491,1041,2272,1563,619,2182,2527,703,1035,2460,1631,1042,2080,1680,823,1968,2370,947,1086,2258,1712,1136,1880,1701,1079,1795,2162,1183,1200,2067,1738,1269,1728,1734,1295,1677,1937,1383,1338,1849,1715,1403,1640,1695,1453,1622,1770,1517,1456,1712,1667,1514,1611,1647,1553,1598,1635,1584,1552,1631,1627,1583,1584,1621,1605,1577,1600,1619,1596,1584,1620,1600,1573,1601,1645,1559,1575,1654,1600,1568,1639,1591,1548,1648,1662,1535,1575,1666,1552,1515,1590,1626,1567,1602,1675,1549,1527,1680,1652,1524,1616,1638,1535,1630,1684,1534,1523,1683,1613,1535,1633,1616,1530,1647,1678,1531,1558,1677,1607,1559,1638,1601,1521,1644,1696,1531,1559,1670,1614,1557,1607,1600,1530,1641,1671,1522,1552,1681,1613,1534,1647,1610,1520,1646,1695,1497,1535,1697,1616,1533,1665,1600,1490,1672,1714,1486,1520,1721,1598,1531,1687,1593,1469,1695,1726,1467,1525,1721,1577,1552,1691,1574,1468,1705,1712,1471,1529,1699,1570,1562,1704,1568,1485,1687,1684,1503,1572,1677,1563,1586,1676,1574,1517,1648,1661,1535,1586,1638,1582,1598,1650,1585,1558,1635,1648,1570,1584,1621,1602,1586,1613,1612,1586,1597,1621,1595,1584,1615,1616,1583,1591,1626,1612,1586,1616,1614,1579,1611,1629,1583,1575,1635,1616,1567,1613,1616,1584,1609,1632,1580,1568,1635,1623,1575,1611,1665,1578,1609,1638,1589,1570,1638,1622,1571,1599,1619,1584,1587,1630,1599,1567,1623,1625,1569,1597,1631,1591,1585,1618,1600,1569,1626,1635,1572,1584,1632,1600,1578,1630,1599,1566,1632,1632,1565,1585,1604,1600,1590,1635,1594,1559,1639,1627,1566,1587,1622,1591,1601,1623,1590,1568,1632,1615,1584,1594,1615,1587,1605,1637,1587,1585,1617,1602,1594,1609,1601,1586,1603,1616,1584,1598,1609,1607,1600,1604,1594,1596,1609,1607,1602,1599,1604,1591,1604,1602,1600,1599,1605,1602,1599,1602,1601,1602,1605,1600,1613,1571,1609,1600,1607,1587,1604,1603,1601,1600,1605,1602,1594,1615,1600,1599,1616,1606,1600,1597,1618,1588,1600,1604,1595,1600,1612,1607,1628,1602,1604,1601,1600,1613,1600,1596,1603,1607,1598,1611,1607,1597,1605,1606,1599,1599,1610,1603,1604,1599,1600,1597,1599,1600,1603,1603,1603,1598,1603,1599,1605,1603,1601,1594,1605,1605,1599,1600,1607,1599,1605,1607,1600,1600,1640,1615,1603,1612,1610,1595,1605,1616,1592,1594,1615,1602,1594,1615
1598,1600,1599,1616,1590,1605,1603,1600,1600,1606,1599,1593,1606,1600,1584,1607,1599,1606,1591,1611,1600,1600,1605,1600,1584,1604,1598,1605,1591,1612,1606,1591,1607,1600,1593,1600,1602,1602,1591,1611,1601,1595,1607,1604,1614,1597,1599,1607,1595,1599,1614,1602,1596,1600,1611,1599,1597,1601,1602,1603,1603,1602,1587,1600,1631,1601,1567,1609,1631,1571,1590,1673,1549,1501,1712,1693,1419,1570,1747,1517,1535,1809,1474,1294,1926,1869,1150,1500,1985,1413,1460,2064,1358,997,2202,2111,837,1438,2227,1264,1412,2320,1223,675,2452,2346,575,1344,2413,1211,1318,2488,1229,535,2464,2434,547,1288,2431,1291,1232,2384,1407,643,2224,2407,789,1154,2380,1587,1082,2000,1790,955,1756,2310,1135,972,2266,2014,862,1488,2245,1335,1244,2197,1523,783,2140,2410,711,1044,2545,1663,889,2097,1783,687,2021,2629,703,788,2648,1873,752,1940,1936,762,1874,2616,843,752,2554,1982,775,1792,2011,943,1716,2448,1067,850,2324,2010,913,1640,1987,1175,1584,2224,1276,1008,2108,1966,1097,1547,1923,1357,1520,1972,1431,1190,1904,1873,1282,1516,1821,1482,1529,1825,1517,1349,1769,1775,1422,1550,1729,1555,1556,1719,1565,1477,1690,1686,1520,1585,1641,1577,1605,1657,1579,1553,1634,1633,1580,1602,1607,1593,1602,1611,1600,1600,1601,1597,1615,1606,1598,1613,1600,1589,1616,1617,1584,1600,1629,1593,1583,1600,1609,1597,1613,1627,1584,1600,1618,1600,1595,1618,1592,1591,1622,1615,1588,1597,1606,1579,1607,1621,1584,1594,1619,1600,1595,1621,1597,1583,1618,1619,1585,1600,1621,1593,1585,1619,1595,1586,1659,1624,1596,1587,1631,1610,1572,1609,1622,1577,1610,1647,1562,1562,1664,1637,1535,1609,1641,1559,1613,1682,1548,1520,1703,1648,1500,1622,1652,1527,1626,1715,1509,1503,1727,1645,1491,1637,1638,1501,1646,1734,1489,1498,1737,1634,1521,1655,1627,1488,1663,1729,1503,1509,1723,1617,1517,1654,1616,1495,1653,1709,1506,1531,1686,1616,1535,1653,1613,1546,1639,1681,1534,1592,1665,1616,1552,1625,1617,1552,1627,1657,1554,1511,1655,1621,1574,1611,1616,1567,1611,1643,1584,1571,1629,1621,1616,1603,1623,1585,1594,1623,1571,1575,1617,1622,1587,1594,1617,1599,1591,1625,1590,1584,1612,1627,1581,1600,1616,1603,1593,1616,1602,1634,1605,1616,1588,1615,1616,1604,1600,1607,1606,1602,1606,1609,1594,1600,1600,1611,1595,1603,1609,1606,1601,1605,1612,1588,1616,1605,1587,1585,1619,1609,1594,1610,1604,1588,1615,1618,1584,1590,1622,1638,1594,1635,1591,1583,1614,1621,1585,1596,1616,1596,1607,1618,1599,1594,1617,1616,1585,1605,1607,1591,1601,1616,1599,1589,1615,1609,1595,1607,1604,1600,1602,1606,1638,1598,1607,1610,1590,1600,1609,1602,1602,1603,1605,1603,1611,1616,1595,1591,1613,1610,1591,1588,1617,1600,1586,1616,1606,1587,1615,1616,1583,1599,1621,1597,1582,1619,1598,1584,1619,1616,1584,1599,1615,1594,1600,1617,1595,1590,1619,1616,1584,1603,1621,1593,1605,1607,1591,1584,1619,1614,1584,1609,1611,1582,1609,1617,1599,1589,1612,1605,1600,1598,1607,1598,1600,1610,1590,1595,1610,1602,1584,1600,1602,1600,1647,1610,1605,1597,1603,1609,1601,1603,1613,1606,1600,1603,1615,1599,1607,1603,1601,1595,1607,1615,1591,1602,1604,1607,1606,1623
1603,1604,1600,1603,1591,1602,1602,1606,1608,1614,1605,1589,1607,1603,1594,1608,1600,1606,1600,1605,1601,1599,1622,1605,1588,1600,1602,1602,1594,1603,1605,1598,1600,1607,1600,1600,1611,1610,1598,1600,1607,1600,1605,1605,1612,1600,1595,1609,1600,1603,1605,1603,1602,1599,1607,1603,1600,1601,1600,1580,1601,1613,1584,1606,1632,1600,1568,1604,1641,1585,1586,1674,1567,1495,1735,1695,1419,1557,1779,1520,1521,1804,1522,1293,1909,1887,1151,1483,2002,1439,1433,2050,1385,997,2188,2129,829,1403,2250,1311,1360,2320,1267,667,2424,2375,567,1306,2445,1265,1268,2452,1279,541,2436,2467,555,1222,2466,1339,1184,2344,1457,647,2186,2425,804,1120,2368,1631,1060,1965,1819,974,1728,2308,1179,961,2253,2035,852,1456,2251,1367,1194,2170,1567,795,2112,2420,739,1025,2553,1713,864,2048,1835,711,1972,2628,735,774,2651,1935,734,1890,1979,798,1828,2594,875,736,2544,2011,774,1744,2033,967,1676,2442,1089,839,2316,2027,927,1616,1982,1202,1584,2198,1303,1013,2091,1959,1133,1529,1918,1378,1520,1970,1457,1223,1878,1857,1317,1528,1808,1499,1535,1798,1545,1391,1741,1749,1457,1550,1706,1566,1570,1683,1584,1510,1657,1657,1534,1584,1630,1587,1592,1625,1600,1590,1600,1603,1606,1602,1589,1611,1591,1587,1616,1628,1583,1591,1636,1593,1591,1627,1586,1563,1643,1631,1554,1598,1643,1578,1555,1616,1616,1568,1634,1649,1553,1567,1636,1606,1569,1632,1585,1566,1643,1643,1552,1586,1629,1591,1604,1642,1572,1561,1643,1627,1574,1611,1615,1565,1619,1629,1565,1574,1637,1625,1570,1635,1615,1573,1616,1643,1567,1564,1653,1616,1554,1616,1617,1561,1616,1670,1556,1535,1686,1630,1501,1616,1642,1531,1624,1692,1477,1509,1714,1647,1491,1631,1642,1505,1636,1728,1490,1491,1735,1639,1489,1648,1627,1488,1653,1730,1482,1501,1731,1631,1511,1664,1613,1475,1664,1722,1491,1519,1709,1602,1543,1662,1600,1501,1659,1696,1513,1551,1666,1596,1559,1648,1602,1519,1645,1664,1570,1563,1651,1601,1569,1634,1603,1563,1617,1645,1577,1582,1633,1607,1584,1610,1610,1585,1600,1632,1587,1586,1617,1621,1584,1595,1623,1613,1583,1616,1606,1589,1610,1619,1583,1586,1616,1616,1584,1614,1611,1587,1607,1621,1585,1585,1619,1611,1584,1602,1610,1595,1600,1600,1595,1575,1615,1602,1598,1600,1604,1605,1599,1607,1600,1589,1603,1611,1595,1587,1615,1610,1589,1613,1607,1600,1606,1627,1585,1587,1616,1616,1579,1607,1605,1586,1607,1622,1589,1582,1610,1603,1585,1616,1602,1584,1609,1622,1585,1589,1625,1603,1601,1616,1598,1588,1616,1618,1586,1600,1611,1598,1600,1600,1597,1590,1615,1599,1599,1585,1603,1595,1598,1600,1597,1607,1600,1604,1602,1602,1605,1599,1601,1606,1604,1597,1615,1600,1600,1595,1622,1600,1598,1599,1614,1615,1600,1618,1599,1601,1616,1613,1596,1597,1614,1595,1602,1616,1599,1591,1613,1605,1583,1606,1601,1594,1603,1616,1587,1595,1611,1607,1602,1615,1602,1598,1607,1616,1589,1598,1610,1607,1593,1605,1601,1591,1607,1610,1594,1587,1605,1606,1590,1590,1597,1600,1601,1611,1597,1605,1606,1598,1600,1600,1600,1605,1601,1607,1595,1599,1604,1605,1600,1598,1616,1605,1586,1602,1616,1601,1603,1613,1582,1592,1613,1599,1598,1601,1601,1597,1600,1615
1601,1603,1601,1600,1599,1601,1600,1618,1600,1612,1613,1600,1611,1593,1600,1600,1599,1616,1599,1610,1616,1605,1607,1597,1603,1606,1593,1610,1597,1612,1629,1606,1613,1597,1605,1601,1609,1615,1598,1606,1618,1603,1604,1593,1604,1607,1594,1600,1605,1647,1595,1616,1603,1600,1600,1607,1603,1601,1613,1601,1593,1599,1626,1587,1584,1619,1600,1558,1643,1661,1497,1551,1731,1609,1472,1670,1639,1424,1716,1831,1325,1386,1968,1661,1286,1765,1687,1191,1832,2115,1055,1169,2263,1712,1058,1909,1735,902,1985,2426,767,931,2585,1770,837,2024,1811,695,2024,2642,682,835,2656,1843,779,1984,1891,723,1896,2608,859,784,2498,1959,819,1746,2039,1047,1569,2348,1271,859,2186,2141,894,1339,2254,1515,1104,2004,1783,927,1824,2380,987,889,2454,1989,737,1675,2159,1023,1548,2508,1083,622,2517,2285,570,1444,2356,1151,1368,2472,1223,586,2416,2352,619,1325,2366,1311,1274,2336,1391,699,2222,2329,799,1256,2269,1467,1261,2112,1551,919,1998,2195,1037,1275,2110,1585,1298,1904,1617,1151,1822,2017,1241,1337,1933,1638,1377,1758,1663,1328,1707,1856,1395,1431,1793,1643,1475,1664,1635,1456,1652,1739,1499,1517,1686,1616,1548,1642,1602,1535,1607,1648,1566,1579,1621,1600,1598,1613,1591,1590,1605,1600,1606,1606,1584,1600,1613,1601,1606,1627,1586,1558,1633,1602,1578,1609,1609,1575,1590,1629,1599,1568,1616,1617,1552,1587,1622,1595,1600,1627,1584,1583,1620,1607,1589,1610,1600,1581,1613,1616,1579,1601,1606,1593,1603,1618,1582,1589,1617,1612,1584,1613,1605,1571,1609,1637,1584,1583,1621,1603,1583,1603,1618,1582,1600,1625,1584,1566,1637,1633,1549,1587,1654,1571,1579,1650,1579,1521,1665,1664,1507,1572,1680,1573,1568,1682,1563,1488,1694,1689,1475,1573,1697,1553,1577,1703,1550,1475,1721,1663,1473,1582,1687,1521,1588,1728,1523,1474,1719,1677,1482,1593,1677,1520,1600,1706,1535,1488,1707,1658,1509,1600,1665,1534,1610,1686,1543,1520,1673,1649,1530,1604,1647,1552,1605,1660,1568,1535,1648,1638,1546,1601,1628,1583,1591,1645,1582,1562,1629,1630,1567,1589,1621,1603,1591,1623,1600,1573,1615,1623,1581,1584,1616,1600,1589,1613,1599,1586,1614,1616,1593,1584,1616,1599,1616,1605,1598,1598,1609,1607,1600,1590,1607,1600,1600,1600,1601,1595,1600,1602,1600,1603,1600,1601,1600,1614,1600,1607,1597,1599,1614,1604,1590,1603,1600,1590,1604,1609,1575,1595,1616,1595,1600,1610,1599,1584,1613,1606,1584,1600,1611,1588,1600,1616,1595,1587,1626,1607,1588,1609,1603,1584,1615,1616,1585,1596,1616,1604,1597,1616,1600,1584,1616,1612,1590,1591,1611,1613,1603,1606,1600,1591,1604,1610,1600,1595,1605,1607,1600,1608,1598,1600,1601,1602,1600,1598,1609,1600,1597,1605,1599,1592,1603,1615,1600,1600,1611,1611,1593,1584,1616,1607,1585,1611,1600,1585,1609,1616,1585,1589,1616,1597,1591,1616,1593,1584,1613,1616,1556,1595,1612,1593,1600,1618,1549,1586,1616,1615,1583,1600,1615,1594,1597,1613,1595,1584,1615,1609,1590,1600,1604,1606,1600,1614,1599,1589,1611,1603,1600,1607,1609,1589,1605,1600,1600,1601,1609,1602,1597,1602,1605,1602,1600,1603,1600,1603,1604,1600,1606,1600,1610,1609,1599,1597,1616,1597,1596,1600,1600,1589,1604,1602,1595,1595
1602,1601,1646,1601,1601,1587,1613,1607,1591,1598,1603,1605,1600,1611,1597,1590,1610,1610,1597,1594,1602,1602,1605,1601,1600,1597,1605,1600,1593,1638,1606,1607,1599,1600,1606,1590,1601,1607,1594,1598,1616,1600,1598,1603,1603,1591,1600,1614,1612,1600,1598,1600,1584,1591,1615,1601,1597,1600,1627,1600,1591,1602,1602,1584,1611,1632,1568,1565,1664,1632,1493,1595,1697,1551,1570,1728,1515,1421,1811,1765,1295,1548,1872,1477,1496,1926,1415,1149,2064,1981,989,1464,2107,1359,1424,2202,1267,837,2348,2220,658,1412,2343,1205,1354,2480,1175,535,2544,2453,511,1296,2512,1203,1252,2550,1247,523,2502,2525,519,1198,2528,1359,1110,2370,1509,597,2170,2512,752,1040,2453,1713,925,1938,1915,933,1666,2416,1119,821,2358,2159,705,1416,2368,1331,1166,2290,1507,639,2232,2543,599,970,2649,1663,832,2160,1783,579,2096,2730,607,736,2740,1869,706,2000,1935,683,1905,2688,775,720,2604,1967,752,1810,1995,899,1728,2467,1023,827,2368,1999,911,1657,1985,1139,1606,2240,1247,987,2128,1963,1095,1566,1917,1345,1552,2006,1426,1184,1894,1874,1269,1529,1824,1471,1529,1840,1505,1345,1772,1776,1408,1546,1720,1546,1561,1724,1557,1473,1687,1685,1505,1552,1654,1580,1582,1645,1586,1549,1635,1630,1566,1589,1614,1594,1593,1616,1600,1587,1598,1613,1598,1593,1600,1611,1585,1599,1611,1605,1584,1592,1616,1603,1586,1613,1595,1583,1612,1615,1584,1595,1617,1590,1599,1616,1589,1585,1619,1607,1583,1605,1602,1584,1627,1615,1584,1588,1616,1586,1594,1625,1588,1573,1619,1617,1573,1600,1619,1598,1594,1648,1595,1568,1631,1629,1560,1584,1647,1596,1565,1629,1598,1552,1619,1659,1530,1549,1680,1617,1533,1634,1620,1518,1646,1693,1493,1518,1716,1616,1517,1655,1621,1479,1665,1731,1462,1501,1741,1616,1502,1674,1606,1457,1681,1742,1456,1501,1744,1600,1519,1681,1591,1457,1690,1730,1461,1494,1717,1584,1529,1695,1586,1476,1681,1709,1487,1546,1690,1585,1551,1664,1591,1501,1658,1675,1531,1562,1654,1600,1552,1646,1593,1546,1666,1650,1552,1569,1636,1607,1569,1622,1607,1573,1616,1636,1582,1572,1629,1610,1577,1611,1615,1582,1603,1623,1591,1564,1621,1600,1581,1623,1614,1595,1597,1623,1590,1581,1616,1615,1583,1594,1606,1590,1598,1610,1600,1586,1614,1613,1589,1600,1606,1598,1595,1605,1603,1590,1601,1615,1586,1591,1610,1600,1585,1600,1611,1597,1598,1616,1588,1584,1613,1616,1581,1589,1616,1599,1600,1594,1587,1575,1616,1622,1570,1586,1616,1589,1602,1618,1587,1569,1626,1612,1574,1606,1610,1584,1612,1631,1578,1584,1616,1605,1590,1605,1600,1577,1616,1623,1584,1584,1616,1591,1596,1611,1599,1584,1615,1616,1586,1581,1611,1591,1598,1612,1599,1585,1615,1607,1591,1590,1606,1600,1591,1593,1615,1600,1595,1634,1607,1595,1600,1614,1596,1597,1616,1601,1586,1586,1606,1591,1603,1611,1584,1584,1613,1617,1584,1605,1606,1586,1601,1617,1582,1592,1616,1600,1584,1603,1602,1585,1600,1614,1589,1584,1613,1602,1585,1614,1595,1589,1607,1613,1593,1597,1601,1600,1600,1600,1600,1595,1600,1602,1598,1600,1606,1601,1597,1597,1607,1600,1600,1603,1600,1599,1603,1601,1596,1591,1609,1603,1596,1599,1602,1591,1602,1610,1595,1592,1607,1600,1607,1600
1598,1603,1626,1601,1566,1600,1606,1613,1599,1614,1610,1600,1600,1610,1599,1601,1600,1616,1600,1597,1600,1601,1600,1602,1600,1598,1601,1609,1598,1594,1610,1601,1590,1603,1605,1602,1593,1611,1600,1593,1616,1600,1602,1605,1601,1610,1600,1589,1607,1605,1597,1600,1601,1597,1600,1603,1595,1595,1611,1600,1590,1604,1615,1589,1597,1625,1594,1551,1658,1657,1502,1555,1722,1601,1485,1687,1618,1421,1741,1831,1311,1410,1957,1616,1326,1810,1635,1175,1892,2107,1023,1218,2256,1647,1125,1984,1643,847,2076,2419,719,1008,2559,1659,921,2130,1699,639,2132,2641,619,878,2647,1727,854,2104,1775,657,2005,2608,767,853,2504,1863,856,1856,1970,971,1656,2379,1191,877,2240,2085,880,1421,2238,1424,1165,2081,1687,880,1912,2374,911,945,2480,1951,779,1776,2074,934,1664,2554,965,643,2592,2187,583,1568,2279,1023,1488,2556,1109,576,2496,2303,614,1434,2303,1183,1384,2416,1275,689,2304,2288,784,1352,2231,1363,1340,2178,1445,895,2065,2166,1013,1337,2096,1559,1349,1952,1571,1127,1860,2002,1230,1377,1931,1601,1399,1786,1589,1328,1725,1860,1395,1439,1785,1638,1472,1680,1630,1460,1648,1734,1505,1511,1693,1626,1546,1628,1619,1547,1613,1662,1572,1561,1632,1625,1574,1600,1621,1590,1582,1619,1613,1584,1600,1629,1584,1576,1641,1616,1561,1593,1635,1578,1605,1633,1568,1552,1612,1627,1565,1552,1661,1617,1565,1614,1613,1557,1626,1655,1551,1579,1648,1605,1579,1671,1600,1549,1638,1639,1553,1590,1625,1587,1600,1646,1573,1566,1637,1623,1569,1611,1618,1572,1612,1638,1562,1572,1638,1618,1543,1616,1617,1565,1611,1654,1584,1552,1662,1626,1547,1605,1641,1553,1605,1673,1547,1521,1687,1655,1503,1600,1658,1535,1600,1712,1520,1502,1718,1674,1484,1605,1669,1499,1612,1733,1500,1476,1733,1670,1473,1622,1663,1492,1631,1734,1494,1479,1723,1651,1488,1629,1638,1502,1637,1723,1489,1502,1711,1636,1517,1635,1627,1518,1629,1695,1530,1525,1674,1623,1546,1628,1617,1551,1618,1662,1568,1552,1648,1616,1573,1607,1621,1569,1600,1631,1585,1574,1601,1617,1585,1600,1616,1590,1578,1613,1602,1589,1611,1616,1586,1584,1616,1613,1581,1606,1612,1593,1605,1616,1590,1578,1621,1615,1583,1597,1614,1599,1594,1614,1598,1584,1613,1616,1583,1600,1617,1607,1595,1613,1601,1598,1600,1621,1583,1591,1616,1603,1584,1600,1614,1593,1600,1619,1587,1578,1626,1617,1578,1600,1607,1590,1614,1627,1566,1582,1625,1613,1579,1611,1610,1574,1611,1636,1569,1581,1630,1605,1584,1618,1600,1564,1615,1627,1569,1591,1623,1595,1591,1642,1593,1584,1616,1610,1580,1599,1616,1585,1600,1623,1590,1584,1616,1603,1587,1605,1602,1584,1600,1615,1600,1587,1613,1611,1597,1597,1601,1595,1606,1609,1593,1585,1615,1612,1598,1590,1602,1611,1586,1593,1613,1594,1597,1608,1573,1585,1619,1616,1584,1598,1600,1590,1601,1611,1598,1589,1610,1614,1582,1600,1616,1589,1611,1610,1593,1586,1616,1595,1589,1603,1603,1584,1605,1621,1589,1596,1609,1608,1588,1603,1607,1586,1600,1603,1599,1599,1606,1602,1597,1599,1604,1591,1600,1609,1595,1600,1598,1602,1600,1600,1603,1603,1595,1598,1602,1598,1600,1605,1600,1600,1603,1611,1598,1595,1611,1595,1598,1605,1596,1593,1603,1613,1589,1600
1602,1599,1584,1601,1600,1595,1600,1616,1600,1581,1634,1600,1585,1600,1600,1600,1601,1616,1599,1584,1613,1606,1585,1603,1600,1600,1603,1616,1600,1559,1609,1605,1590,1607,1595,1599,1597,1616,1603,1583,1616,1603,1594,1591,1614,1590,1600,1610,1624,1606,1598,1600,1601,1600,1601,1611,1594,1598,1611,1610,1584,1596,1590,1598,1566,1630,1611,1559,1645,1672,1518,1520,1739,1650,1448,1634,1703,1457,1648,1840,1372,1343,1971,1763,1214,1664,1826,1269,1680,2132,1154,1065,2282,1891,921,1740,1958,1034,1764,2446,895,782,2606,2031,646,1777,2115,829,1746,2704,815,573,2723,2162,546,1716,2207,855,1665,2688,957,560,2576,2247,624,1514,2287,1135,1372,2394,1362,714,2192,2320,829,1202,2358,1614,1005,1968,1883,919,1717,2416,1073,832,2432,2138,656,1485,2343,1195,1312,2432,1295,559,2432,2497,527,1168,2586,1391,1107,2384,1485,531,2304,2608,573,1024,2559,1563,1014,2200,1631,670,2090,2496,799,1010,2400,1707,1043,1961,1759,943,1840,2291,1089,1088,2192,1823,1113,1740,1840,1245,1648,2091,1323,1165,1989,1857,1219,1579,1851,1419,1545,1913,1482,1273,1840,1840,1322,1517,1823,1527,1503,1787,1566,1386,1738,1782,1424,1509,1751,1587,1521,1702,1600,1463,1669,1718,1494,1530,1696,1605,1547,1647,1616,1524,1634,1666,1552,1555,1657,1616,1556,1625,1616,1562,1618,1648,1565,1570,1627,1613,1565,1578,1641,1599,1591,1631,1582,1561,1645,1648,1552,1607,1629,1569,1612,1664,1551,1549,1676,1622,1535,1632,1615,1530,1648,1683,1520,1546,1689,1601,1554,1661,1617,1503,1665,1687,1498,1562,1681,1595,1565,1664,1589,1515,1664,1673,1527,1568,1662,1584,1571,1654,1594,1523,1634,1644,1553,1556,1648,1607,1568,1616,1628,1571,1600,1637,1584,1563,1642,1641,1552,1583,1654,1595,1565,1639,1605,1551,1619,1654,1535,1562,1627,1611,1563,1630,1614,1530,1633,1666,1547,1553,1670,1614,1552,1629,1625,1545,1623,1667,1545,1543,1670,1626,1546,1618,1639,1557,1605,1649,1557,1535,1664,1647,1524,1600,1648,1567,1591,1664,1571,1521,1666,1654,1531,1584,1663,1567,1579,1664,1579,1525,1680,1663,1513,1579,1664,1575,1581,1664,1575,1521,1664,1661,1525,1583,1654,1579,1582,1663,1578,1531,1657,1655,1531,1580,1653,1570,1585,1653,1585,1546,1646,1647,1552,1586,1646,1593,1584,1633,1584,1567,1626,1629,1552,1584,1630,1599,1588,1620,1610,1579,1616,1629,1580,1581,1632,1600,1581,1622,1617,1583,1607,1637,1586,1602,1633,1616,1584,1611,1616,1581,1601,1635,1583,1584,1632,1622,1582,1609,1611,1579,1603,1631,1584,1575,1625,1609,1589,1607,1601,1582,1616,1617,1584,1586,1614,1601,1601,1610,1638,1591,1621,1613,1602,1599,1602,1601,1601,1604,1603,1600,1601,1600,1606,1608,1600,1603,1595,1600,1605,1614,1600,1602,1616,1607,1595,1603,1600,1600,1613,1616,1590,1600,1607,1601,1602,1607,1605,1598,1617,1610,1604,1600,1616,1603,1603,1613,1597,1603,1613,1585,1609,1621,1600,1595,1606,1607,1600,1600,1613,1600,1604,1609,1600,1600,1605,1603,1603,1600,1602,1602,1590,1605,1616,1600,1600,1602,1603,1610,1590,1605,1609,1595,1603,1602,1597,1597,1607,1606,1598,1602,1599,1595,1602,1611,1593,1600,1603,1585,1603,1616,1598,1597,1614,1616,1600,1607,1613,1587,1613,1615,1594,1595
1601,1600,1595,1607,1601,1855,1602,1611,1858,1651,1599,1601,1601,1607,1600,1869,1610,1595,1866,1606,1600,1598,1603,1607,1597,1871,1613,1600,1861,1602,1602,1600,1594,1613,1603,1863,1616,1602,1867,1598,1601,1603,1601,1607,1610,1607,1600,1600,1601,1596,1614,1601,1597,1599,1603,1612,1599,1603,1606,1600,1601,1606,1593,1587,1626,1617,1554,1593,1654,1599,1552,1655,1600,1487,1685,1729,1415,1488,1833,1621,1411,1736,1622,1317,1808,1957,1174,1317,2110,1649,1216,1874,1663,1031,1968,2256,879,1114,2417,1663,995,2064,1685,722,2112,2559,646,909,2630,1725,869,2112,1743,638,2088,2636,679,854,2597,1791,858,1984,1874,821,1826,2480,1011,877,2332,1969,911,1632,2083,1239,1392,2184,1488,919,2016,2225,951,1138,2346,1747,922,1832,1958,995,1680,2438,1041,770,2512,2134,647,1570,2257,1075,1466,2506,1143,597,2473,2322,605,1392,2346,1231,1333,2396,1311,667,2304,2352,735,1292,2304,1415,1252,2180,1503,845,2065,2253,957,1232,2197,1580,1292,1945,1635,1067,1844,2119,1169,1252,2037,1683,1285,1776,1699,1261,1717,1964,1334,1319,1900,1679,1366,1665,1699,1381,1645,1838,1456,1411,1776,1690,1456,1625,1668,1515,1603,1726,1534,1507,1680,1663,1523,1600,1647,1578,1585,1649,1605,1553,1617,1639,1574,1574,1639,1607,1562,1601,1626,1584,1595,1639,1558,1558,1637,1634,1554,1593,1639,1577,1566,1610,1616,1567,1618,1645,1552,1570,1645,1609,1584,1642,1584,1557,1655,1643,1555,1600,1636,1562,1617,1654,1535,1546,1669,1615,1552,1619,1605,1535,1637,1664,1525,1559,1665,1599,1564,1642,1595,1535,1637,1655,1546,1568,1651,1625,1575,1645,1610,1563,1619,1646,1571,1571,1644,1622,1565,1600,1633,1583,1591,1643,1578,1551,1647,1648,1551,1571,1646,1584,1574,1649,1589,1523,1658,1670,1517,1570,1664,1586,1570,1661,1581,1520,1668,1669,1514,1570,1675,1590,1573,1670,1584,1499,1660,1680,1520,1579,1664,1595,1563,1660,1599,1529,1644,1661,1531,1568,1664,1594,1566,1639,1616,1535,1627,1665,1562,1559,1664,1616,1553,1622,1623,1552,1611,1659,1553,1552,1661,1622,1547,1620,1633,1566,1601,1652,1566,1579,1649,1633,1552,1607,1634,1570,1600,1651,1578,1555,1637,1634,1561,1600,1637,1582,1593,1647,1583,1558,1629,1629,1570,1602,1617,1599,1642,1621,1611,1583,1614,1616,1603,1596,1616,1601,1590,1610,1607,1591,1607,1616,1591,1587,1621,1606,1582,1602,1615,1591,1600,1626,1584,1594,1627,1615,1578,1613,1611,1584,1614,1630,1584,1581,1630,1603,1589,1609,1600,1578,1618,1617,1586,1591,1623,1590,1612,1619,1587,1575,1618,1616,1583,1605,1610,1589,1605,1620,1591,1586,1617,1602,1597,1609,1600,1588,1606,1610,1591,1584,1603,1600,1599,1591,1600,1603,1603,1571,1606,1611,1597,1599,1609,1599,1600,1606,1601,1597,1605,1607,1591,1599,1614,1602,1600,1601,1606,1601,1605,1606,1594,1598,1607,1600,1600,1601,1595,1597,1603,1602,1600,1601,1605,1598,1601,1600,1600,1595,1607,1602,1610,1598,1600,1602,1610,1605,1600,1598,1606,1605,1600,1598,1605,1600,1602,1605,1600,1595,1606,1602,1598,1595,1606,1615,1600,1597,1605,1587,1603,1603,1598,1598,1613,1602,1596,1599,1600,1598,1609,1610,1583,1591,1613,1606,1597,1606,1602,1589,1605,1615,1588,1597,1603,1598,1600,1606
1607,1607,1593,1602,1598,1600,1609,1595,1602,1603,1611,1599,1579,1601,1599,1600,1603,1600,1601,1604,1599,1599,1607,1601,1594,1600,1600,1601,1607,1613,1601,1591,1603,1609,1592,1601,1606,1613,1598,1648,1606,1595,1604,1607,1610,1598,1598,1609,1600,1599,1600,1607,1600,1600,1601,1619,1598,1600,1605,1598,1606,1603,1590,1589,1634,1611,1556,1598,1651,1583,1565,1664,1584,1505,1702,1719,1411,1521,1809,1574,1451,1776,1575,1296,1856,1934,1161,1360,2071,1565,1300,1968,1535,1005,2080,2214,837,1226,2365,1510,1142,2188,1515,682,2256,2497,592,1067,2577,1525,1034,2272,1523,575,2246,2591,607,1005,2557,1615,970,2146,1711,723,1974,2481,903,953,2368,1839,944,1768,1994,1115,1517,2256,1349,896,2134,2176,874,1265,2351,1598,1015,1989,1807,867,1872,2474,861,842,2576,1968,706,1778,2099,879,1690,2608,945,628,2576,2183,607,1610,2219,1019,1530,2522,1103,656,2433,2235,706,1472,2225,1219,1408,2315,1323,801,2193,2192,907,1377,2151,1447,1360,2077,1488,1011,1972,2091,1115,1350,2013,1555,1368,1877,1595,1207,1808,1943,1296,1392,1887,1615,1419,1742,1619,1374,1692,1821,1434,1456,1760,1637,1488,1664,1629,1485,1633,1714,1531,1519,1679,1629,1549,1606,1633,1568,1587,1642,1598,1566,1619,1616,1581,1555,1641,1615,1566,1603,1622,1575,1600,1646,1568,1559,1649,1631,1558,1603,1648,1562,1560,1618,1616,1562,1626,1646,1558,1570,1647,1594,1600,1631,1585,1552,1630,1627,1552,1611,1605,1562,1628,1650,1546,1562,1657,1601,1575,1645,1599,1535,1680,1655,1530,1581,1649,1586,1582,1654,1585,1547,1650,1648,1553,1582,1648,1590,1579,1639,1600,1553,1625,1647,1561,1566,1648,1634,1552,1614,1630,1554,1600,1654,1571,1535,1666,1648,1524,1590,1657,1564,1595,1680,1555,1515,1674,1661,1505,1591,1649,1552,1606,1683,1563,1505,1664,1663,1514,1594,1663,1562,1591,1680,1552,1516,1678,1655,1515,1593,1657,1574,1589,1677,1575,1518,1662,1656,1520,1550,1664,1587,1581,1668,1585,1535,1650,1665,1533,1565,1665,1597,1568,1646,1600,1535,1627,1671,1534,1563,1680,1604,1552,1635,1609,1535,1621,1667,1550,1553,1664,1618,1555,1627,1614,1554,1625,1659,1551,1561,1657,1617,1557,1627,1616,1554,1617,1648,1562,1563,1648,1619,1564,1601,1619,1571,1611,1641,1581,1575,1639,1613,1577,1603,1612,1584,1598,1623,1586,1581,1617,1611,1589,1590,1607,1594,1575,1610,1600,1577,1611,1618,1582,1584,1618,1610,1589,1610,1597,1584,1613,1613,1577,1595,1635,1596,1589,1616,1601,1577,1616,1627,1574,1588,1615,1600,1595,1617,1600,1583,1615,1615,1613,1600,1602,1597,1611,1616,1593,1585,1589,1606,1587,1604,1609,1602,1615,1600,1602,1603,1595,1605,1605,1595,1603,1609,1594,1595,1615,1603,1598,1603,1599,1589,1616,1609,1600,1587,1613,1616,1596,1595,1616,1590,1593,1616,1591,1594,1616,1607,1589,1601,1603,1590,1603,1616,1591,1597,1618,1600,1598,1648,1603,1602,1614,1606,1593,1591,1607,1602,1598,1610,1600,1598,1606,1603,1594,1600,1608,1597,1601,1607,1599,1591,1620,1600,1600,1600,1604,1599,1599,1603,1599,1599,1602,1604,1599,1600,1600,1606,1594,1600,1600,1603,1600,1602,1601,1596,1604,1604,1594,1613,1602,1611,1600,1615,1605,1584,1606,1605,1594,1601,1601,1597,1603,1612
1606,1602,1600,1578,1616,1602,1583,1599,1599,1600,1600,1614,1597,1589,1611,1612,1588,1600,1605,1600,1606,1609,1605,1579,1613,1612,1585,1600,1600,1607,1591,1616,1604,1589,1615,1600,1591,1599,1610,1599,1602,1607,1599,1587,1609,1605,1604,1606,1596,1616,1605,1600,1605,1606,1591,1609,1609,1600,1600,1612,1600,1581,1626,1625,1561,1574,1673,1604,1523,1629,1645,1505,1651,1738,1456,1442,1842,1679,1356,1648,1741,1351,1698,1968,1247,1222,2125,1795,1093,1728,1854,1126,1772,2286,978,954,2450,1903,859,1824,1965,853,1848,2614,767,683,2720,2035,606,1832,2098,759,1794,2742,785,574,2708,2143,576,1720,2191,895,1594,2612,1077,592,2446,2241,704,1424,2304,1270,1249,2245,1535,791,2028,2370,880,1045,2435,1815,828,1801,2085,991,1592,2475,1111,663,2496,2291,544,1400,2431,1203,1242,2512,1279,523,2470,2571,519,1152,2606,1371,1084,2412,1459,529,2320,2581,591,1051,2540,1527,1050,2208,1615,690,2092,2458,821,1059,2366,1671,1101,1970,1719,955,1876,2272,1083,1135,2164,1751,1175,1781,1759,1191,1712,2064,1295,1237,1961,1758,1296,1664,1749,1379,1628,1878,1449,1360,1808,1728,1420,1595,1712,1499,1584,1744,1554,1469,1690,1682,1507,1617,1677,1582,1556,1650,1614,1535,1607,1658,1569,1551,1648,1637,1535,1598,1643,1599,1582,1648,1586,1543,1649,1666,1527,1584,1664,1587,1546,1652,1655,1584,1590,1651,1573,1533,1655,1631,1551,1607,1615,1563,1621,1661,1550,1569,1675,1601,1590,1638,1583,1546,1658,1644,1548,1588,1642,1568,1604,1664,1552,1552,1660,1627,1545,1618,1622,1552,1616,1654,1556,1549,1659,1607,1558,1615,1633,1559,1601,1634,1569,1551,1659,1633,1547,1588,1655,1578,1584,1655,1584,1533,1666,1664,1511,1577,1673,1584,1555,1666,1589,1499,1656,1687,1495,1556,1700,1585,1558,1680,1580,1481,1689,1691,1485,1552,1699,1575,1565,1679,1580,1489,1688,1666,1490,1556,1699,1578,1565,1680,1584,1499,1677,1687,1503,1555,1680,1581,1562,1662,1599,1509,1658,1680,1515,1555,1680,1601,1553,1646,1614,1523,1633,1671,1534,1552,1673,1619,1542,1625,1619,1591,1616,1677,1535,1509,1668,1635,1535,1617,1630,1558,1606,1668,1554,1543,1664,1632,1511,1607,1635,1567,1599,1658,1569,1552,1653,1631,1559,1598,1633,1574,1606,1646,1605,1557,1642,1621,1567,1595,1627,1589,1591,1626,1600,1569,1620,1621,1574,1587,1626,1605,1581,1614,1608,1582,1605,1603,1582,1579,1631,1601,1574,1587,1602,1570,1607,1633,1584,1572,1632,1616,1570,1607,1617,1581,1600,1634,1580,1577,1605,1616,1574,1610,1607,1582,1600,1625,1568,1582,1635,1611,1584,1614,1603,1585,1603,1623,1589,1586,1617,1603,1591,1599,1611,1587,1601,1613,1593,1591,1614,1621,1587,1595,1607,1600,1597,1610,1595,1590,1615,1614,1585,1600,1615,1616,1582,1600,1615,1597,1598,1616,1589,1589,1616,1663,1584,1613,1605,1597,1603,1619,1591,1584,1619,1607,1587,1605,1605,1585,1611,1617,1585,1587,1616,1600,1584,1603,1635,1588,1612,1614,1595,1590,1616,1594,1595,1606,1597,1594,1610,1610,1597,1600,1612,1597,1603,1602,1603,1593,1609,1593,1600,1584,1605,1577,1600,1602,1610,1597,1603,1600,1597,1600,1600,1610,1595,1603,1614,1604,1601,1609,1584,1597,1602,1611,1597,1599,1614,1600,1599,1609,1603,1593
1601,1597,1600,1596,1609,1603,1607,1599,1598,1575,1602,1614,1599,1601,1608,1594,1600,1602,1605,1601,1595,1613,1600,1605,1604,1610,1605,1595,1601,1605,1596,1612,1603,1606,1615,1603,1601,1589,1603,1601,1593,1612,1599,1601,1611,1606,1604,1569,1600,1581,1600,1599,1609,1584,1598,1599,1600,1593,1599,1607,1595,1587,1621,1626,1552,1591,1667,1599,1531,1646,1618,1497,1664,1731,1429,1470,1837,1650,1370,1697,1693,1331,1734,1968,1205,1266,2122,1719,1152,1800,1743,1071,1868,2273,917,1034,2441,1778,906,1952,1817,779,1989,2606,679,784,2708,1859,700,2012,1919,657,1960,2722,687,678,2716,1967,678,1888,2019,783,1763,2618,950,714,2454,2093,779,1600,2159,1175,1392,2268,1423,851,2068,2239,903,1185,2330,1709,965,1850,1967,1011,1641,2401,1099,770,2448,2173,645,1483,2319,1167,1362,2468,1227,579,2448,2415,567,1296,2434,1297,1234,2418,1367,624,2296,2403,703,1222,2352,1435,1229,2189,1507,817,2068,2267,955,1237,2165,1575,1266,1936,1637,1103,1833,2077,1221,1282,1984,1687,1310,1728,1719,1327,1654,1906,1415,1342,1840,1723,1383,1616,1732,1473,1574,1783,1523,1413,1737,1726,1455,1512,1703,1553,1557,1703,1567,1486,1680,1690,1501,1569,1667,1584,1573,1664,1586,1524,1648,1650,1552,1579,1639,1583,1590,1646,1575,1552,1647,1646,1552,1589,1645,1567,1594,1634,1579,1545,1600,1635,1552,1521,1682,1648,1546,1606,1651,1535,1611,1698,1520,1507,1717,1649,1489,1623,1651,1502,1628,1728,1488,1491,1733,1657,1493,1678,1634,1487,1649,1744,1487,1496,1737,1631,1501,1635,1630,1478,1652,1727,1489,1513,1715,1617,1511,1655,1616,1495,1645,1712,1521,1520,1690,1628,1516,1627,1626,1525,1626,1687,1543,1520,1674,1647,1520,1615,1647,1554,1601,1673,1566,1521,1665,1648,1530,1601,1647,1572,1598,1665,1565,1535,1658,1655,1550,1590,1642,1569,1586,1648,1585,1552,1653,1636,1564,1584,1634,1595,1598,1631,1587,1559,1615,1636,1558,1573,1647,1622,1571,1597,1639,1584,1588,1635,1594,1551,1646,1648,1535,1579,1663,1597,1567,1646,1598,1523,1649,1675,1519,1558,1681,1646,1552,1668,1598,1488,1669,1680,1505,1552,1693,1586,1555,1670,1584,1500,1676,1687,1502,1557,1681,1581,1565,1667,1615,1513,1662,1671,1520,1573,1664,1578,1576,1662,1587,1529,1654,1659,1533,1581,1650,1587,1584,1648,1586,1547,1638,1648,1552,1586,1645,1597,1584,1628,1602,1558,1626,1632,1568,1584,1637,1603,1573,1622,1603,1573,1616,1635,1570,1583,1630,1600,1583,1620,1615,1567,1613,1634,1578,1591,1629,1600,1580,1616,1600,1579,1613,1631,1585,1591,1616,1601,1588,1611,1600,1585,1613,1616,1596,1600,1602,1616,1599,1595,1597,1585,1602,1600,1611,1603,1600,1599,1600,1596,1610,1610,1586,1600,1614,1600,1599,1615,1585,1591,1601,1617,1586,1599,1621,1601,1585,1610,1601,1575,1616,1616,1583,1591,1616,1603,1594,1619,1600,1583,1613,1614,1583,1595,1613,1600,1617,1616,1580,1584,1615,1613,1591,1602,1606,1597,1603,1603,1595,1600,1602,1605,1595,1603,1603,1603,1597,1600,1603,1599,1601,1606,1604,1575,1600,1611,1597,1594,1612,1589,1603,1604,1603,1594,1611,1602,1595,1596,1615,1595,1583,1611,1593,1585,1614,1611,1586,1595,1621,1598,1614,1614,1599,1591,1615,1609,1593,1600,1611,1591
1603,1601,1600,1599,1581,1596,1584,1611,1590,1599,1600,1608,1600,1603,1606,1596,1595,1611,1601,1606,1600,1606,1607,1598,1601,1600,1600,1600,1600,1574,1603,1618,1598,1611,1609,1611,1600,1600,1606,1598,1600,1609,1600,1600,1607,1598,1584,1602,1604,1605,1611,1590,1586,1601,1595,1606,1603,1594,1618,1607,1584,1591,1633,1613,1553,1599,1648,1580,1572,1661,1581,1493,1706,1723,1414,1517,1809,1570,1461,1776,1562,1297,1865,1904,1155,1382,2069,1563,1305,1965,1531,994,2080,2204,838,1232,2356,1491,1170,2200,1461,679,2288,2507,599,1073,2610,1487,1005,2336,1511,534,2320,2667,531,973,2659,1567,942,2256,1651,569,2128,2612,707,921,2514,1767,901,1940,1893,911,1721,2406,1111,880,2278,2047,848,1469,2224,1370,1228,2134,1611,861,1980,2370,867,998,2481,1815,848,1856,1975,879,1768,2545,895,723,2568,2087,677,1669,2147,983,1594,2517,1075,693,2432,2175,748,1522,2175,1151,1472,2326,1295,823,2194,2147,947,1408,2102,1399,1380,2064,1503,1050,1927,2047,1163,1363,1996,1583,1345,1824,1642,1264,1728,1936,1343,1349,1874,1687,1362,1670,1715,1424,1616,1833,1481,1392,1776,1717,1430,1584,1721,1521,1559,1729,1555,1467,1701,1707,1489,1550,1682,1570,1566,1655,1587,1510,1641,1680,1530,1566,1653,1601,1575,1633,1598,1552,1631,1647,1558,1584,1651,1590,1603,1638,1580,1560,1609,1631,1565,1562,1667,1621,1535,1622,1617,1535,1644,1677,1515,1533,1693,1611,1547,1658,1599,1488,1667,1703,1477,1535,1713,1585,1552,1695,1569,1477,1698,1711,1472,1566,1702,1555,1564,1711,1563,1477,1700,1684,1485,1582,1673,1559,1584,1690,1571,1499,1678,1659,1516,1586,1655,1565,1584,1658,1590,1526,1645,1649,1552,1579,1653,1593,1571,1627,1602,1559,1621,1649,1559,1574,1647,1613,1563,1610,1617,1568,1604,1648,1571,1575,1636,1625,1570,1610,1615,1584,1602,1638,1591,1568,1619,1616,1583,1610,1607,1601,1594,1600,1599,1594,1600,1614,1591,1593,1615,1621,1581,1600,1616,1606,1584,1621,1594,1575,1619,1636,1570,1584,1641,1593,1568,1627,1613,1559,1639,1639,1534,1589,1642,1589,1584,1644,1583,1547,1648,1643,1552,1595,1630,1578,1602,1649,1577,1557,1649,1631,1563,1593,1619,1575,1614,1648,1564,1563,1646,1616,1575,1609,1618,1567,1607,1647,1567,1575,1642,1611,1584,1616,1600,1575,1605,1631,1586,1588,1619,1600,1585,1614,1603,1583,1613,1619,1584,1589,1616,1611,1593,1600,1607,1593,1602,1613,1587,1599,1616,1615,1584,1595,1605,1591,1600,1610,1600,1609,1620,1611,1591,1603,1600,1594,1607,1616,1587,1585,1616,1603,1594,1613,1601,1587,1613,1621,1553,1591,1604,1603,1594,1615,1592,1594,1611,1606,1593,1607,1603,1598,1600,1606,1594,1601,1611,1603,1600,1606,1597,1599,1603,1600,1599,1607,1597,1618,1609,1605,1600,1599,1607,1601,1600,1606,1597,1591,1613,1610,1591,1600,1612,1601,1599,1611,1590,1599,1609,1604,1590,1605,1610,1596,1601,1607,1600,1597,1600,1601,1600,1600,1599,1600,1604,1600,1597,1601,1583,1600,1593,1610,1600,1600,1616,1595,1603,1606,1595,1598,1603,1607,1597,1607,1600,1595,1601,1616,1594,1595,1606,1587,1599,1606,1603,1595,1607,1606,1600,1599,1609,1601,1603,1603,1599,1594,1605,1603,1600,1602,1600,1600,1601,1602,1584,1600,1599,1596
1600,1598,1602,1598,1605,1601,1600,1583,1597,1600,1615,1606,1603,1595,1603,1598,1610,1600,1591,1600,1603,1603,1601,1600,1607,1600,1599,1603,1603,1599,1607,1605,1599,1600,1607,1600,1599,1606,1600,1595,1607,1612,1591,1600,1609,1602,1600,1604,1611,1612,1597,1600,1609,1601,1600,1599,1599,1591,1602,1611,1591,1584,1622,1620,1553,1600,1664,1589,1561,1655,1598,1499,1692,1721,1422,1504,1817,1600,1433,1744,1575,1317,1812,1937,1175,1348,2058,1616,1246,1904,1615,1023,2002,2243,863,1158,2384,1615,1068,2105,1602,705,2192,2544,594,960,2656,1647,896,2208,1671,557,2192,2704,575,857,2671,1713,848,2124,1783,663,1984,2608,821,853,2474,1885,867,1804,1981,1023,1586,2326,1279,882,2170,2133,895,1338,2273,1521,1089,2000,1791,919,1834,2400,947,881,2496,1987,720,1704,2135,977,1605,2546,1011,626,2552,2231,595,1524,2270,1087,1473,2501,1151,635,2414,2263,715,1444,2224,1235,1410,2304,1333,834,2160,2160,971,1398,2090,1431,1389,2002,1520,1125,1866,1990,1253,1394,1905,1612,1392,1742,1680,1377,1637,1825,1486,1411,1754,1722,1425,1567,1757,1616,1499,1694,1634,1456,1662,1774,1465,1456,1776,1671,1441,1623,1691,1479,1614,1767,1490,1430,1759,1697,1456,1607,1685,1499,1609,1751,1506,1456,1743,1679,1470,1622,1657,1499,1641,1737,1488,1488,1734,1633,1505,1651,1616,1485,1552,1721,1585,1472,1712,1712,1469,1552,1706,1552,1573,1726,1526,1465,1738,1687,1453,1603,1681,1507,1617,1739,1493,1459,1743,1663,1478,1645,1649,1463,1654,1741,1471,1494,1742,1633,1502,1658,1617,1479,1667,1723,1485,1514,1711,1621,1523,1660,1614,1492,1642,1703,1501,1520,1695,1621,1550,1633,1630,1520,1619,1694,1530,1523,1681,1647,1520,1612,1654,1549,1599,1678,1566,1506,1679,1661,1513,1575,1669,1565,1581,1649,1571,1517,1666,1670,1511,1581,1664,1584,1571,1663,1574,1520,1676,1664,1534,1568,1662,1600,1563,1635,1611,1555,1617,1653,1558,1559,1652,1623,1552,1603,1630,1573,1584,1643,1587,1550,1645,1644,1535,1584,1647,1594,1572,1629,1591,1535,1642,1652,1531,1575,1664,1590,1568,1645,1599,1533,1646,1663,1534,1569,1659,1594,1572,1648,1600,1543,1645,1650,1535,1577,1660,1599,1552,1629,1600,1555,1626,1637,1566,1583,1630,1600,1584,1613,1604,1573,1612,1621,1591,1584,1614,1601,1584,1581,1610,1585,1600,1618,1600,1585,1616,1616,1579,1595,1622,1600,1579,1617,1581,1575,1615,1623,1575,1593,1631,1600,1584,1621,1598,1575,1623,1626,1571,1597,1618,1590,1599,1626,1590,1568,1616,1611,1583,1602,1605,1582,1605,1620,1588,1586,1616,1605,1586,1602,1600,1597,1600,1616,1599,1584,1611,1605,1594,1605,1600,1595,1599,1600,1596,1598,1603,1600,1601,1592,1606,1605,1594,1602,1606,1595,1589,1610,1593,1581,1605,1605,1587,1584,1611,1599,1591,1601,1598,1584,1603,1606,1584,1595,1613,1595,1619,1601,1595,1591,1604,1603,1586,1602,1600,1595,1603,1603,1597,1600,1603,1602,1598,1603,1597,1598,1603,1580,1599,1600,1595,1600,1600,1600,1600,1601,1596,1599,1588,1606,1585,1600,1603,1602,1602,1605,1596,1588,1606,1603,1599,1600,1601,1592,1616,1606,1600,1595,1605,1599,1600,1603,1583,1597,1610,1607,1590,1600,1609,1597,1602,1603,1599,1591,1606,1600,1593,1605,1600,1593
1590,1600,1600,1605,1584,1603,1600,1590,1606,1617,1595,1577,1610,1601,1586,1601,1597,1598,1598,1616,1600,1584,1615,1593,1590,1600,1600,1609,1600,1616,1599,1588,1616,1603,1584,1600,1600,1602,1603,1612,1598,1589,1612,1601,1610,1602,1602,1612,1600,1596,1600,1600,1581,1605,1616,1597,1615,1595,1602,1591,1607,1610,1587,1603,1630,1596,1571,1619,1619,1558,1621,1675,1515,1518,1742,1637,1436,1623,1715,1471,1628,1830,1388,1328,1978,1776,1200,1626,1863,1296,1650,2109,1191,1054,2272,1940,901,1664,2023,1078,1674,2432,971,758,2558,2111,645,1670,2159,927,1654,2614,943,609,2608,2187,621,1624,2207,999,1540,2512,1143,688,2368,2223,791,1422,2224,1343,1284,2156,1575,911,1932,2242,1047,1117,2266,1839,944,1680,2101,1183,1445,2288,1315,782,2304,2304,642,1257,2450,1413,1122,2304,1479,592,2274,2559,583,1024,2588,1575,978,2212,1627,638,2144,2554,715,985,2485,1685,996,2049,1731,830,1936,2368,977,1040,2262,1767,1104,1824,1783,1125,1718,2146,1264,1174,2025,1811,1231,1621,1839,1386,1557,1912,1533,1294,1826,1825,1347,1501,1831,1575,1456,1746,1623,1393,1686,1818,1424,1441,1802,1679,1420,1652,1691,1458,1632,1802,1461,1429,1790,1712,1423,1623,1693,1483,1611,1790,1474,1431,1777,1694,1435,1630,1670,1473,1630,1776,1467,1449,1785,1668,1465,1648,1629,1455,1668,1776,1637,1474,1685,1776,1439,1478,1765,1605,1504,1710,1570,1439,1719,1761,1427,1527,1744,1558,1552,1737,1535,1441,1750,1726,1453,1593,1702,1515,1603,1751,1497,1457,1739,1673,1478,1621,1655,1499,1641,1739,1502,1499,1722,1638,1517,1649,1633,1501,1638,1712,1523,1525,1691,1631,1535,1633,1635,1535,1614,1675,1554,1531,1676,1649,1526,1602,1651,1577,1584,1661,1581,1535,1649,1664,1530,1583,1671,1587,1575,1644,1596,1519,1654,1667,1527,1586,1676,1591,1560,1648,1607,1520,1648,1663,1530,1544,1666,1614,1561,1608,1615,1545,1622,1664,1563,1557,1653,1621,1552,1610,1635,1573,1593,1648,1584,1555,1643,1653,1550,1580,1680,1600,1579,1642,1614,1547,1632,1664,1547,1553,1675,1616,1545,1626,1629,1549,1616,1690,1543,1549,1680,1629,1535,1622,1637,1533,1614,1679,1552,1568,1675,1622,1532,1605,1637,1563,1608,1664,1559,1535,1647,1648,1554,1600,1639,1575,1597,1652,1591,1546,1648,1637,1535,1595,1643,1593,1573,1637,1600,1565,1623,1643,1566,1579,1647,1601,1574,1639,1611,1561,1629,1641,1563,1578,1648,1615,1580,1618,1600,1570,1622,1653,1562,1584,1635,1599,1589,1628,1591,1564,1632,1631,1572,1587,1619,1589,1606,1631,1569,1571,1627,1615,1552,1613,1599,1584,1619,1619,1584,1587,1617,1600,1597,1614,1595,1584,1616,1626,1584,1605,1609,1595,1606,1613,1595,1599,1616,1600,1595,1603,1601,1601,1597,1613,1600,1602,1599,1611,1601,1591,1595,1611,1586,1598,1616,1603,1596,1601,1602,1590,1611,1616,1597,1589,1614,1606,1600,1613,1599,1597,1609,1613,1595,1597,1609,1606,1597,1613,1600,1590,1604,1617,1589,1600,1616,1600,1582,1605,1595,1597,1605,1615,1600,1602,1604,1603,1601,1607,1600,1599,1600,1600,1603,1603,1608,1600,1602,1600,1600,1612,1587,1648,1600,1611,1585,1616,1595,1600,1603,1613,1591,1601,1613,1602,1611,1611,1601,1584,1615,1605,1589,1600,1626,1590,1613,1616
1606,1590,1601,1598,1597,1606,1603,1603,1606,1612,1603,1602,1602,1597,1600,1601,1599,1603,1600,1613,1617,1603,1615,1602,1605,1597,1606,1603,1600,1611,1603,1600,1613,1601,1601,1600,1606,1600,1595,1616,1600,1613,1615,1611,1602,1598,1610,1631,1599,1599,1609,1600,1607,1599,1613,1595,1600,1597,1599,1600,1607,1602,1611,1599,1626,1596,1579,1632,1599,1559,1634,1670,1505,1533,1738,1623,1460,1658,1655,1436,1689,1842,1343,1369,1974,1690,1264,1728,1739,1221,1786,2170,1091,1126,2277,1779,1012,1883,1818,939,1920,2437,815,879,2577,1871,779,1936,1907,751,1932,2650,743,742,2646,1927,736,1904,1959,799,1808,2586,923,772,2446,2032,832,1648,2083,1131,1488,2259,1375,894,2080,2158,959,1270,2254,1637,1030,1872,1903,1039,1664,2349,1107,823,2410,2139,671,1504,2309,1171,1372,2458,1215,576,2464,2427,535,1280,2480,1287,1220,2418,1335,562,2330,2461,647,1200,2421,1427,1170,2252,1495,739,2114,2352,871,1174,2256,1575,1204,1977,1647,1008,1862,2156,1163,1218,2056,1701,1262,1746,1744,1296,1652,1952,1397,1300,1863,1760,1334,1584,1777,1488,1523,1788,1561,1378,1728,1776,1396,1483,1783,1607,1471,1680,1666,1431,1662,1776,1459,1463,1776,1656,1451,1641,1664,1475,1636,1760,1473,1456,1749,1658,1462,1622,1659,1489,1643,1754,1470,1471,1754,1637,1479,1652,1626,1456,1675,1749,1603,1490,1696,1759,1425,1503,1749,1584,1514,1718,1553,1436,1732,1746,1418,1531,1728,1553,1558,1745,1520,1422,1744,1721,1437,1579,1699,1501,1595,1744,1497,1456,1741,1678,1452,1614,1647,1509,1630,1724,1488,1486,1709,1651,1495,1615,1650,1535,1609,1693,1547,1509,1675,1653,1517,1600,1651,1556,1584,1666,1569,1521,1653,1664,1516,1570,1667,1584,1556,1655,1584,1518,1641,1675,1511,1559,1680,1593,1552,1649,1597,1520,1649,1664,1529,1552,1675,1596,1559,1630,1590,1534,1627,1659,1555,1549,1648,1611,1558,1615,1619,1565,1599,1623,1582,1562,1626,1648,1552,1584,1643,1597,1558,1629,1606,1566,1622,1631,1534,1553,1665,1624,1534,1617,1629,1534,1621,1671,1535,1520,1686,1630,1519,1616,1614,1535,1600,1688,1526,1520,1682,1636,1521,1615,1634,1534,1616,1680,1535,1520,1673,1634,1523,1618,1623,1552,1611,1671,1557,1549,1664,1607,1555,1601,1623,1557,1610,1649,1571,1555,1645,1616,1569,1600,1619,1581,1601,1632,1585,1571,1629,1617,1575,1598,1623,1585,1600,1619,1591,1567,1622,1619,1571,1600,1620,1590,1597,1623,1584,1574,1619,1618,1574,1600,1616,1589,1603,1626,1584,1579,1622,1614,1587,1580,1600,1579,1604,1637,1578,1595,1615,1598,1600,1615,1589,1585,1610,1609,1585,1607,1581,1595,1601,1615,1593,1597,1599,1601,1598,1613,1584,1595,1600,1600,1595,1610,1589,1600,1605,1606,1594,1603,1597,1594,1613,1609,1594,1590,1616,1601,1589,1597,1601,1589,1607,1614,1586,1599,1616,1599,1588,1611,1597,1594,1609,1614,1589,1590,1616,1600,1597,1600,1601,1590,1611,1611,1584,1597,1611,1602,1601,1595,1607,1595,1601,1607,1597,1600,1617,1601,1595,1599,1600,1600,1636,1615,1604,1593,1613,1606,1587,1606,1603,1597,1598,1617,1595,1591,1616,1605,1585,1598,1605,1600,1600,1615,1595,1587,1622,1610,1590,1602,1616,1587,1601,1621,1590,1588,1616,1607,1589,1600,1600,1583,1605,1614
1604,1605,1600,1605,1600,1603,1612,1600,1613,1595,1600,1589,1602,1605,1597,1616,1605,1608,1603,1600,1607,1604,1604,1602,1603,1605,1600,1607,1611,1610,1584,1600,1607,1606,1600,1606,1611,1601,1606,1600,1607,1603,1601,1600,1603,1612,1605,1603,1602,1607,1607,1589,1605,1605,1602,1599,1602,1603,1602,1603,1602,1594,1604,1615,1585,1594,1628,1625,1554,1589,1669,1598,1551,1655,1609,1506,1677,1733,1426,1481,1830,1631,1392,1718,1654,1329,1776,1967,1195,1299,2112,1686,1194,1840,1703,1062,1920,2263,901,1083,2419,1713,968,2008,1745,761,2056,2559,693,880,2626,1803,832,2058,1805,677,2032,2624,725,826,2582,1839,854,1936,1902,855,1781,2453,1063,896,2288,1979,953,1604,2064,1295,1369,2112,1615,981,1920,2195,1039,1126,2310,1821,905,1728,2047,1091,1584,2391,1139,738,2452,2230,624,1456,2343,1159,1356,2464,1235,576,2436,2423,591,1298,2414,1295,1264,2370,1375,639,2272,2384,739,1234,2333,1459,1230,2148,1535,864,2004,2251,1007,1232,2162,1615,1248,1896,1670,1141,1780,2065,1257,1272,1965,1718,1315,1692,1739,1361,1632,1878,1437,1355,1814,1731,1403,1584,1739,1522,1553,1744,1555,1447,1701,1732,1472,1549,1706,1598,1543,1661,1613,1499,1639,1686,1525,1535,1676,1618,1547,1623,1631,1535,1616,1664,1553,1552,1666,1620,1552,1627,1619,1551,1622,1668,1535,1555,1675,1616,1529,1634,1680,1611,1557,1648,1599,1521,1664,1681,1509,1558,1680,1587,1566,1664,1581,1516,1676,1680,1499,1583,1680,1573,1578,1680,1569,1504,1680,1679,1503,1584,1664,1568,1584,1679,1566,1518,1664,1666,1520,1587,1663,1578,1584,1659,1586,1522,1653,1659,1530,1574,1676,1589,1569,1643,1615,1521,1644,1669,1527,1555,1680,1605,1552,1642,1611,1523,1643,1680,1527,1546,1685,1613,1535,1627,1619,1529,1634,1681,1535,1550,1679,1611,1553,1621,1617,1552,1625,1657,1559,1561,1648,1616,1563,1614,1622,1578,1613,1634,1591,1571,1611,1626,1561,1584,1634,1606,1600,1619,1616,1573,1612,1639,1569,1565,1649,1621,1552,1610,1626,1560,1609,1661,1561,1548,1664,1633,1551,1613,1633,1554,1615,1651,1555,1526,1661,1633,1548,1605,1625,1562,1612,1654,1559,1552,1654,1629,1557,1607,1671,1563,1616,1648,1588,1568,1642,1622,1562,1609,1616,1580,1602,1629,1588,1574,1619,1617,1584,1591,1616,1595,1594,1616,1609,1583,1610,1610,1591,1633,1616,1625,1591,1601,1616,1586,1597,1616,1591,1584,1618,1615,1578,1601,1616,1589,1600,1623,1594,1584,1620,1613,1584,1613,1603,1589,1601,1616,1598,1594,1614,1599,1601,1603,1600,1589,1603,1616,1594,1648,1595,1605,1605,1606,1595,1603,1603,1590,1611,1611,1591,1594,1619,1601,1602,1618,1582,1587,1614,1605,1584,1600,1603,1595,1601,1614,1588,1588,1615,1597,1601,1600,1595,1594,1611,1602,1600,1601,1603,1602,1602,1597,1590,1606,1600,1595,1611,1610,1591,1598,1609,1600,1593,1607,1600,1587,1616,1613,1587,1598,1607,1595,1600,1613,1586,1584,1616,1610,1589,1602,1610,1591,1602,1616,1594,1586,1609,1605,1598,1604,1609,1579,1611,1610,1591,1563,1610,1598,1598,1601,1602,1587,1613,1600,1600,1602,1600,1597,1599,1603,1593,1606,1601,1603,1593,1607,1601,1594,1642,1598,1595,1607,1601,1600,1609,1607,1591,1599,1606,1603,1600,1608,1600,1596,1603,1607
1600,1601,1605,1607,1602,1595,1606,1600,1600,1611,1600,1611,1614,1600,1600,1602,1606,1600,1601,1584,1606,1601,1598,1616,1602,1604,1613,1603,1612,1595,1599,1604,1601,1611,1605,1600,1599,1604,1600,1607,1605,1597,1616,1610,1637,1599,1600,1613,1602,1599,1609,1607,1600,1600,1610,1600,1598,1601,1601,1603,1609,1611,1594,1594,1632,1616,1558,1599,1654,1585,1563,1666,1583,1504,1702,1722,1424,1515,1813,1582,1450,1762,1579,1303,1849,1933,1166,1374,2071,1582,1296,1944,1595,1009,2064,2213,851,1232,2358,1529,1134,2168,1527,699,2236,2494,611,1052,2572,1535,1030,2256,1563,583,2240,2581,625,1008,2544,1611,998,2160,1707,739,1970,2452,927,983,2330,1823,991,1764,1968,1147,1526,2200,1393,959,2065,2143,935,1260,2304,1647,1033,1912,1862,943,1802,2440,943,821,2536,2030,685,1707,2149,951,1624,2592,991,623,2568,2225,607,1568,2251,1063,1504,2505,1137,647,2416,2249,728,1458,2231,1231,1417,2304,1343,832,2170,2166,949,1392,2105,1427,1379,2027,1518,1075,1907,2039,1179,1367,1953,1591,1379,1806,1639,1296,1728,1903,1379,1393,1835,1664,1418,1664,1674,1453,1617,1783,1505,1450,1734,1677,1482,1600,1678,1533,1585,1678,1578,1515,1665,1652,1535,1584,1653,1584,1585,1630,1600,1568,1616,1642,1582,1587,1623,1600,1589,1613,1615,1584,1600,1623,1584,1598,1619,1603,1598,1616,1620,1577,1600,1630,1584,1572,1643,1623,1558,1595,1634,1584,1607,1648,1579,1553,1648,1631,1552,1609,1618,1581,1611,1664,1559,1556,1659,1632,1547,1613,1631,1563,1610,1661,1575,1545,1655,1635,1551,1595,1643,1553,1587,1658,1584,1553,1647,1647,1532,1584,1664,1595,1571,1647,1600,1525,1650,1671,1520,1558,1674,1602,1552,1652,1603,1511,1654,1693,1511,1546,1702,1596,1552,1657,1603,1504,1665,1694,1509,1547,1685,1589,1554,1665,1586,1513,1655,1687,1520,1561,1679,1601,1570,1649,1598,1523,1647,1659,1546,1571,1660,1594,1580,1630,1607,1552,1609,1651,1589,1562,1648,1616,1563,1615,1626,1559,1602,1649,1570,1561,1647,1631,1554,1603,1637,1568,1603,1648,1583,1566,1649,1631,1552,1597,1638,1584,1601,1645,1584,1554,1648,1641,1568,1596,1638,1578,1595,1634,1584,1565,1627,1631,1569,1599,1622,1589,1597,1625,1590,1579,1609,1622,1555,1595,1617,1599,1584,1614,1613,1597,1602,1603,1600,1597,1601,1613,1591,1595,1616,1603,1587,1604,1613,1584,1607,1622,1593,1579,1633,1600,1583,1596,1615,1579,1613,1627,1582,1578,1629,1611,1582,1611,1600,1578,1610,1635,1571,1589,1622,1607,1588,1618,1613,1584,1618,1621,1587,1598,1603,1598,1602,1607,1600,1587,1613,1613,1593,1600,1603,1600,1597,1616,1605,1592,1611,1601,1598,1599,1611,1602,1604,1603,1600,1587,1600,1611,1589,1602,1605,1603,1603,1605,1603,1586,1609,1605,1591,1599,1612,1610,1591,1603,1600,1581,1606,1627,1591,1605,1616,1603,1595,1611,1600,1590,1617,1614,1591,1590,1616,1591,1599,1616,1594,1594,1614,1616,1598,1602,1625,1588,1616,1613,1598,1584,1615,1603,1587,1606,1600,1600,1605,1616,1594,1589,1609,1611,1595,1591,1610,1593,1608,1611,1598,1598,1606,1600,1601,1607,1613,1599,1610,1606,1587,1599,1600,1595,1605,1602,1605,1603,1605,1596,1606,1600,1594,1607,1584,1602,1591,1607,1583,1597,1609,1603,1593,1603
1597,1593,1599,1599,1602,1598,1599,1602,1603,1598,1603,1601,1590,1606,1616,1599,1599,1601,1600,1600,1600,1601,1599,1599,1610,1597,1599,1601,1600,1593,1603,1609,1591,1599,1603,1610,1595,1601,1596,1600,1603,1616,1591,1598,1612,1601,1597,1600,1605,1612,1600,1597,1605,1600,1584,1601,1600,1597,1602,1609,1589,1584,1628,1609,1563,1600,1648,1570,1569,1664,1575,1492,1709,1709,1414,1520,1807,1567,1473,1774,1551,1298,1867,1919,1148,1418,2046,1535,1333,2016,1499,1009,2097,2192,839,1266,2327,1459,1200,2224,1427,677,2322,2476,549,1121,2588,1435,1059,2368,1463,527,2353,2630,528,1025,2628,1495,985,2304,1591,575,2160,2587,707,961,2496,1727,926,1952,1871,899,1728,2384,1125,896,2278,2066,847,1475,2241,1367,1209,2160,1599,816,2032,2416,790,972,2544,1799,802,1936,1935,779,1842,2640,795,676,2676,2063,592,1771,2128,839,1712,2653,913,618,2589,2147,660,1654,2143,998,1600,2490,1103,741,2368,2125,838,1546,2079,1199,1504,2208,1311,947,2105,2030,1058,1472,1984,1407,1458,1989,1476,1153,1888,1926,1255,1456,1867,1527,1468,1809,1571,1334,1750,1815,1399,1481,1769,1589,1500,1699,1600,1449,1673,1718,1491,1520,1680,1606,1559,1661,1593,1519,1637,1651,1551,1579,1635,1600,1588,1618,1584,1563,1628,1628,1563,1600,1615,1579,1598,1627,1582,1572,1634,1616,1559,1600,1640,1583,1559,1580,1643,1600,1578,1648,1584,1535,1648,1664,1513,1567,1682,1594,1552,1651,1597,1515,1652,1699,1502,1530,1685,1601,1520,1659,1613,1490,1665,1703,1493,1514,1737,1627,1514,1632,1635,1507,1631,1712,1520,1502,1715,1648,1494,1613,1671,1527,1600,1706,1535,1487,1707,1685,1482,1583,1699,1546,1555,1710,1561,1467,1723,1703,1467,1555,1712,1561,1557,1711,1559,1461,1708,1712,1472,1552,1711,1567,1558,1699,1568,1473,1681,1696,1483,1558,1679,1571,1572,1680,1571,1500,1672,1664,1519,1583,1658,1578,1584,1646,1584,1535,1639,1627,1550,1580,1638,1600,1578,1650,1607,1563,1616,1633,1573,1581,1631,1615,1555,1607,1618,1590,1600,1632,1569,1572,1619,1625,1533,1588,1615,1597,1613,1621,1603,1558,1629,1631,1563,1579,1648,1599,1584,1618,1602,1557,1626,1677,1567,1584,1632,1598,1584,1617,1597,1575,1613,1628,1581,1568,1625,1600,1585,1610,1603,1580,1606,1620,1597,1584,1620,1603,1577,1597,1614,1587,1616,1617,1589,1589,1619,1609,1553,1605,1616,1590,1599,1618,1593,1582,1616,1616,1577,1601,1607,1595,1600,1626,1590,1584,1618,1615,1586,1614,1605,1562,1613,1620,1584,1578,1621,1595,1593,1616,1595,1580,1623,1614,1581,1602,1610,1588,1605,1623,1579,1588,1614,1609,1598,1615,1600,1584,1616,1616,1584,1600,1616,1589,1599,1616,1599,1584,1617,1613,1585,1599,1613,1593,1600,1610,1595,1587,1613,1609,1591,1590,1607,1611,1598,1600,1611,1598,1598,1614,1600,1591,1616,1609,1593,1597,1612,1601,1598,1606,1595,1594,1607,1615,1589,1595,1616,1600,1599,1599,1598,1587,1615,1614,1587,1604,1610,1600,1613,1614,1595,1597,1611,1615,1591,1607,1609,1596,1607,1611,1588,1592,1604,1605,1599,1616,1600,1586,1611,1613,1600,1583,1604,1607,1606,1606,1595,1584,1612,1606,1600,1609,1600,1600,1611,1603,1601,1600,1600,1597,1602,1613,1597,1593,1603,1599,1597,1603,1601,1591
1600,1600,1600,1600,1589,1599,1595,1600,1617,1600,1607,1600,1603,1600,1602,1614,1597,1606,1605,1603,1607,1598,1602,1600,1595,1617,1590,1611,1609,1608,1612,1600,1601,1605,1597,1599,1598,1606,1614,1613,1609,1594,1611,1597,1601,1616,1606,1605,1598,1603,1603,1597,1606,1603,1602,1594,1605,1600,1600,1600,1599,1600,1598,1613,1598,1590,1632,1615,1559,1571,1674,1600,1530,1630,1634,1502,1651,1733,1441,1458,1838,1669,1359,1677,1712,1351,1715,1968,1228,1245,2123,1766,1111,1762,1803,1105,1792,2285,971,991,2454,1861,848,1864,1919,843,1888,2582,783,749,2645,1947,718,1872,1983,775,1842,2640,831,715,2572,2015,757,1764,2042,971,1624,2421,1183,838,2226,2091,939,1449,2158,1435,1242,2009,1707,999,1780,2224,1123,1019,2288,1983,827,1560,2215,1223,1376,2346,1303,671,2378,2383,577,1229,2502,1367,1134,2368,1451,547,2320,2554,571,1073,2546,1502,1059,2248,1563,645,2156,2496,747,1061,2400,1631,1085,2052,1683,895,1914,2304,1047,1128,2178,1727,1175,1785,1773,1191,1699,2061,1318,1216,1957,1795,1285,1610,1807,1419,1552,1858,1494,1323,1802,1803,1377,1505,1792,1575,1488,1729,1616,1408,1687,1774,1443,1472,1762,1629,1484,1654,1643,1471,1647,1741,1499,1489,1717,1648,1503,1619,1633,1522,1632,1693,1520,1519,1688,1623,1524,1638,1613,1520,1648,1685,1514,1552,1680,1591,1509,1664,1680,1578,1581,1666,1557,1495,1695,1664,1488,1594,1669,1534,1600,1709,1515,1487,1712,1664,1482,1615,1648,1513,1618,1728,1503,1503,1710,1647,1499,1635,1629,1511,1638,1710,1511,1524,1680,1631,1527,1620,1619,1520,1619,1679,1552,1570,1661,1626,1550,1606,1648,1571,1587,1648,1593,1550,1637,1648,1549,1569,1667,1600,1558,1634,1613,1523,1643,1678,1520,1535,1689,1616,1525,1646,1626,1517,1616,1701,1509,1526,1712,1618,1511,1648,1616,1504,1648,1701,1505,1529,1694,1612,1535,1647,1616,1511,1642,1672,1533,1535,1674,1599,1547,1616,1623,1566,1613,1660,1569,1551,1647,1638,1552,1595,1641,1584,1579,1639,1594,1555,1631,1654,1531,1567,1651,1607,1553,1630,1617,1551,1625,1664,1552,1548,1675,1618,1549,1616,1629,1545,1616,1675,1552,1543,1664,1631,1535,1616,1632,1600,1609,1670,1558,1551,1658,1607,1559,1600,1633,1563,1600,1647,1581,1555,1638,1630,1555,1600,1626,1591,1585,1631,1584,1573,1616,1641,1577,1584,1627,1603,1575,1621,1609,1572,1613,1630,1574,1581,1633,1613,1575,1615,1607,1579,1614,1638,1574,1578,1627,1593,1583,1618,1600,1584,1612,1634,1579,1593,1628,1598,1600,1613,1599,1584,1616,1611,1596,1598,1616,1586,1607,1605,1600,1591,1604,1600,1600,1607,1595,1600,1607,1601,1604,1603,1596,1599,1606,1611,1594,1616,1591,1598,1600,1616,1584,1616,1603,1599,1599,1613,1598,1595,1615,1616,1589,1590,1603,1604,1596,1616,1600,1596,1609,1616,1597,1604,1601,1605,1599,1616,1595,1599,1605,1595,1599,1617,1598,1587,1600,1629,1596,1608,1603,1601,1599,1605,1603,1604,1600,1606,1605,1600,1609,1602,1605,1600,1602,1599,1594,1601,1605,1600,1614,1601,1602,1597,1613,1609,1597,1601,1606,1599,1606,1615,1600,1599,1610,1609,1589,1613,1601,1594,1605,1648,1589,1612,1612,1611,1601,1616,1606,1588,1617,1613,1597,1598,1614,1599,1601,1614,1595,1591,1612,1609
1601,1604,1579,1600,1601,1599,1601,1617,1598,1600,1614,1595,1584,1606,1597,1611,1600,1618,1600,1579,1616,1605,1584,1599,1600,1601,1600,1611,1605,1585,1609,1601,1584,1601,1607,1601,1603,1609,1584,1584,1616,1599,1605,1599,1607,1611,1599,1591,1603,1601,1589,1603,1604,1602,1600,1600,1603,1600,1611,1613,1584,1601,1626,1601,1569,1655,1615,1568,1617,1669,1520,1520,1733,1659,1433,1639,1709,1469,1632,1828,1392,1329,1948,1773,1201,1634,1859,1296,1645,2114,1200,1066,2269,1923,917,1670,2000,1073,1690,2422,975,771,2544,2094,660,1688,2143,927,1665,2608,934,639,2597,2174,641,1640,2175,983,1569,2513,1119,698,2368,2184,807,1460,2180,1311,1333,2160,1527,944,1936,2188,1079,1184,2192,1783,1007,1682,2035,1234,1447,2197,1383,877,2188,2242,769,1249,2400,1495,1093,2176,1603,715,2132,2498,706,978,2535,1691,925,2064,1759,749,1984,2524,823,909,2467,1811,912,1898,1863,913,1808,2387,1039,949,2286,1885,1013,1720,1903,1162,1644,2169,1287,1082,2051,1890,1165,1582,1893,1381,1534,1955,1463,1233,1861,1851,1308,1505,1821,1520,1488,1795,1570,1377,1722,1783,1429,1552,1744,1605,1513,1680,1615,1493,1647,1737,1518,1534,1671,1614,1551,1634,1615,1553,1616,1648,1572,1577,1616,1601,1587,1616,1594,1590,1620,1612,1584,1600,1617,1587,1615,1617,1581,1584,1631,1604,1584,1617,1643,1567,1559,1622,1607,1551,1623,1654,1521,1553,1671,1610,1555,1634,1633,1523,1632,1677,1520,1546,1686,1616,1545,1643,1611,1521,1646,1682,1520,1552,1677,1623,1552,1616,1609,1535,1628,1663,1552,1589,1647,1614,1557,1622,1618,1573,1599,1639,1584,1558,1621,1633,1552,1581,1648,1605,1598,1616,1636,1557,1606,1659,1561,1534,1680,1616,1531,1612,1625,1547,1616,1680,1535,1520,1686,1642,1520,1613,1635,1532,1616,1680,1549,1517,1680,1628,1520,1621,1635,1527,1610,1680,1552,1525,1664,1636,1529,1601,1644,1567,1589,1664,1569,1535,1648,1648,1535,1589,1649,1583,1578,1645,1597,1531,1643,1653,1535,1571,1649,1600,1566,1612,1597,1547,1635,1671,1547,1600,1653,1603,1557,1633,1610,1535,1633,1666,1552,1534,1658,1578,1555,1627,1611,1550,1627,1649,1559,1555,1648,1610,1565,1616,1598,1563,1597,1644,1568,1575,1645,1613,1573,1606,1616,1571,1604,1622,1584,1580,1617,1612,1573,1600,1614,1599,1587,1609,1595,1584,1605,1637,1584,1586,1619,1585,1578,1614,1607,1586,1600,1617,1583,1583,1632,1610,1578,1605,1613,1584,1610,1616,1589,1578,1614,1601,1594,1601,1608,1584,1597,1609,1587,1591,1601,1613,1594,1605,1597,1600,1599,1606,1600,1600,1599,1600,1605,1587,1600,1602,1598,1565,1602,1603,1599,1601,1600,1585,1602,1610,1593,1594,1611,1599,1596,1604,1597,1595,1601,1606,1611,1601,1607,1590,1602,1605,1589,1600,1605,1601,1595,1607,1601,1576,1606,1611,1590,1595,1606,1600,1597,1607,1598,1585,1616,1607,1584,1600,1611,1597,1594,1615,1558,1591,1600,1610,1595,1598,1584,1595,1600,1613,1599,1594,1613,1598,1600,1600,1605,1587,1599,1606,1597,1597,1610,1601,1595,1604,1601,1595,1599,1601,1593,1596,1603,1611,1599,1600,1608,1600,1581,1600,1626,1597,1599,1605,1591,1591,1602,1603,1595,1600,1606,1590,1616,1609,1599,1586,1582,1604,1587,1600,1600,1594,1602,1616,1594,1600
1606,1599,1602,1605,1608,1599,1599,1603,1600,1601,1613,1610,1606,1600,1603,1576,1606,1611,1599,1603,1601,1606,1606,1600,1600,1600,1603,1600,1602,1600,1609,1604,1601,1606,1613,1602,1588,1600,1613,1605,1616,1612,1600,1605,1606,1601,1603,1609,1609,1609,1591,1600,1602,1607,1600,1604,1604,1600,1611,1609,1590,1594,1627,1616,1554,1609,1653,1578,1582,1653,1575,1503,1710,1725,1423,1520,1807,1573,1471,1774,1555,1308,1866,1926,1167,1398,2062,1535,1341,1970,1521,1008,2076,2185,847,1264,2335,1471,1192,2224,1453,685,2320,2473,561,1116,2597,1447,1056,2352,1475,531,2344,2656,533,1008,2643,1527,976,2284,1619,571,2160,2602,703,946,2498,1727,926,1978,1861,897,1760,2386,1107,912,2280,2015,889,1509,2192,1342,1256,2144,1591,871,2004,2353,877,1034,2456,1791,864,1876,1953,887,1776,2524,923,752,2544,2077,688,1678,2151,991,1600,2515,1085,691,2434,2192,735,1520,2183,1169,1466,2352,1279,803,2224,2160,911,1421,2121,1371,1398,2096,1477,1023,1968,2055,1139,1381,1984,1551,1387,1862,1619,1245,1769,1921,1349,1391,1853,1649,1422,1691,1673,1425,1636,1790,1491,1455,1728,1680,1488,1596,1679,1553,1571,1676,1595,1525,1648,1654,1547,1566,1650,1604,1583,1627,1603,1569,1614,1630,1590,1597,1597,1604,1610,1603,1594,1610,1601,1593,1616,1616,1580,1585,1613,1607,1572,1619,1657,1568,1559,1616,1629,1554,1620,1666,1552,1534,1685,1633,1525,1620,1647,1535,1628,1694,1520,1520,1687,1646,1509,1634,1643,1521,1624,1702,1526,1516,1703,1622,1525,1623,1630,1517,1637,1691,1525,1533,1680,1616,1552,1621,1606,1548,1644,1674,1549,1565,1651,1613,1563,1623,1616,1570,1612,1639,1586,1573,1625,1617,1572,1600,1625,1598,1586,1625,1607,1571,1618,1637,1571,1573,1647,1613,1561,1621,1619,1569,1616,1651,1566,1555,1661,1623,1562,1606,1619,1568,1605,1655,1575,1554,1645,1633,1553,1606,1637,1578,1597,1647,1585,1556,1638,1637,1558,1590,1635,1600,1584,1637,1648,1557,1634,1648,1561,1573,1647,1610,1569,1628,1613,1557,1614,1664,1555,1566,1661,1616,1562,1616,1623,1553,1614,1654,1553,1558,1653,1638,1553,1617,1625,1559,1619,1633,1557,1557,1648,1622,1559,1618,1613,1567,1613,1648,1566,1571,1631,1616,1579,1616,1627,1569,1618,1633,1565,1584,1622,1605,1577,1619,1601,1587,1610,1621,1584,1600,1618,1600,1600,1607,1600,1593,1610,1616,1594,1610,1603,1600,1601,1613,1600,1600,1601,1613,1598,1607,1611,1601,1605,1608,1600,1595,1605,1606,1594,1600,1599,1599,1605,1614,1605,1594,1616,1603,1583,1605,1607,1591,1607,1616,1591,1591,1616,1604,1598,1602,1601,1589,1615,1613,1584,1595,1616,1584,1594,1606,1597,1584,1616,1600,1589,1600,1610,1597,1609,1615,1590,1599,1613,1605,1597,1601,1603,1597,1600,1600,1602,1593,1601,1606,1600,1603,1597,1600,1601,1609,1597,1606,1605,1593,1600,1602,1604,1601,1612,1599,1586,1609,1600,1593,1611,1613,1596,1601,1610,1599,1599,1615,1595,1597,1610,1606,1585,1606,1601,1593,1604,1611,1595,1594,1616,1605,1594,1607,1600,1595,1603,1611,1596,1583,1613,1602,1596,1578,1606,1587,1615,1607,1600,1600,1609,1602,1600,1593,1607,1600,1603,1611,1599,1600,1599,1605,1598,1600,1606,1600,1600,1603,1603,1595,1606,1613,1586,1601
1599,1605,1600,1601,1603,1603,1595,1600,1610,1598,1600,1600,1600,1593,1606,1579,1602,1601,1605,1600,1600,1605,1600,1602,1607,1600,1603,1600,1584,1599,1602,1601,1574,1600,1600,1600,1591,1600,1600,1603,1600,1607,1601,1597,1602,1606,1606,1600,1600,1603,1602,1590,1601,1605,1591,1602,1600,1607,1600,1616,1607,1595,1610,1590,1593,1586,1632,1611,1552,1648,1649,1584,1565,1663,1587,1494,1701,1718,1424,1507,1811,1583,1455,1757,1579,1302,1844,1938,1165,1378,2074,1575,1296,1944,1564,1011,2056,2208,847,1219,2364,1535,1126,2148,1535,695,2240,2496,615,1052,2576,1535,1008,2230,1567,593,2228,2598,635,1004,2544,1614,986,2122,1703,746,1964,2450,941,989,2323,1827,997,1752,1959,1159,1510,2187,1411,979,2029,2131,977,1242,2291,1670,1002,1872,1895,979,1737,2412,995,814,2500,2083,672,1632,2222,1043,1528,2522,1085,610,2517,2320,587,1448,2330,1159,1392,2464,1231,619,2384,2321,692,1344,2293,1329,1301,2265,1405,799,2134,2241,961,1291,2177,1505,1296,2001,1591,1043,1888,2096,1166,1302,2003,1643,1330,1792,1679,1279,1712,1936,1371,1361,1848,1699,1399,1645,1702,1461,1611,1770,1512,1450,1716,1695,1489,1584,1669,1566,1571,1670,1595,1535,1632,1654,1573,1572,1623,1617,1581,1599,1639,1600,1583,1603,1635,1584,1595,1631,1594,1554,1628,1637,1552,1578,1646,1602,1571,1621,1687,1566,1577,1609,1605,1571,1587,1633,1568,1570,1630,1633,1581,1586,1641,1602,1572,1614,1615,1570,1611,1636,1578,1559,1642,1627,1555,1603,1632,1577,1593,1647,1587,1562,1632,1637,1566,1585,1630,1595,1573,1619,1619,1571,1607,1643,1611,1567,1642,1625,1550,1616,1647,1583,1584,1646,1578,1526,1666,1662,1510,1570,1707,1579,1559,1669,1574,1509,1674,1686,1491,1569,1682,1577,1565,1685,1564,1492,1691,1685,1490,1616,1676,1569,1584,1687,1553,1502,1683,1666,1507,1598,1658,1552,1593,1686,1550,1526,1662,1651,1535,1601,1627,1566,1602,1664,1603,1552,1648,1626,1573,1607,1629,1575,1594,1633,1587,1578,1620,1616,1580,1591,1616,1602,1590,1611,1609,1585,1601,1605,1594,1577,1623,1613,1577,1594,1623,1599,1587,1625,1590,1578,1632,1628,1570,1586,1626,1594,1587,1624,1594,1566,1629,1634,1572,1589,1611,1596,1590,1625,1579,1568,1614,1629,1573,1586,1622,1601,1586,1618,1600,1579,1609,1623,1589,1584,1618,1600,1585,1611,1611,1584,1606,1616,1584,1578,1621,1612,1589,1606,1612,1587,1603,1621,1587,1584,1619,1607,1584,1605,1615,1582,1601,1618,1584,1586,1628,1605,1582,1616,1600,1584,1602,1616,1613,1591,1616,1594,1596,1616,1594,1586,1616,1604,1586,1601,1605,1591,1607,1613,1590,1599,1610,1600,1600,1602,1595,1593,1613,1606,1582,1601,1602,1595,1613,1608,1591,1603,1607,1594,1600,1603,1600,1600,1603,1595,1600,1597,1603,1606,1603,1609,1591,1601,1614,1602,1600,1603,1598,1594,1606,1600,1597,1601,1600,1595,1596,1606,1597,1599,1653,1600,1602,1605,1601,1586,1600,1602,1598,1597,1607,1600,1597,1604,1600,1588,1605,1603,1597,1605,1600,1598,1600,1617,1600,1596,1605,1613,1597,1607,1600,1584,1601,1610,1600,1600,1600,1605,1600,1604,1600,1598,1607,1604,1599,1602,1599,1602,1614,1600,1595,1604,1590,1600,1605,1598,1574,1606,1610,1591,1603,1610,1592,1600,1607,1596
1600,1600,1606,1604,1607,1584,1597,1608,1573,1602,1608,1606,1576,1606,1607,1594,1613,1599,1601,1600,1601,1600,1600,1601,1590,1597,1603,1603,1599,1602,1605,1597,1601,1603,1600,1591,1612,1606,1595,1600,1614,1598,1600,1601,1599,1591,1589,1606,1614,1600,1598,1600,1609,1596,1615,1600,1602,1599,1613,1599,1587,1605,1603,1584,1603,1631,1575,1558,1665,1643,1498,1585,1703,1556,1546,1714,1551,1415,1796,1787,1298,1495,1900,1511,1442,1883,1473,1153,2016,2015,991,1392,2158,1425,1345,2150,1371,831,2284,2282,663,1294,2414,1327,1229,2404,1311,539,2458,2515,523,1177,2587,1343,1132,2444,1383,519,2402,2576,559,1092,2542,1479,1047,2240,1630,687,2033,2458,895,1011,2368,1791,947,1776,1991,1114,1506,2317,1355,891,2140,2210,831,1225,2410,1607,960,2024,1830,803,1908,2557,789,757,2676,1999,607,1814,2127,799,1728,2713,848,549,2690,2209,543,1648,2247,939,1572,2624,1039,583,2512,2245,656,1500,2241,1151,1436,2381,1277,754,2229,2199,891,1389,2146,1397,1358,2092,1507,973,1946,2091,1133,1331,2023,1595,1335,1833,1648,1243,1744,1952,1339,1344,1888,1681,1372,1672,1697,1409,1621,1829,1461,1412,1776,1703,1452,1594,1697,1507,1586,1728,1545,1485,1687,1678,1519,1585,1649,1569,1595,1660,1578,1550,1645,1629,1574,1600,1613,1579,1620,1625,1569,1591,1607,1591,1600,1627,1623,1562,1600,1649,1570,1555,1663,1630,1535,1603,1637,1557,1602,1680,1552,1527,1677,1652,1515,1609,1651,1547,1595,1691,1547,1514,1685,1659,1519,1599,1702,1557,1599,1687,1565,1515,1665,1662,1519,1587,1664,1579,1581,1648,1599,1533,1637,1662,1549,1557,1665,1614,1543,1617,1637,1535,1601,1680,1555,1515,1680,1657,1506,1589,1668,1555,1581,1692,1564,1495,1693,1678,1471,1582,1679,1554,1584,1694,1559,1489,1690,1677,1495,1586,1671,1552,1590,1693,1563,1505,1680,1659,1520,1587,1659,1565,1584,1660,1579,1535,1649,1646,1550,1588,1638,1584,1582,1638,1598,1566,1613,1638,1573,1591,1633,1605,1573,1605,1623,1579,1595,1634,1581,1566,1648,1631,1552,1589,1645,1586,1591,1643,1590,1551,1648,1647,1547,1585,1623,1585,1591,1648,1584,1535,1642,1648,1535,1589,1642,1585,1596,1647,1582,1552,1640,1641,1555,1584,1633,1583,1594,1621,1593,1561,1635,1634,1581,1589,1619,1586,1590,1625,1598,1584,1616,1622,1584,1591,1616,1602,1596,1608,1604,1587,1605,1616,1586,1584,1616,1611,1586,1600,1603,1587,1602,1637,1587,1616,1616,1607,1587,1612,1613,1583,1603,1616,1590,1591,1613,1600,1595,1614,1599,1578,1613,1613,1588,1591,1615,1599,1600,1605,1596,1593,1613,1610,1597,1602,1605,1586,1621,1609,1593,1597,1605,1599,1606,1613,1600,1591,1611,1611,1599,1599,1600,1601,1609,1606,1598,1600,1606,1606,1600,1601,1599,1601,1603,1605,1603,1601,1649,1600,1604,1607,1590,1600,1612,1601,1599,1610,1600,1591,1607,1605,1597,1603,1602,1596,1602,1613,1595,1601,1605,1605,1601,1609,1597,1587,1607,1600,1598,1602,1602,1598,1601,1605,1600,1600,1603,1605,1617,1600,1589,1600,1600,1600,1596,1604,1599,1603,1616,1601,1603,1606,1599,1587,1607,1606,1600,1601,1600,1602,1601,1604,1596,1604,1606,1601,1597,1609,1600,1593,1599,1621,1595,1591,1616,1595,1592,1607,1595,1597,1614,1609,1589,1602
1603,1603,1602,1600,1606,1599,1611,1598,1597,1606,1600,1607,1600,1609,1600,1603,1646,1601,1600,1603,1595,1601,1601,1611,1600,1601,1598,1600,1603,1599,1605,1597,1600,1602,1600,1601,1607,1605,1603,1606,1605,1603,1599,1616,1603,1607,1598,1589,1600,1594,1603,1603,1601,1619,1603,1607,1597,1600,1603,1601,1607,1610,1584,1589,1629,1615,1550,1585,1663,1589,1543,1648,1608,1510,1691,1732,1417,1488,1826,1617,1406,1725,1639,1322,1800,1951,1185,1313,2097,1662,1212,1865,1668,1072,1944,2253,895,1093,2418,1679,994,2032,1709,753,2080,2547,675,901,2622,1739,864,2096,1757,659,2060,2624,719,850,2572,1799,873,1968,1859,848,1804,2449,1051,913,2276,1943,960,1602,2061,1283,1378,2104,1559,995,1904,2191,1055,1120,2292,1840,895,1712,2079,1111,1552,2384,1155,705,2448,2263,604,1397,2395,1200,1296,2472,1275,543,2440,2469,542,1218,2479,1343,1172,2368,1415,590,2272,2468,687,1148,2416,1502,1135,2160,1589,805,2028,2331,931,1152,2243,1655,1168,1920,1712,1070,1803,2126,1191,1203,2051,1703,1248,1712,1765,1306,1653,1941,1404,1296,1859,1757,1360,1600,1747,1475,1570,1780,1535,1420,1699,1731,1454,1552,1698,1587,1535,1663,1601,1523,1615,1666,1565,1552,1639,1631,1553,1600,1641,1599,1575,1616,1617,1559,1612,1642,1575,1552,1642,1633,1562,1609,1627,1602,1605,1631,1584,1553,1607,1617,1591,1579,1613,1606,1600,1607,1598,1597,1610,1597,1600,1616,1587,1574,1625,1605,1575,1603,1616,1582,1604,1647,1573,1581,1634,1620,1564,1605,1628,1577,1600,1632,1590,1568,1625,1627,1558,1584,1647,1603,1566,1617,1615,1571,1595,1654,1562,1544,1669,1635,1520,1604,1648,1552,1603,1682,1546,1503,1699,1653,1492,1609,1662,1531,1613,1706,1525,1483,1717,1663,1491,1610,1659,1517,1639,1708,1535,1492,1713,1649,1506,1616,1642,1521,1621,1706,1535,1515,1680,1629,1531,1616,1636,1551,1621,1671,1557,1552,1651,1631,1555,1600,1633,1575,1600,1643,1583,1558,1630,1631,1562,1584,1638,1563,1584,1622,1601,1583,1622,1627,1557,1573,1639,1603,1573,1617,1613,1568,1617,1638,1569,1579,1643,1610,1579,1616,1616,1568,1618,1633,1571,1579,1625,1603,1577,1616,1608,1573,1614,1626,1583,1584,1611,1605,1586,1610,1600,1597,1600,1616,1595,1585,1603,1602,1599,1590,1613,1603,1600,1605,1607,1600,1597,1610,1594,1590,1611,1616,1584,1588,1616,1599,1593,1613,1600,1584,1623,1613,1579,1594,1609,1593,1589,1621,1597,1577,1621,1607,1584,1600,1610,1583,1602,1621,1588,1575,1616,1606,1587,1585,1600,1586,1601,1610,1584,1594,1610,1616,1600,1616,1609,1562,1603,1602,1591,1599,1600,1595,1589,1601,1600,1600,1601,1611,1589,1599,1612,1605,1595,1600,1603,1593,1609,1615,1586,1590,1609,1602,1584,1613,1600,1584,1613,1611,1599,1584,1612,1617,1587,1594,1616,1595,1589,1614,1585,1582,1609,1616,1581,1601,1607,1595,1598,1619,1594,1594,1607,1587,1586,1587,1603,1599,1604,1604,1600,1584,1608,1599,1600,1595,1601,1597,1600,1602,1598,1595,1598,1600,1595,1604,1602,1602,1596,1600,1607,1610,1634,1603,1600,1600,1600,1600,1594,1599,1607,1601,1588,1600,1598,1601,1600,1603,1589,1600,1609,1607,1597,1600,1602,1594,1602,1610,1593,1597,1603,1616,1602,1603,1597,1613,1605,1606,1595,1601
1613,1599,1604,1607,1599,1599,1600,1605,1610,1600,1600,1605,1602,1598,1603,1606,1605,1602,1602,1600,1600,1605,1600,1601,1600,1606,1603,1604,1607,1598,1599,1600,1599,1602,1621,1611,1603,1598,1619,1604,1597,1606,1601,1602,1600,1614,1614,1600,1595,1613,1603,1598,1601,1607,1600,1600,1599,1605,1600,1601,1600,1613,1605,1605,1589,1590,1624,1611,1559,1606,1660,1585,1558,1670,1593,1499,1700,1709,1414,1530,1825,1595,1435,1755,1603,1311,1829,1943,1175,1353,2086,1595,1264,1920,1594,1015,2000,2225,859,1186,2395,1573,1088,2132,1584,702,2196,2517,627,1004,2589,1603,964,2202,1621,606,2184,2602,647,958,2546,1663,955,2068,1747,767,1920,2432,975,976,2298,1859,982,1712,1999,1207,1456,2154,1471,993,1984,2162,998,1190,2304,1739,929,1812,1967,1011,1680,2420,1023,755,2512,2151,619,1558,2291,1063,1462,2564,1107,555,2548,2359,543,1392,2391,1163,1353,2502,1235,577,2402,2365,653,1328,2337,1323,1296,2296,1407,765,2162,2263,899,1296,2178,1483,1309,2032,1574,1037,1904,2094,1159,1328,1984,1611,1363,1811,1644,1287,1724,1901,1392,1406,1802,1664,1447,1651,1670,1488,1599,1728,1570,1493,1653,1675,1535,1553,1662,1621,1530,1600,1664,1584,1552,1662,1610,1517,1648,1696,1520,1521,1712,1623,1499,1642,1644,1509,1634,1714,1505,1510,1712,1635,1517,1639,1616,1519,1646,1703,1615,1534,1648,1671,1535,1567,1649,1595,1599,1648,1574,1551,1649,1623,1571,1616,1616,1552,1638,1648,1524,1583,1634,1591,1595,1648,1567,1551,1655,1645,1535,1598,1642,1568,1600,1654,1575,1547,1653,1637,1545,1591,1643,1582,1583,1666,1590,1535,1643,1659,1535,1570,1670,1595,1552,1645,1613,1521,1642,1680,1520,1535,1693,1614,1533,1648,1615,1505,1648,1709,1498,1527,1711,1614,1524,1655,1613,1490,1655,1713,1488,1527,1701,1614,1533,1663,1609,1499,1655,1702,1510,1545,1683,1601,1547,1639,1602,1520,1648,1673,1531,1555,1666,1600,1565,1634,1600,1547,1622,1655,1552,1571,1653,1610,1567,1615,1598,1572,1600,1645,1572,1584,1632,1622,1573,1600,1628,1584,1591,1628,1595,1573,1618,1637,1571,1585,1634,1598,1578,1618,1601,1562,1616,1631,1575,1575,1634,1611,1580,1613,1609,1584,1602,1636,1584,1581,1622,1619,1577,1603,1615,1594,1593,1629,1588,1582,1619,1624,1570,1597,1622,1601,1590,1619,1601,1575,1615,1631,1579,1586,1627,1604,1580,1607,1605,1579,1613,1621,1593,1587,1626,1600,1581,1616,1595,1584,1661,1623,1565,1587,1622,1605,1587,1617,1593,1581,1619,1617,1584,1595,1615,1594,1610,1615,1598,1584,1600,1610,1598,1607,1603,1588,1603,1609,1599,1594,1612,1598,1602,1611,1600,1588,1606,1601,1600,1607,1600,1599,1609,1590,1604,1613,1607,1599,1613,1600,1600,1604,1602,1595,1611,1601,1600,1597,1605,1600,1597,1605,1603,1591,1603,1610,1591,1595,1607,1600,1594,1626,1601,1599,1605,1614,1594,1599,1603,1599,1594,1615,1600,1600,1608,1601,1600,1599,1602,1600,1598,1603,1602,1601,1597,1603,1598,1603,1605,1600,1605,1598,1599,1601,1603,1600,1600,1601,1600,1601,1606,1599,1606,1601,1598,1600,1600,1596,1606,1603,1600,1603,1603,1615,1596,1600,1607,1599,1606,1607,1589,1600,1613,1597,1597,1603,1606,1594,1613,1610,1594,1600,1617,1595,1600,1611,1599,1593,1612,1601
1599,1599,1599,1572,1602,1615,1600,1594,1601,1600,1589,1600,1604,1604,1600,1600,1602,1594,1602,1599,1591,1600,1585,1600,1596,1601,1600,1594,1601,1601,1597,1600,1607,1602,1600,1600,1606,1589,1600,1611,1587,1602,1609,1602,1599,1603,1605,1595,1600,1605,1608,1600,1597,1601,1600,1594,1600,1606,1594,1600,1602,1600,1589,1607,1607,1586,1605,1619,1583,1555,1667,1643,1506,1577,1707,1569,1557,1713,1559,1411,1787,1798,1296,1486,1914,1523,1430,1878,1498,1152,1986,2032,997,1367,2165,1463,1314,2112,1419,829,2252,2334,677,1245,2436,1389,1184,2324,1395,586,2360,2495,567,1146,2512,1406,1124,2332,1471,603,2232,2480,695,1104,2406,1581,1088,2060,1719,891,1840,2295,1123,1061,2184,1881,1012,1588,2087,1371,1296,2064,1615,962,1922,2273,943,1043,2426,1835,834,1824,2003,915,1720,2536,903,689,2608,2146,601,1644,2227,950,1572,2608,1007,569,2566,2267,590,1520,2285,1081,1456,2496,1163,659,2368,2246,757,1440,2194,1265,1409,2252,1359,876,2122,2134,995,1394,2061,1437,1404,2000,1509,1118,1876,1951,1251,1424,1883,1569,1439,1786,1614,1361,1693,1802,1459,1474,1731,1633,1506,1623,1646,1534,1581,1671,1596,1535,1625,1659,1568,1552,1657,1639,1527,1579,1669,1584,1553,1658,1593,1507,1663,1694,1499,1535,1690,1601,1535,1663,1600,1506,1657,1673,1510,1554,1677,1598,1575,1648,1645,1519,1600,1654,1562,1550,1652,1631,1557,1618,1600,1550,1635,1652,1545,1582,1648,1584,1593,1648,1574,1533,1651,1643,1550,1598,1621,1558,1603,1649,1566,1553,1648,1623,1552,1610,1626,1573,1596,1637,1584,1553,1629,1632,1535,1584,1633,1589,1535,1638,1591,1549,1632,1664,1527,1552,1680,1603,1545,1645,1610,1514,1648,1687,1510,1535,1698,1612,1525,1662,1605,1502,1662,1697,1502,1535,1699,1600,1535,1654,1589,1491,1648,1693,1511,1552,1683,1598,1594,1659,1599,1519,1652,1665,1525,1565,1659,1591,1578,1635,1589,1552,1632,1647,1557,1559,1643,1597,1584,1619,1600,1569,1613,1630,1587,1582,1627,1605,1585,1597,1616,1599,1591,1623,1594,1578,1613,1617,1586,1591,1627,1600,1584,1607,1603,1583,1602,1629,1587,1578,1626,1611,1582,1600,1616,1594,1600,1631,1585,1569,1676,1627,1569,1600,1620,1599,1589,1626,1598,1570,1618,1622,1573,1585,1629,1600,1586,1616,1601,1573,1616,1647,1569,1591,1629,1639,1584,1631,1599,1576,1614,1631,1583,1583,1637,1597,1586,1616,1599,1584,1616,1629,1584,1581,1617,1601,1602,1616,1597,1583,1616,1614,1591,1601,1613,1599,1602,1615,1591,1590,1616,1614,1593,1600,1598,1597,1607,1604,1588,1607,1602,1605,1601,1650,1597,1606,1601,1606,1597,1613,1600,1599,1607,1602,1597,1601,1600,1597,1604,1606,1600,1606,1607,1593,1600,1614,1605,1591,1601,1600,1584,1604,1600,1599,1611,1607,1599,1589,1605,1605,1591,1612,1600,1598,1602,1611,1591,1599,1611,1599,1591,1610,1606,1595,1607,1601,1597,1599,1603,1602,1591,1608,1607,1603,1600,1605,1599,1600,1601,1589,1600,1602,1603,1600,1590,1607,1603,1600,1601,1609,1598,1600,1619,1599,1606,1607,1600,1597,1602,1605,1593,1604,1600,1601,1602,1602,1616,1598,1653,1606,1611,1595,1594,1601,1600,1614,1595,1597,1603,1605,1591,1606,1603,1595,1600,1606,1597,1599,1606,1602,1594,1610,1602,1597,1602,1595
1605,1603,1597,1600,1599,1609,1597,1600,1611,1606,1602,1584,1607,1592,1603,1606,1596,1599,1599,1605,1601,1610,1600,1600,1618,1600,1600,1599,1600,1605,1597,1607,1601,1601,1605,1595,1601,1597,1604,1602,1591,1607,1614,1597,1606,1597,1615,1606,1590,1600,1605,1601,1597,1584,1602,1623,1602,1604,1597,1591,1605,1630,1589,1603,1616,1590,1593,1626,1587,1555,1654,1661,1496,1553,1769,1600,1497,1693,1611,1424,1750,1815,1303,1418,1945,1616,1331,1812,1630,1172,1896,2096,1023,1232,2242,1625,1141,1992,1631,863,2086,2414,721,1041,2544,1643,946,2136,1674,646,2149,2611,623,913,2614,1701,897,2121,1745,679,2026,2559,811,902,2449,1811,939,1856,1905,1011,1664,2294,1244,974,2128,2023,1002,1432,2159,1503,1172,1944,1776,1040,1754,2277,1085,951,2368,2006,771,1604,2191,1135,1460,2440,1183,655,2444,2324,589,1363,2397,1251,1282,2416,1327,597,2354,2421,645,1222,2412,1399,1190,2258,1487,723,2146,2368,833,1169,2299,1574,1171,2017,1639,961,1910,2224,1087,1184,2126,1695,1229,1814,1723,1195,1725,2035,1299,1275,1936,1738,1325,1670,1727,1383,1629,1863,1456,1390,1789,1714,1447,1606,1682,1507,1606,1725,1549,1493,1666,1653,1545,1601,1616,1565,1618,1639,1584,1585,1614,1590,1613,1629,1578,1590,1629,1587,1587,1630,1591,1563,1639,1638,1556,1584,1638,1593,1584,1646,1604,1577,1570,1645,1616,1563,1610,1639,1572,1562,1648,1638,1552,1599,1648,1573,1584,1655,1574,1534,1652,1661,1527,1595,1664,1583,1578,1661,1585,1520,1652,1669,1533,1583,1650,1587,1573,1648,1598,1550,1626,1648,1559,1575,1648,1613,1577,1613,1616,1579,1590,1630,1587,1565,1643,1638,1535,1584,1654,1600,1563,1641,1600,1532,1647,1674,1520,1554,1684,1600,1549,1658,1601,1520,1663,1683,1497,1555,1693,1593,1555,1680,1583,1484,1673,1689,1503,1564,1680,1579,1565,1676,1579,1503,1670,1675,1510,1571,1648,1584,1569,1655,1597,1527,1647,1666,1550,1571,1659,1599,1568,1640,1612,1554,1616,1652,1561,1565,1648,1616,1557,1611,1630,1573,1601,1650,1578,1551,1648,1639,1535,1588,1646,1586,1584,1653,1569,1534,1663,1643,1546,1584,1646,1582,1589,1653,1584,1546,1647,1648,1552,1589,1643,1585,1593,1642,1562,1556,1635,1633,1567,1594,1627,1585,1595,1631,1596,1571,1621,1619,1573,1601,1616,1592,1600,1616,1595,1602,1611,1613,1590,1599,1616,1610,1588,1607,1607,1599,1602,1613,1593,1591,1615,1609,1589,1606,1613,1589,1606,1615,1603,1584,1600,1607,1587,1604,1607,1586,1616,1625,1585,1585,1617,1602,1590,1616,1599,1584,1615,1618,1585,1599,1609,1600,1607,1620,1595,1587,1617,1605,1598,1606,1603,1594,1606,1613,1600,1600,1605,1597,1604,1609,1600,1600,1607,1600,1600,1606,1600,1599,1604,1600,1600,1606,1605,1593,1585,1604,1595,1600,1614,1603,1587,1609,1600,1598,1607,1615,1595,1594,1601,1601,1635,1610,1610,1597,1607,1616,1598,1597,1600,1601,1603,1606,1601,1591,1606,1609,1593,1606,1601,1606,1601,1611,1602,1598,1614,1605,1596,1600,1613,1607,1599,1600,1601,1602,1601,1584,1595,1591,1609,1607,1597,1601,1601,1601,1602,1616,1600,1599,1615,1604,1593,1605,1605,1597,1608,1614,1599,1594,1616,1604,1589,1609,1607,1606,1609,1605,1594,1584,1622,1590,1603,1615,1600,1599,1614,1616
1584,1597,1600,1604,1611,1603,1585,1597,1600,1607,1601,1600,1605,1584,1606,1591,1584,1605,1591,1603,1601,1604,1600,1590,1603,1597,1586,1605,1599,1598,1601,1590,1606,1584,1611,1597,1585,1597,1605,1600,1601,1611,1603,1579,1597,1605,1600,1599,1600,1605,1574,1600,1613,1601,1615,1598,1603,1602,1599,1605,1603,1594,1609,1611,1590,1587,1622,1608,1566,1614,1642,1566,1591,1664,1552,1499,1724,1701,1421,1559,1773,1530,1523,1805,1483,1303,1914,1879,1156,1482,1998,1435,1434,2032,1383,999,2178,2117,834,1401,2246,1311,1360,2306,1275,681,2405,2359,581,1306,2423,1271,1280,2452,1285,560,2416,2439,589,1252,2418,1345,1216,2320,1459,699,2136,2375,867,1176,2275,1627,1115,1914,1810,1079,1648,2189,1297,1047,2094,2031,967,1376,2239,1535,1106,1984,1735,919,1890,2405,851,901,2521,1926,749,1808,2047,882,1722,2594,910,659,2601,2146,624,1648,2194,975,1584,2545,1067,650,2472,2225,694,1492,2209,1167,1456,2360,1279,790,2234,2175,895,1410,2135,1375,1392,2101,1461,1010,1980,2067,1123,1389,1999,1535,1408,1868,1571,1237,1792,1904,1344,1418,1833,1607,1462,1712,1634,1423,1654,1754,1505,1502,1683,1627,1552,1617,1622,1570,1597,1600,1610,1583,1584,1600,1617,1583,1607,1664,1573,1549,1665,1634,1533,1593,1651,1557,1592,1670,1565,1520,1677,1648,1535,1591,1651,1562,1606,1654,1623,1547,1612,1621,1574,1577,1619,1614,1598,1611,1591,1597,1609,1600,1605,1620,1579,1579,1627,1610,1579,1615,1614,1553,1610,1645,1553,1565,1655,1598,1563,1631,1600,1554,1621,1655,1549,1573,1648,1615,1557,1617,1617,1573,1611,1646,1571,1557,1647,1626,1535,1600,1646,1583,1579,1651,1555,1530,1651,1661,1534,1582,1633,1584,1569,1664,1575,1507,1676,1677,1510,1568,1670,1579,1574,1669,1581,1507,1677,1674,1505,1584,1665,1563,1580,1678,1564,1520,1662,1667,1520,1591,1653,1571,1593,1670,1578,1533,1648,1645,1543,1569,1646,1600,1586,1637,1586,1561,1627,1635,1565,1580,1635,1607,1575,1616,1614,1572,1610,1631,1547,1565,1648,1629,1564,1600,1606,1580,1598,1643,1577,1562,1638,1632,1553,1597,1633,1572,1600,1643,1585,1552,1637,1637,1558,1584,1625,1574,1599,1645,1584,1563,1632,1601,1578,1600,1621,1583,1601,1630,1587,1571,1606,1614,1585,1607,1611,1592,1604,1605,1579,1591,1613,1607,1575,1599,1600,1603,1600,1604,1603,1602,1599,1603,1600,1590,1616,1609,1600,1594,1607,1610,1594,1616,1600,1590,1609,1596,1591,1584,1602,1598,1601,1616,1595,1594,1604,1603,1598,1600,1600,1593,1601,1611,1590,1598,1599,1597,1616,1606,1639,1594,1602,1599,1601,1609,1600,1599,1606,1601,1593,1601,1599,1602,1615,1610,1594,1600,1602,1596,1609,1607,1591,1602,1614,1590,1601,1610,1594,1586,1615,1606,1585,1607,1604,1585,1584,1604,1600,1586,1615,1619,1584,1586,1616,1600,1595,1611,1600,1577,1613,1616,1584,1590,1607,1612,1606,1607,1594,1589,1616,1602,1595,1597,1607,1594,1598,1605,1575,1600,1607,1602,1602,1598,1586,1598,1600,1606,1600,1602,1601,1600,1601,1599,1607,1600,1600,1595,1601,1606,1598,1601,1600,1597,1600,1609,1594,1612,1603,1610,1605,1607,1601,1595,1601,1600,1594,1601,1600,1602,1600,1609,1594,1601,1611,1600,1601,1601,1615,1590,1599,1605,1584,1598,1595,1600
1602,1600,1586,1604,1616,1600,1571,1587,1620,1602,1596,1600,1609,1599,1600,1615,1603,1589,1615,1605,1591,1594,1599,1600,1600,1613,1598,1595,1613,1599,1597,1603,1606,1581,1594,1621,1601,1595,1610,1602,1599,1591,1610,1595,1597,1609,1614,1602,1599,1600,1603,1599,1606,1600,1600,1598,1585,1605,1588,1600,1571,1601,1600,1606,1599,1584,1617,1621,1555,1579,1677,1607,1520,1621,1652,1520,1626,1745,1463,1443,1831,1697,1333,1644,1765,1391,1649,1962,1283,1205,2106,1840,1072,1664,1907,1175,1697,2262,1062,920,2425,1975,825,1720,2063,949,1723,2556,911,673,2608,2115,638,1706,2143,911,1666,2608,967,655,2512,2157,719,1600,2160,1111,1481,2350,1310,837,2144,2157,962,1346,2168,1535,1171,1914,1808,1111,1648,2193,1267,993,2196,2085,850,1389,2311,1407,1189,2196,1527,720,2184,2478,653,1025,2581,1643,902,2156,1727,639,2088,2634,671,830,2617,1795,823,2020,1839,739,1932,2582,839,843,2479,1863,887,1834,1911,961,1744,2352,1107,951,2234,1907,1045,1664,1903,1231,1604,2105,1339,1136,1974,1872,1235,1568,1846,1429,1568,1859,1517,1328,1773,1776,1422,1541,1722,1573,1548,1680,1606,1510,1616,1662,1595,1554,1613,1635,1584,1563,1648,1646,1520,1568,1690,1606,1531,1658,1609,1474,1665,1724,1472,1507,1737,1617,1502,1670,1614,1472,1665,1733,1485,1505,1727,1616,1520,1663,1696,1497,1546,1650,1602,1525,1633,1671,1549,1566,1644,1606,1575,1619,1605,1577,1605,1616,1601,1587,1599,1605,1595,1595,1606,1610,1586,1589,1606,1606,1584,1605,1615,1584,1605,1621,1587,1573,1627,1619,1577,1597,1625,1591,1584,1627,1601,1573,1617,1629,1576,1574,1648,1610,1558,1607,1634,1563,1600,1663,1556,1533,1679,1643,1525,1601,1648,1547,1610,1684,1535,1517,1691,1647,1525,1609,1651,1534,1605,1690,1533,1514,1691,1647,1510,1616,1647,1533,1616,1684,1525,1519,1682,1648,1520,1609,1644,1549,1611,1671,1555,1525,1671,1636,1529,1586,1655,1568,1639,1651,1573,1552,1645,1645,1552,1591,1646,1584,1587,1639,1594,1551,1623,1648,1550,1584,1646,1598,1572,1630,1601,1562,1616,1643,1567,1589,1635,1595,1579,1623,1603,1572,1615,1619,1584,1584,1616,1615,1589,1616,1607,1579,1612,1614,1598,1594,1606,1607,1597,1601,1601,1601,1599,1602,1602,1601,1598,1605,1606,1587,1605,1617,1598,1589,1615,1610,1584,1603,1613,1589,1606,1621,1585,1585,1619,1605,1584,1615,1605,1581,1618,1616,1583,1585,1618,1600,1595,1616,1595,1578,1616,1616,1582,1602,1607,1588,1606,1616,1585,1593,1616,1603,1591,1611,1599,1588,1614,1616,1591,1594,1612,1600,1614,1616,1595,1591,1610,1610,1596,1601,1609,1592,1600,1612,1600,1597,1604,1607,1593,1598,1613,1603,1595,1600,1605,1599,1606,1610,1592,1586,1615,1619,1586,1612,1609,1584,1585,1604,1600,1584,1613,1623,1578,1585,1619,1602,1594,1608,1600,1584,1616,1614,1580,1591,1613,1613,1591,1610,1596,1590,1614,1612,1588,1595,1604,1597,1611,1615,1590,1591,1600,1611,1594,1599,1606,1597,1601,1602,1602,1599,1597,1600,1604,1606,1600,1600,1606,1600,1605,1600,1595,1597,1611,1601,1594,1607,1600,1590,1611,1611,1596,1600,1601,1599,1598,1600,1594,1587,1609,1603,1593,1604,1609,1596,1599,1611,1593,1597,1604,1600,1600,1611,1600,1596,1602,1600
1600,1602,1597,1603,1600,1600,1599,1598,1602,1616,1609,1587,1616,1593,1590,1601,1597,1599,1600,1613,1606,1593,1611,1593,1593,1600,1592,1607,1600,1610,1603,1589,1605,1601,1599,1586,1600,1600,1599,1622,1600,1586,1609,1605,1609,1584,1604,1613,1593,1599,1610,1607,1591,1599,1605,1599,1595,1600,1606,1597,1584,1605,1591,1598,1626,1602,1568,1615,1622,1565,1609,1667,1521,1502,1734,1671,1427,1600,1737,1486,1591,1841,1421,1330,1954,1837,1170,1585,1905,1331,1580,2093,1251,1019,2247,1999,879,1584,2097,1143,1580,2409,1063,716,2528,2192,623,1552,2267,1023,1526,2576,1047,581,2549,2282,592,1500,2288,1103,1424,2466,1254,673,2293,2281,806,1328,2245,1435,1217,2068,1667,963,1820,2249,1142,1077,2210,1923,919,1552,2176,1326,1280,2178,1503,803,2146,2384,717,1065,2546,1651,897,2104,1783,666,2036,2640,685,786,2672,1867,738,1960,1935,731,1876,2645,815,734,2568,1983,759,1793,2011,925,1710,2468,1059,817,2340,2023,901,1626,2013,1189,1552,2208,1305,998,2084,1981,1101,1502,1941,1409,1476,1952,1488,1207,1852,1887,1313,1472,1849,1552,1488,1762,1599,1395,1680,1769,1474,1495,1695,1615,1531,1644,1616,1545,1600,1653,1586,1567,1602,1625,1597,1577,1616,1627,1557,1572,1650,1611,1535,1628,1634,1567,1616,1657,1535,1546,1670,1627,1535,1614,1623,1552,1615,1659,1555,1549,1603,1618,1579,1567,1617,1612,1589,1605,1607,1615,1599,1593,1613,1609,1573,1600,1619,1585,1597,1632,1584,1551,1630,1633,1543,1591,1654,1579,1599,1649,1574,1535,1648,1649,1545,1586,1648,1579,1584,1650,1591,1529,1643,1650,1530,1579,1664,1600,1552,1629,1615,1535,1623,1661,1531,1503,1677,1635,1520,1616,1646,1526,1614,1694,1522,1503,1706,1641,1498,1617,1649,1515,1616,1709,1510,1494,1697,1648,1499,1621,1650,1515,1629,1708,1515,1501,1699,1643,1514,1621,1634,1521,1623,1697,1526,1520,1683,1633,1530,1607,1639,1535,1610,1669,1552,1526,1667,1636,1535,1597,1641,1567,1587,1652,1584,1532,1645,1642,1535,1573,1657,1598,1570,1623,1609,1549,1623,1649,1552,1561,1654,1605,1566,1619,1616,1535,1616,1663,1557,1568,1650,1615,1554,1612,1623,1557,1610,1646,1570,1547,1647,1632,1558,1586,1618,1573,1598,1631,1584,1565,1625,1616,1574,1598,1614,1585,1597,1617,1597,1579,1616,1616,1586,1585,1610,1600,1597,1614,1600,1584,1582,1615,1589,1584,1615,1601,1584,1600,1603,1584,1600,1616,1584,1577,1625,1607,1575,1602,1607,1586,1606,1619,1579,1578,1618,1600,1590,1610,1595,1583,1610,1613,1586,1593,1614,1597,1603,1610,1594,1586,1602,1606,1588,1594,1585,1596,1594,1601,1601,1595,1622,1606,1597,1584,1609,1611,1594,1600,1605,1590,1595,1610,1600,1584,1612,1616,1584,1591,1619,1596,1586,1611,1596,1565,1616,1616,1599,1579,1616,1619,1581,1591,1615,1595,1600,1618,1595,1579,1616,1615,1583,1598,1613,1586,1600,1618,1589,1584,1612,1614,1597,1602,1601,1589,1603,1610,1595,1594,1607,1602,1598,1601,1607,1594,1597,1609,1602,1588,1586,1601,1597,1605,1605,1597,1600,1600,1600,1600,1598,1603,1599,1595,1603,1605,1593,1591,1603,1597,1605,1600,1598,1587,1602,1606,1590,1606,1600,1594,1600,1605,1584,1597,1607,1600,1571,1602,1600,1599,1600,1609,1600,1593,1600,1600,1590,1611
1603,1600,1607,1598,1602,1600,1607,1579,1611,1562,1587,1602,1598,1602,1602,1615,1611,1584,1607,1596,1590,1600,1600,1605,1604,1603,1616,1584,1610,1600,1586,1600,1600,1601,1594,1607,1602,1593,1607,1600,1582,1608,1597,1607,1599,1607,1617,1611,1599,1602,1610,1596,1603,1602,1609,1597,1606,1599,1600,1600,1606,1597,1595,1606,1601,1590,1609,1637,1569,1564,1670,1632,1507,1584,1690,1535,1581,1729,1502,1424,1814,1759,1305,1553,1859,1456,1526,1930,1397,1158,2064,1959,996,1520,2064,1331,1488,2216,1239,848,2362,2181,690,1451,2302,1175,1414,2461,1167,583,2506,2359,559,1378,2375,1167,1352,2488,1235,575,2384,2367,663,1305,2341,1367,1227,2224,1551,829,1996,2283,1013,1145,2231,1745,1035,1739,1991,1207,1457,2179,1438,919,2114,2226,845,1184,2421,1619,969,2048,1777,763,1986,2576,731,800,2664,1903,698,1924,1999,735,1844,2695,795,643,2666,2032,665,1776,2087,885,1712,2592,971,703,2474,2096,783,1638,2081,1097,1579,2344,1221,880,2212,2038,1015,1520,2000,1325,1497,2064,1425,1119,1936,1931,1237,1486,1856,1510,1488,1813,1567,1353,1718,1790,1456,1499,1712,1615,1523,1646,1636,1552,1573,1648,1627,1554,1593,1655,1584,1522,1671,1673,1489,1546,1713,1600,1508,1668,1613,1473,1672,1744,1461,1499,1767,1619,1488,1677,1621,1459,1657,1742,1471,1506,1713,1616,1533,1673,1701,1488,1554,1665,1593,1519,1652,1668,1550,1580,1635,1587,1597,1633,1570,1569,1616,1605,1599,1607,1606,1586,1616,1599,1596,1616,1584,1573,1627,1622,1561,1600,1616,1581,1598,1644,1574,1573,1635,1625,1568,1647,1616,1583,1595,1616,1591,1559,1623,1631,1577,1583,1642,1610,1569,1618,1619,1569,1607,1654,1568,1547,1664,1633,1535,1598,1648,1557,1598,1680,1552,1515,1692,1655,1502,1600,1659,1550,1599,1696,1546,1493,1696,1663,1498,1600,1654,1531,1600,1701,1530,1493,1695,1653,1503,1654,1648,1552,1606,1689,1535,1520,1676,1648,1520,1602,1641,1552,1600,1673,1551,1535,1661,1644,1530,1600,1639,1571,1598,1649,1584,1553,1642,1635,1563,1591,1632,1590,1590,1627,1590,1563,1623,1621,1578,1587,1623,1595,1594,1614,1607,1582,1607,1616,1600,1590,1613,1601,1600,1598,1605,1597,1577,1607,1616,1597,1600,1606,1578,1589,1603,1613,1583,1595,1616,1606,1586,1610,1602,1590,1607,1620,1584,1573,1621,1607,1584,1607,1611,1583,1609,1622,1585,1585,1623,1602,1593,1616,1606,1575,1616,1613,1582,1593,1619,1599,1598,1648,1595,1583,1614,1616,1585,1600,1609,1587,1603,1617,1590,1590,1616,1600,1594,1613,1584,1584,1627,1612,1587,1599,1581,1598,1597,1616,1594,1592,1614,1604,1589,1606,1600,1596,1603,1607,1591,1596,1611,1601,1600,1600,1605,1572,1600,1601,1600,1600,1600,1602,1600,1600,1605,1598,1599,1602,1613,1589,1590,1606,1600,1597,1601,1623,1585,1598,1611,1599,1590,1626,1601,1587,1606,1614,1584,1599,1610,1601,1597,1614,1599,1587,1607,1614,1591,1598,1613,1597,1578,1611,1607,1592,1607,1609,1600,1603,1607,1598,1602,1600,1600,1594,1601,1606,1598,1599,1605,1599,1605,1598,1606,1599,1603,1598,1609,1600,1605,1600,1603,1611,1609,1601,1596,1601,1603,1598,1600,1605,1599,1594,1606,1610,1585,1610,1600,1600,1603,1612,1594,1593,1606,1603,1596,1607,1600,1594,1607,1607
1599,1605,1589,1607,1599,1615,1602,1616,1602,1591,1613,1600,1586,1602,1599,1606,1604,1616,1597,1599,1616,1601,1594,1600,1597,1600,1602,1614,1583,1600,1613,1597,1595,1600,1600,1605,1597,1616,1603,1595,1614,1605,1595,1599,1603,1600,1602,1616,1607,1611,1597,1598,1604,1601,1600,1613,1605,1593,1603,1613,1574,1598,1623,1600,1575,1619,1619,1563,1614,1676,1533,1511,1730,1671,1415,1603,1738,1481,1598,1828,1421,1325,1953,1810,1180,1592,1902,1343,1593,2096,1249,1030,2252,1991,881,1584,2095,1139,1596,2413,1043,734,2552,2175,592,1600,2278,977,1552,2640,991,527,2648,2320,522,1508,2346,1039,1456,2594,1143,551,2481,2367,651,1364,2347,1323,1228,2256,1535,795,2008,2330,956,1100,2320,1790,939,1744,2075,1137,1456,2304,1327,784,2280,2331,651,1178,2543,1503,970,2242,1649,575,2202,2709,539,807,2813,1771,698,2146,1853,555,2088,2833,583,655,2784,1907,665,2000,1943,655,1920,2721,775,710,2608,1975,773,1828,1973,913,1741,2456,1055,874,2311,1961,978,1668,1927,1194,1607,2154,1327,1088,2000,1857,1235,1573,1837,1434,1543,1871,1523,1335,1744,1782,1449,1517,1723,1603,1517,1648,1647,1533,1566,1676,1616,1521,1589,1697,1531,1503,1725,1673,1462,1597,1715,1525,1568,1739,1535,1437,1745,1730,1434,1552,1733,1535,1554,1742,1552,1429,1728,1729,1456,1561,1705,1549,1481,1717,1683,1549,1598,1695,1564,1506,1672,1651,1549,1602,1631,1566,1614,1646,1578,1566,1627,1607,1598,1597,1598,1587,1616,1602,1591,1652,1602,1584,1616,1621,1582,1600,1619,1586,1600,1618,1589,1584,1615,1616,1589,1600,1625,1607,1585,1612,1614,1587,1607,1628,1586,1566,1649,1631,1554,1596,1647,1565,1600,1664,1562,1523,1681,1648,1515,1602,1664,1549,1605,1712,1529,1498,1716,1661,1487,1607,1664,1517,1626,1721,1502,1487,1728,1659,1488,1624,1648,1499,1636,1731,1503,1493,1731,1646,1554,1635,1648,1503,1611,1711,1520,1520,1692,1637,1529,1626,1632,1529,1628,1680,1551,1535,1665,1620,1554,1613,1631,1546,1611,1654,1584,1563,1623,1627,1574,1608,1627,1601,1584,1618,1614,1574,1614,1627,1585,1579,1616,1616,1577,1595,1616,1597,1591,1621,1600,1559,1616,1638,1557,1583,1648,1600,1573,1618,1606,1565,1616,1649,1565,1571,1637,1615,1558,1630,1616,1578,1603,1654,1575,1568,1648,1630,1559,1600,1627,1589,1600,1643,1581,1567,1642,1621,1573,1598,1623,1584,1591,1632,1589,1574,1636,1621,1571,1600,1619,1587,1605,1622,1589,1573,1622,1602,1584,1607,1603,1598,1612,1620,1586,1593,1611,1600,1600,1615,1599,1587,1616,1601,1594,1614,1607,1594,1606,1622,1599,1595,1621,1595,1599,1602,1597,1600,1603,1602,1600,1600,1601,1595,1603,1603,1607,1600,1651,1596,1618,1600,1600,1601,1558,1590,1602,1605,1585,1607,1615,1607,1599,1600,1610,1599,1600,1612,1596,1595,1616,1609,1590,1598,1604,1591,1586,1616,1595,1591,1611,1607,1596,1609,1600,1591,1600,1615,1592,1600,1611,1603,1602,1595,1606,1595,1600,1591,1596,1590,1605,1601,1594,1605,1600,1609,1596,1609,1605,1599,1598,1610,1594,1598,1606,1607,1598,1600,1615,1595,1600,1613,1603,1586,1611,1615,1584,1605,1607,1595,1602,1616,1587,1590,1612,1611,1585,1607,1610,1584,1603,1607,1587,1574,1617,1616,1595,1601,1605,1583
1600,1612,1610,1605,1583,1605,1603,1598,1609,1601,1600,1602,1600,1600,1602,1605,1591,1594,1605,1607,1594,1600,1604,1600,1600,1604,1601,1600,1599,1597,1600,1615,1601,1603,1603,1598,1601,1599,1603,1600,1600,1599,1611,1598,1602,1600,1606,1606,1599,1600,1602,1600,1599,1600,1599,1601,1602,1603,1603,1599,1601,1598,1594,1600,1614,1569,1600,1634,1578,1552,1658,1653,1493,1570,1714,1584,1507,1700,1582,1453,1764,1810,1298,1445,1936,1573,1379,1851,1567,1155,1949,2073,991,1298,2216,1549,1228,2064,1511,846,2188,2358,687,1133,2501,1519,1089,2240,1532,592,2262,2577,577,1025,2587,1551,995,2240,1607,623,2130,2553,727,988,2468,1715,960,1964,1839,899,1744,2349,1147,950,2224,1998,919,1498,2183,1389,1213,2092,1623,893,1947,2365,883,973,2500,1859,781,1840,2047,863,1746,2628,869,615,2693,2167,542,1668,2245,885,1610,2702,927,528,2652,2271,549,1572,2271,999,1529,2572,1087,613,2468,2243,705,1496,2187,1151,1480,2342,1263,827,2212,2124,950,1467,2047,1358,1456,2078,1431,1088,1933,1971,1209,1472,1873,1499,1485,1840,1535,1325,1746,1809,1424,1485,1743,1611,1498,1663,1646,1519,1592,1689,1580,1517,1639,1687,1531,1543,1697,1639,1488,1572,1691,1535,1568,1728,1555,1467,1718,1712,1454,1552,1739,1565,1542,1712,1570,1440,1712,1729,1453,1531,1728,1575,1535,1701,1717,1463,1555,1686,1582,1479,1668,1693,1510,1567,1667,1579,1583,1670,1573,1535,1651,1647,1552,1596,1627,1577,1614,1634,1575,1570,1616,1611,1583,1616,1603,1573,1622,1629,1575,1584,1636,1598,1577,1633,1600,1565,1627,1639,1550,1566,1654,1602,1558,1648,1597,1535,1648,1670,1519,1555,1681,1599,1548,1665,1589,1502,1674,1697,1488,1551,1713,1578,1572,1685,1567,1472,1712,1695,1475,1566,1703,1549,1589,1707,1531,1472,1715,1680,1483,1602,1669,1520,1619,1710,1519,1489,1713,1616,1511,1630,1631,1503,1636,1694,1520,1523,1681,1619,1550,1631,1607,1535,1626,1666,1552,1563,1648,1612,1574,1621,1615,1570,1616,1631,1594,1582,1616,1610,1584,1600,1634,1601,1587,1614,1614,1590,1596,1621,1599,1574,1625,1629,1565,1585,1642,1597,1584,1631,1598,1552,1635,1680,1552,1583,1652,1607,1578,1622,1597,1530,1648,1650,1545,1569,1653,1599,1567,1645,1595,1552,1634,1651,1553,1580,1648,1598,1579,1630,1590,1562,1619,1648,1578,1573,1639,1607,1575,1615,1615,1572,1606,1633,1584,1570,1632,1616,1579,1599,1616,1584,1603,1633,1591,1567,1628,1614,1571,1598,1623,1584,1598,1622,1587,1579,1627,1616,1582,1598,1611,1589,1600,1617,1588,1590,1615,1607,1595,1600,1603,1601,1595,1611,1609,1600,1600,1612,1600,1606,1600,1605,1599,1610,1600,1605,1600,1607,1597,1602,1600,1600,1595,1601,1598,1587,1601,1609,1598,1589,1615,1601,1589,1602,1610,1600,1609,1610,1597,1584,1613,1610,1584,1615,1609,1590,1602,1616,1588,1586,1614,1605,1587,1609,1603,1589,1606,1615,1591,1585,1614,1601,1585,1601,1606,1590,1606,1611,1591,1589,1613,1601,1575,1605,1613,1595,1602,1616,1591,1598,1615,1612,1597,1601,1610,1598,1599,1611,1600,1594,1607,1608,1592,1591,1613,1600,1597,1602,1600,1573,1600,1611,1584,1597,1606,1616,1598,1606,1607,1589,1614,1615,1586,1595,1616,1602,1588,1607,1595,1590,1604,1616
1600,1600,1605,1600,1602,1627,1603,1581,1616,1594,1586,1614,1597,1605,1602,1613,1607,1584,1610,1600,1584,1598,1591,1600,1584,1612,1604,1586,1609,1593,1585,1594,1566,1601,1598,1603,1604,1590,1601,1600,1584,1600,1600,1602,1604,1601,1603,1599,1593,1601,1603,1611,1600,1567,1600,1584,1598,1603,1593,1613,1602,1602,1596,1604,1606,1584,1616,1623,1562,1566,1664,1635,1499,1605,1685,1546,1584,1728,1500,1415,1817,1745,1303,1554,1850,1451,1527,1946,1391,1169,2066,1965,1008,1504,2064,1323,1488,2208,1231,848,2364,2177,693,1461,2283,1171,1420,2474,1147,598,2512,2378,554,1397,2368,1159,1376,2496,1223,575,2400,2369,655,1312,2346,1345,1282,2228,1535,811,2000,2292,989,1145,2256,1743,1033,1764,1987,1173,1481,2209,1383,896,2164,2230,791,1220,2434,1567,1008,2104,1703,703,2084,2610,654,842,2704,1819,746,2032,1903,647,1984,2736,690,691,2718,1939,697,1922,1971,743,1856,2649,843,734,2528,1983,810,1792,1971,951,1728,2416,1083,894,2288,1943,1006,1676,1922,1195,1626,2148,1311,1114,2020,1876,1232,1572,1829,1403,1573,1898,1493,1329,1785,1770,1425,1547,1729,1561,1535,1680,1618,1503,1609,1686,1575,1543,1645,1666,1535,1552,1692,1641,1493,1613,1675,1543,1584,1713,1552,1461,1722,1712,1441,1570,1719,1552,1554,1727,1552,1442,1717,1721,1454,1550,1723,1572,1553,1712,1707,1488,1557,1694,1581,1495,1666,1693,1517,1579,1657,1584,1584,1651,1590,1548,1643,1634,1581,1591,1624,1591,1600,1616,1597,1585,1613,1611,1595,1600,1600,1598,1612,1615,1568,1595,1618,1602,1600,1615,1600,1584,1621,1629,1573,1585,1647,1598,1591,1627,1601,1552,1646,1657,1530,1579,1665,1587,1575,1667,1573,1513,1680,1679,1499,1583,1680,1559,1590,1689,1546,1490,1712,1676,1483,1648,1671,1530,1622,1714,1514,1488,1728,1651,1485,1635,1642,1503,1638,1728,1491,1508,1714,1631,1516,1649,1599,1498,1650,1701,1503,1535,1697,1605,1568,1655,1599,1526,1648,1670,1543,1566,1654,1599,1580,1633,1603,1557,1622,1633,1578,1583,1625,1645,1599,1610,1616,1597,1597,1610,1605,1559,1597,1618,1585,1587,1617,1622,1570,1600,1631,1595,1585,1629,1600,1567,1647,1643,1535,1581,1627,1599,1575,1639,1619,1552,1642,1648,1554,1575,1647,1595,1575,1637,1598,1558,1631,1648,1558,1573,1647,1609,1581,1637,1607,1552,1619,1625,1569,1571,1639,1617,1573,1615,1615,1581,1603,1633,1577,1578,1630,1618,1578,1604,1616,1585,1605,1619,1591,1571,1631,1611,1558,1600,1616,1596,1603,1616,1592,1591,1614,1607,1601,1601,1601,1599,1600,1605,1602,1601,1600,1601,1605,1602,1594,1614,1595,1600,1603,1611,1595,1600,1599,1600,1634,1615,1600,1599,1613,1607,1579,1602,1611,1602,1605,1617,1600,1600,1601,1596,1585,1610,1603,1601,1600,1605,1599,1600,1615,1594,1606,1614,1594,1597,1611,1606,1591,1600,1614,1595,1605,1617,1593,1598,1614,1604,1604,1606,1568,1595,1607,1616,1594,1598,1607,1599,1598,1603,1598,1601,1607,1615,1600,1599,1608,1600,1595,1601,1602,1586,1599,1617,1595,1600,1607,1617,1597,1602,1605,1593,1601,1601,1600,1595,1604,1616,1595,1600,1607,1602,1599,1605,1603,1586,1646,1612,1590,1597,1616,1601,1599,1616,1601,1591,1616,1613,1584,1599,1613,1600,1595,1609,1600,1584,1616,1626
1605,1599,1613,1600,1616,1570,1631,1600,1570,1605,1600,1604,1600,1611,1605,1571,1615,1600,1570,1600,1600,1605,1598,1616,1605,1577,1613,1599,1567,1606,1605,1642,1600,1617,1603,1569,1606,1648,1570,1600,1608,1600,1595,1607,1611,1607,1593,1602,1599,1601,1603,1611,1600,1597,1614,1602,1599,1600,1607,1600,1600,1605,1599,1591,1620,1621,1554,1582,1667,1614,1529,1643,1647,1514,1648,1743,1455,1459,1840,1683,1344,1666,1737,1363,1686,1968,1253,1231,2124,1799,1099,1728,1837,1135,1770,2272,994,960,2448,1910,817,1804,1981,887,1828,2577,818,720,2637,2029,666,1804,2047,830,1776,2634,883,677,2554,2083,722,1680,2115,1039,1552,2405,1233,810,2208,2154,912,1392,2207,1489,1182,1988,1763,1003,1760,2278,1123,960,2322,2039,770,1522,2271,1231,1328,2372,1303,619,2408,2453,575,1184,2592,1367,1076,2416,1427,523,2388,2645,523,1028,2645,1487,1006,2326,1535,543,2256,2608,623,1012,2516,1586,1046,2162,1619,715,2052,2416,879,1101,2289,1663,1162,1952,1681,1023,1856,2164,1167,1232,2038,1694,1307,1770,1695,1295,1696,1920,1411,1371,1818,1694,1433,1632,1702,1508,1574,1726,1584,1488,1636,1686,1535,1527,1671,1653,1503,1578,1701,1585,1523,1673,1616,1487,1663,1744,1473,1488,1761,1630,1469,1648,1657,1463,1654,1776,1460,1457,1775,1664,1456,1654,1662,1472,1646,1762,1487,1473,1645,1651,1495,1471,1715,1641,1509,1641,1619,1520,1633,1693,1535,1547,1653,1611,1544,1637,1631,1554,1634,1645,1559,1584,1633,1590,1591,1632,1585,1567,1639,1604,1565,1595,1630,1590,1596,1646,1579,1551,1646,1635,1549,1600,1648,1563,1601,1671,1563,1521,1685,1650,1517,1601,1659,1505,1603,1701,1522,1488,1710,1661,1487,1619,1651,1517,1623,1726,1493,1493,1737,1648,1504,1642,1623,1485,1653,1730,1474,1506,1728,1617,1519,1666,1600,1486,1670,1719,1483,1531,1707,1593,1545,1673,1584,1501,1664,1691,1509,1567,1674,1557,1574,1653,1587,1535,1648,1653,1543,1584,1646,1591,1584,1630,1601,1561,1607,1633,1585,1584,1617,1606,1599,1600,1629,1593,1584,1612,1593,1584,1609,1630,1578,1572,1635,1622,1567,1600,1623,1573,1603,1648,1574,1552,1651,1638,1549,1594,1638,1570,1602,1648,1577,1535,1653,1632,1547,1601,1637,1568,1600,1660,1572,1543,1648,1639,1546,1600,1643,1583,1599,1648,1584,1552,1645,1641,1554,1589,1631,1586,1584,1638,1597,1568,1633,1629,1574,1577,1634,1600,1579,1622,1606,1574,1616,1633,1574,1584,1630,1611,1584,1616,1606,1577,1616,1626,1581,1584,1623,1615,1586,1605,1606,1588,1605,1617,1585,1589,1623,1607,1594,1600,1610,1601,1594,1607,1599,1599,1600,1609,1597,1597,1605,1609,1588,1606,1605,1593,1600,1621,1595,1586,1609,1615,1586,1601,1603,1611,1602,1595,1587,1595,1611,1651,1602,1613,1613,1597,1598,1613,1597,1593,1616,1604,1595,1600,1607,1599,1609,1607,1590,1589,1613,1605,1595,1609,1600,1594,1606,1614,1595,1594,1606,1597,1596,1607,1601,1592,1605,1612,1595,1600,1606,1613,1596,1609,1609,1597,1600,1612,1597,1595,1630,1603,1599,1605,1607,1599,1609,1607,1600,1594,1611,1603,1596,1595,1611,1593,1600,1605,1600,1596,1612,1606,1584,1595,1613,1595,1595,1611,1595,1591,1619,1612,1589,1603,1611,1594,1603,1618,1600,1589,1615,1611,1585,1602
1604,1602,1604,1597,1573,1607,1599,1599,1595,1617,1600,1584,1611,1600,1584,1603,1601,1599,1599,1616,1599,1585,1602,1603,1585,1591,1569,1600,1600,1606,1600,1591,1611,1600,1595,1600,1600,1600,1603,1606,1603,1593,1616,1599,1601,1598,1604,1600,1595,1580,1603,1606,1600,1603,1603,1607,1597,1608,1591,1606,1602,1613,1585,1601,1618,1599,1577,1625,1600,1558,1630,1665,1514,1527,1741,1633,1472,1648,1672,1445,1664,1840,1357,1359,1965,1721,1232,1711,1777,1239,1744,2118,1123,1105,2277,1821,976,1793,1872,977,1840,2441,861,835,2576,1939,737,1856,1983,807,1840,2640,807,701,2640,2003,691,1808,2033,867,1728,2566,999,750,2411,2084,827,1584,2121,1215,1409,2212,1458,906,2000,2175,1002,1200,2256,1735,976,1769,2015,1118,1552,2315,1215,775,2384,2246,625,1340,2431,1303,1216,2432,1343,531,2434,2559,511,1116,2611,1407,1068,2408,1455,527,2342,2608,546,1051,2559,1495,1050,2272,1559,627,2168,2482,755,1081,2375,1586,1130,2068,1626,886,1954,2266,1023,1187,2158,1655,1250,1845,1666,1155,1788,2032,1270,1324,1922,1649,1377,1722,1657,1370,1669,1822,1456,1437,1746,1650,1494,1628,1643,1525,1607,1674,1581,1552,1624,1633,1578,1583,1626,1627,1563,1568,1651,1616,1529,1614,1650,1543,1610,1680,1535,1510,1703,1671,1488,1598,1669,1527,1593,1711,1530,1456,1715,1678,1479,1611,1725,1526,1488,1590,1675,1547,1594,1709,1549,1495,1687,1657,1511,1599,1648,1553,1604,1687,1554,1535,1664,1645,1547,1602,1616,1552,1624,1664,1553,1558,1664,1609,1563,1633,1594,1531,1655,1663,1519,1565,1669,1583,1573,1666,1569,1501,1691,1675,1488,1578,1685,1552,1582,1710,1534,1473,1723,1677,1456,1611,1687,1517,1610,1708,1498,1456,1757,1681,1461,1612,1669,1483,1634,1753,1475,1461,1752,1650,1475,1648,1621,1473,1664,1743,1477,1501,1727,1614,1517,1667,1600,1482,1672,1711,1493,1548,1653,1595,1559,1665,1584,1511,1662,1665,1523,1581,1647,1587,1585,1648,1584,1552,1643,1629,1571,1591,1620,1587,1600,1611,1591,1579,1605,1621,1590,1601,1599,1607,1595,1600,1605,1607,1585,1602,1616,1590,1593,1623,1595,1579,1617,1621,1569,1597,1623,1584,1645,1634,1581,1556,1637,1633,1555,1597,1633,1580,1598,1637,1574,1563,1646,1635,1557,1598,1631,1580,1591,1648,1584,1567,1642,1634,1564,1594,1629,1584,1592,1623,1587,1570,1629,1629,1572,1589,1627,1594,1586,1629,1597,1569,1625,1631,1559,1590,1636,1600,1593,1616,1600,1575,1609,1627,1577,1585,1617,1600,1589,1619,1598,1575,1619,1619,1575,1597,1615,1602,1591,1611,1591,1587,1612,1607,1590,1603,1610,1603,1601,1610,1607,1591,1600,1602,1600,1599,1606,1604,1605,1595,1607,1601,1595,1604,1601,1600,1606,1611,1598,1594,1617,1593,1600,1600,1602,1590,1613,1611,1600,1590,1616,1603,1595,1602,1604,1597,1600,1611,1597,1589,1614,1600,1598,1606,1600,1595,1599,1607,1591,1604,1611,1601,1597,1606,1598,1592,1602,1607,1599,1598,1602,1601,1593,1599,1601,1600,1604,1616,1600,1602,1602,1600,1599,1613,1604,1603,1599,1600,1600,1599,1603,1601,1599,1600,1613,1601,1594,1601,1601,1600,1649,1605,1602,1594,1595,1598,1584,1602,1603,1588,1601,1617,1590,1603,1602,1600,1591,1607,1595,1601,1615,1612,1599,1600,1606,1594,1603,1606
1605,1600,1603,1600,1600,1600,1604,1599,1604,1607,1599,1594,1612,1605,1600,1597,1605,1600,1600,1606,1597,1601,1600,1603,1601,1613,1603,1595,1604,1601,1609,1601,1607,1600,1602,1600,1602,1600,1598,1606,1599,1601,1601,1610,1655,1600,1600,1602,1603,1600,1587,1607,1598,1611,1600,1599,1599,1600,1604,1591,1600,1609,1584,1593,1624,1616,1558,1599,1651,1581,1563,1633,1584,1500,1699,1715,1422,1502,1808,1586,1447,1770,1581,1305,1854,1935,1168,1374,2077,1565,1296,1946,1555,1011,2069,2213,854,1217,2366,1526,1154,2176,1526,695,2240,2488,615,1058,2559,1533,1027,2256,1558,595,2224,2559,639,1014,2516,1601,1011,2136,1695,759,1961,2416,951,1028,2285,1803,1035,1760,1931,1179,1517,2147,1423,1037,2000,2099,1037,1264,2236,1675,1041,1846,1881,1039,1728,2346,1045,867,2432,2031,752,1632,2135,1055,1562,2460,1109,711,2425,2181,717,1512,2190,1187,1476,2358,1247,752,2261,2160,866,1458,2121,1271,1436,2147,1399,981,2032,2045,1104,1428,1954,1478,1429,1921,1551,1214,1818,1906,1329,1434,1837,1584,1435,1744,1612,1395,1696,1776,1454,1482,1735,1623,1505,1648,1626,1503,1625,1698,1535,1518,1659,1618,1553,1616,1615,1567,1609,1644,1581,1578,1617,1606,1593,1610,1600,1583,1612,1603,1594,1594,1606,1591,1601,1610,1587,1601,1602,1602,1584,1594,1593,1603,1606,1596,1612,1600,1600,1616,1625,1570,1590,1637,1586,1559,1655,1629,1545,1603,1631,1554,1611,1671,1535,1523,1671,1636,1502,1621,1629,1521,1631,1698,1509,1519,1703,1626,1514,1646,1616,1499,1648,1706,1502,1502,1706,1616,1525,1628,1615,1504,1646,1703,1510,1524,1691,1619,1514,1642,1631,1517,1617,1690,1522,1519,1687,1627,1493,1617,1635,1533,1607,1692,1563,1517,1689,1645,1488,1605,1646,1547,1600,1682,1550,1520,1669,1648,1523,1601,1639,1557,1600,1666,1567,1532,1654,1633,1552,1591,1630,1575,1595,1646,1586,1557,1618,1620,1573,1586,1669,1594,1573,1604,1616,1585,1599,1619,1597,1570,1618,1627,1563,1584,1638,1597,1581,1617,1609,1558,1629,1639,1555,1553,1648,1600,1567,1621,1606,1552,1626,1648,1549,1569,1651,1602,1571,1635,1597,1547,1625,1657,1542,1569,1648,1602,1574,1631,1593,1551,1635,1651,1551,1573,1641,1598,1575,1638,1584,1554,1637,1643,1552,1582,1627,1587,1583,1627,1587,1559,1631,1637,1562,1581,1633,1596,1583,1624,1605,1566,1613,1639,1565,1571,1646,1606,1572,1616,1607,1569,1616,1645,1562,1562,1637,1618,1567,1613,1609,1558,1616,1643,1563,1565,1642,1601,1570,1615,1589,1559,1616,1647,1564,1583,1639,1597,1582,1623,1557,1570,1619,1624,1573,1593,1617,1594,1594,1611,1600,1584,1616,1612,1586,1594,1603,1600,1605,1603,1599,1600,1599,1595,1603,1602,1603,1595,1595,1600,1604,1605,1590,1601,1610,1600,1610,1614,1607,1589,1605,1618,1585,1584,1616,1599,1595,1609,1602,1579,1615,1610,1585,1594,1609,1600,1599,1604,1599,1585,1606,1614,1587,1598,1606,1593,1597,1613,1597,1595,1613,1606,1599,1597,1602,1599,1595,1605,1600,1598,1599,1600,1591,1614,1604,1601,1598,1601,1601,1616,1600,1601,1600,1597,1609,1604,1598,1611,1607,1606,1601,1610,1598,1596,1611,1609,1598,1598,1603,1590,1595,1616,1597,1595,1614,1601,1593,1605,1606,1587,1579,1612,1601,1596,1611,1601,1602,1605
1603,1615,1601,1600,1600,1600,1600,1600,1618,1589,1606,1602,1599,1599,1607,1605,1600,1600,1600,1600,1598,1612,1601,1602,1600,1601,1600,1602,1607,1595,1600,1599,1600,1600,1600,1595,1605,1569,1612,1595,1600,1570,1603,1599,1601,1603,1606,1600,1598,1596,1600,1595,1606,1606,1599,1600,1601,1601,1597,1602,1600,1598,1602,1612,1590,1591,1627,1616,1559,1593,1665,1585,1552,1653,1610,1507,1691,1725,1424,1552,1825,1616,1417,1734,1638,1307,1808,1947,1181,1316,2103,1645,1217,1882,1643,1037,1972,2256,871,1120,2421,1647,1026,2070,1681,719,2120,2542,635,932,2608,1685,913,2138,1695,631,2116,2608,687,912,2544,1719,944,2021,1783,816,1873,2412,1015,994,2240,1859,1053,1692,1943,1307,1460,2078,1525,1109,1870,2064,1155,1216,2176,1798,1007,1668,2027,1203,1516,2256,1247,839,2330,2190,731,1400,2303,1287,1358,2338,1347,688,2304,2356,707,1264,2349,1393,1242,2240,1455,766,2154,2310,854,1234,2246,1523,1236,2024,1587,983,1922,2160,1107,1264,2066,1647,1282,1824,1685,1232,1728,1981,1341,1307,1906,1716,1353,1642,1740,1423,1596,1837,1487,1381,1777,1746,1403,1566,1769,1533,1545,1743,1559,1435,1711,1737,1456,1535,1716,1577,1550,1697,1581,1471,1681,1706,1487,1549,1686,1581,1561,1667,1570,1506,1664,1669,1510,1584,1667,1567,1595,1670,1567,1503,1683,1659,1505,1587,1666,1552,1499,1694,1667,1535,1607,1702,1520,1486,1717,1666,1477,1616,1661,1515,1619,1727,1497,1475,1709,1666,1494,1632,1657,1498,1634,1728,1491,1489,1717,1638,1513,1637,1633,1506,1630,1702,1520,1520,1680,1633,1532,1624,1622,1552,1607,1661,1579,1550,1639,1633,1552,1585,1649,1606,1552,1648,1619,1552,1613,1668,1546,1534,1680,1644,1515,1605,1654,1546,1600,1694,1545,1494,1708,1659,1497,1595,1669,1535,1611,1705,1535,1488,1681,1666,1495,1600,1664,1549,1591,1701,1551,1501,1683,1657,1511,1593,1664,1559,1590,1673,1574,1507,1663,1655,1529,1561,1661,1597,1565,1662,1593,1531,1634,1664,1535,1563,1664,1607,1552,1631,1615,1535,1627,1671,1552,1546,1664,1615,1555,1620,1622,1552,1616,1662,1559,1547,1661,1619,1552,1617,1616,1555,1611,1657,1561,1558,1651,1621,1561,1611,1612,1569,1605,1646,1578,1571,1629,1600,1579,1589,1615,1591,1591,1633,1590,1584,1615,1621,1583,1593,1614,1601,1584,1607,1606,1585,1601,1622,1593,1585,1647,1616,1579,1610,1611,1588,1606,1629,1583,1573,1629,1616,1583,1605,1616,1582,1614,1627,1582,1572,1635,1607,1581,1604,1600,1567,1615,1631,1579,1586,1622,1602,1588,1617,1601,1583,1619,1615,1600,1595,1616,1591,1584,1614,1595,1589,1606,1611,1597,1602,1609,1600,1602,1600,1603,1595,1602,1602,1601,1600,1603,1606,1598,1584,1606,1601,1601,1611,1600,1585,1614,1611,1591,1594,1613,1583,1574,1602,1616,1593,1602,1613,1594,1589,1616,1603,1594,1601,1603,1594,1607,1614,1599,1589,1616,1598,1600,1593,1600,1598,1600,1620,1594,1602,1601,1593,1600,1600,1609,1596,1601,1600,1605,1596,1605,1601,1595,1600,1600,1611,1591,1607,1613,1600,1590,1608,1598,1595,1603,1610,1592,1609,1603,1597,1612,1615,1600,1585,1616,1600,1586,1607,1601,1600,1605,1620,1590,1594,1620,1613,1594,1614,1601,1590,1610,1617,1590,1599,1615,1605,1600,1613,1605,1590,1610,1610
1605,1598,1600,1602,1599,1603,1606,1586,1612,1605,1600,1598,1602,1599,1598,1622,1600,1599,1609,1606,1600,1611,1610,1597,1603,1663,1600,1600,1613,1600,1603,1594,1605,1600,1607,1600,1606,1587,1595,1606,1600,1598,1612,1599,1600,1611,1607,1606,1600,1600,1616,1599,1602,1600,1603,1599,1603,1609,1598,1600,1605,1615,1587,1617,1616,1637,1598,1626,1588,1556,1662,1654,1499,1549,1727,1587,1503,1696,1600,1419,1761,1815,1299,1438,1940,1605,1347,1840,1599,1169,1925,2085,1031,1264,2234,1594,1170,2018,1583,853,2096,2384,702,1090,2510,1589,1014,2198,1595,627,2212,2581,614,988,2569,1603,992,2220,1643,669,2096,2512,799,1008,2391,1713,1045,1936,1791,1007,1729,2228,1219,1089,2064,1904,1114,1497,2060,1503,1249,1884,1782,1142,1713,2177,1219,1018,2273,1997,846,1557,2168,1207,1442,2333,1247,725,2368,2274,679,1352,2342,1295,1296,2337,1361,693,2280,2342,753,1258,2321,1425,1254,2180,1495,843,2069,2285,951,1237,2187,1573,1249,1957,1631,1072,1856,2105,1187,1277,2010,1681,1311,1766,1703,1291,1701,1937,1380,1349,1851,1712,1392,1642,1712,1451,1615,1787,1509,1438,1732,1689,1485,1588,1675,1553,1586,1680,1584,1520,1635,1647,1569,1583,1626,1609,1591,1600,1619,1599,1584,1607,1619,1585,1593,1643,1583,1566,1648,1645,1550,1590,1653,1584,1615,1657,1586,1535,1647,1645,1574,1588,1649,1575,1563,1600,1623,1575,1607,1634,1584,1578,1621,1616,1606,1610,1598,1597,1610,1603,1616,1606,1574,1595,1616,1616,1585,1610,1611,1577,1611,1622,1580,1583,1629,1611,1577,1611,1615,1578,1601,1629,1586,1578,1626,1606,1570,1591,1638,1605,1575,1637,1605,1565,1621,1648,1555,1552,1671,1616,1546,1622,1592,1546,1622,1680,1527,1534,1694,1634,1515,1625,1636,1532,1630,1699,1520,1501,1699,1674,1521,1634,1633,1521,1633,1671,1520,1545,1683,1623,1520,1655,1616,1527,1629,1658,1550,1557,1664,1593,1563,1619,1613,1567,1617,1637,1581,1577,1625,1605,1589,1613,1606,1585,1614,1614,1585,1596,1641,1611,1589,1600,1602,1608,1598,1604,1610,1595,1598,1610,1600,1597,1615,1611,1587,1600,1606,1598,1591,1622,1605,1598,1605,1618,1598,1594,1614,1611,1593,1605,1612,1600,1595,1613,1604,1586,1611,1614,1599,1589,1623,1603,1589,1606,1609,1582,1639,1628,1594,1583,1642,1601,1584,1611,1604,1578,1615,1631,1563,1588,1626,1612,1584,1629,1587,1575,1629,1617,1568,1573,1621,1590,1600,1629,1585,1571,1623,1629,1583,1601,1611,1584,1610,1622,1584,1595,1615,1601,1600,1616,1591,1582,1617,1611,1581,1613,1587,1592,1611,1616,1599,1589,1616,1602,1594,1616,1597,1594,1614,1614,1589,1600,1611,1597,1605,1602,1598,1584,1600,1614,1598,1607,1599,1594,1599,1589,1605,1602,1589,1613,1609,1595,1610,1609,1595,1586,1616,1602,1590,1595,1616,1607,1600,1609,1599,1587,1607,1619,1585,1598,1617,1593,1602,1611,1604,1584,1620,1615,1600,1600,1632,1594,1606,1621,1595,1597,1613,1606,1599,1610,1603,1600,1595,1609,1601,1600,1611,1599,1603,1605,1600,1600,1613,1600,1597,1605,1599,1600,1610,1619,1602,1597,1602,1595,1598,1605,1600,1586,1601,1600,1601,1609,1599,1600,1616,1606,1600,1600,1603,1600,1605,1610,1594,1600,1616,1599,1601,1601,1600,1590,1585,1600,1597,1598,1619,1594,1605,1600
1603,1601,1585,1616,1592,1600,1603,1623,1598,1595,1611,1600,1595,1597,1598,1600,1598,1616,1598,1587,1616,1599,1591,1604,1595,1600,1592,1607,1605,1590,1618,1597,1589,1599,1597,1600,1591,1616,1602,1593,1614,1600,1606,1599,1601,1613,1597,1595,1601,1601,1597,1602,1605,1598,1595,1606,1600,1580,1604,1611,1584,1599,1622,1600,1570,1609,1627,1557,1602,1670,1526,1505,1730,1680,1421,1589,1746,1489,1558,1822,1447,1311,1930,1832,1179,1555,1931,1362,1550,2085,1275,1015,2228,2023,853,1548,2128,1174,1530,2388,1105,697,2509,2231,596,1498,2287,1071,1482,2581,1073,579,2538,2295,592,1472,2289,1129,1424,2451,1247,682,2288,2256,855,1347,2210,1411,1271,2073,1619,991,1833,2162,1183,1152,2133,1857,1018,1562,2099,1367,1316,2096,1535,927,2039,2257,851,1124,2429,1671,978,1997,1773,807,1952,2498,823,893,2508,1845,861,1890,1891,871,1824,2474,947,870,2401,1925,910,1746,1943,1067,1670,2288,1181,977,2178,1939,1058,1604,1935,1297,1541,2056,1403,1141,1941,1919,1218,1485,1899,1488,1453,1849,1571,1283,1770,1872,1346,1452,1846,1615,1427,1704,1639,1391,1680,1809,1427,1428,1789,1662,1449,1653,1659,1461,1639,1760,1479,1469,1734,1650,1488,1633,1651,1491,1651,1708,1535,1509,1707,1619,1535,1639,1611,1519,1639,1684,1523,1547,1675,1599,1561,1641,1591,1521,1651,1670,1519,1570,1664,1597,1518,1567,1663,1579,1567,1670,1559,1519,1675,1665,1509,1584,1653,1563,1589,1679,1562,1520,1666,1637,1533,1613,1627,1561,1614,1661,1553,1553,1638,1595,1569,1614,1600,1578,1601,1618,1586,1597,1595,1600,1600,1600,1595,1616,1581,1584,1680,1616,1570,1606,1616,1563,1648,1661,1548,1546,1678,1621,1535,1620,1619,1520,1638,1687,1511,1523,1706,1615,1530,1664,1613,1494,1648,1698,1505,1531,1690,1603,1547,1650,1613,1502,1645,1682,1517,1555,1675,1597,1551,1644,1600,1532,1633,1665,1546,1552,1657,1601,1561,1619,1616,1549,1669,1651,1554,1552,1650,1616,1553,1616,1625,1563,1613,1648,1562,1552,1655,1622,1552,1606,1623,1563,1612,1649,1564,1554,1652,1636,1555,1648,1616,1565,1605,1648,1571,1555,1645,1615,1562,1611,1633,1567,1607,1637,1571,1573,1644,1612,1571,1601,1595,1584,1607,1616,1587,1584,1611,1614,1590,1600,1605,1598,1595,1607,1605,1598,1600,1603,1593,1594,1609,1607,1586,1575,1619,1596,1598,1601,1607,1586,1616,1615,1584,1582,1623,1595,1587,1616,1597,1571,1600,1621,1577,1587,1617,1587,1578,1616,1587,1571,1619,1616,1584,1605,1602,1586,1608,1622,1591,1581,1618,1600,1588,1606,1600,1584,1610,1602,1586,1597,1610,1600,1590,1600,1593,1603,1609,1604,1593,1600,1606,1600,1599,1596,1600,1601,1598,1609,1600,1597,1606,1606,1589,1601,1609,1580,1600,1606,1599,1589,1614,1606,1597,1596,1615,1601,1586,1597,1607,1597,1600,1615,1597,1584,1616,1605,1581,1599,1602,1591,1602,1611,1591,1596,1611,1611,1599,1598,1606,1586,1601,1606,1597,1605,1606,1602,1595,1600,1602,1603,1596,1601,1600,1595,1601,1601,1602,1603,1602,1603,1591,1599,1599,1603,1598,1609,1603,1593,1611,1602,1593,1600,1609,1594,1597,1609,1595,1595,1605,1602,1597,1600,1606,1597,1595,1610,1620,1594,1603,1606,1585,1603,1600,1598,1603,1614,1600,1597,1605,1589,1600,1600,1600,1594
1600,1600,1600,1600,1600,1602,1609,1605,1605,1600,1605,1600,1600,1618,1600,1600,1595,1600,1600,1610,1607,1600,1606,1595,1603,1609,1600,1600,1607,1601,1615,1597,1606,1596,1617,1600,1597,1615,1600,1600,1606,1603,1600,1602,1604,1611,1590,1601,1606,1600,1598,1600,1600,1611,1600,1584,1600,1595,1607,1602,1584,1601,1618,1590,1590,1619,1595,1557,1648,1663,1517,1535,1733,1615,1472,1676,1642,1424,1713,1831,1327,1392,1959,1663,1285,1774,1669,1201,1840,2112,1054,1170,2269,1711,1066,1911,1735,903,1996,2425,767,944,2570,1765,853,2032,1791,693,2050,2640,688,821,2628,1791,837,2005,1829,717,1932,2559,879,869,2422,1873,934,1784,1935,1073,1624,2240,1311,1009,2065,2015,1079,1398,2157,1575,1161,1841,1841,1154,1632,2196,1219,971,2256,2077,816,1472,2237,1285,1344,2294,1339,719,2298,2345,686,1250,2394,1399,1200,2240,1471,703,2182,2384,783,1171,2346,1531,1168,2090,1611,879,1968,2281,1007,1165,2192,1669,1200,1860,1723,1134,1752,2099,1250,1217,2008,1759,1253,1680,1776,1349,1616,1925,1426,1298,1850,1776,1357,1575,1765,1481,1556,1791,1525,1395,1731,1743,1447,1569,1711,1561,1565,1683,1581,1491,1664,1667,1535,1571,1633,1589,1589,1635,1594,1579,1602,1612,1601,1605,1594,1600,1615,1589,1602,1622,1583,1567,1636,1619,1557,1601,1627,1584,1591,1634,1589,1561,1633,1608,1593,1585,1625,1621,1575,1583,1642,1625,1559,1601,1639,1582,1594,1646,1583,1549,1650,1650,1531,1573,1659,1583,1577,1652,1589,1525,1661,1662,1522,1573,1659,1591,1566,1651,1589,1520,1646,1665,1535,1581,1662,1606,1563,1629,1616,1551,1613,1646,1567,1552,1641,1627,1546,1594,1646,1586,1580,1646,1595,1543,1651,1655,1527,1563,1657,1594,1555,1641,1602,1524,1647,1678,1520,1547,1680,1600,1552,1654,1605,1519,1647,1681,1511,1553,1675,1601,1553,1655,1603,1524,1643,1677,1530,1555,1661,1604,1553,1630,1614,1535,1630,1659,1557,1553,1664,1618,1552,1614,1622,1557,1602,1651,1571,1548,1654,1640,1535,1600,1642,1579,1586,1660,1570,1535,1649,1650,1531,1588,1654,1574,1590,1663,1581,1529,1664,1621,1535,1598,1649,1571,1594,1629,1570,1535,1654,1648,1550,1599,1645,1575,1602,1650,1582,1551,1639,1629,1554,1601,1628,1574,1609,1634,1585,1575,1616,1616,1583,1602,1614,1587,1597,1620,1600,1597,1611,1610,1600,1596,1611,1604,1595,1583,1614,1597,1590,1611,1602,1581,1619,1616,1584,1590,1631,1595,1594,1616,1581,1566,1634,1628,1567,1587,1634,1595,1589,1635,1582,1573,1627,1632,1566,1600,1616,1585,1600,1633,1584,1574,1631,1617,1583,1600,1616,1584,1607,1611,1584,1586,1614,1614,1585,1600,1606,1599,1596,1601,1594,1597,1601,1616,1593,1600,1606,1603,1589,1609,1601,1589,1608,1616,1584,1590,1621,1606,1585,1614,1616,1607,1584,1619,1601,1566,1616,1623,1587,1583,1619,1600,1594,1611,1604,1580,1615,1616,1584,1589,1613,1603,1590,1615,1585,1590,1605,1616,1595,1596,1610,1606,1600,1611,1607,1586,1606,1611,1598,1598,1610,1599,1599,1600,1605,1595,1601,1598,1593,1600,1603,1627,1599,1600,1603,1587,1597,1610,1600,1597,1606,1607,1600,1598,1606,1600,1593,1610,1594,1595,1606,1609,1583,1599,1605,1601,1581,1616,1601,1597,1615,1604,1600,1600,1607,1586,1600,1611,1591,1599
