1600,1596,1596,1600,1594,1582,1594,1561,1618,1586,1567,1599,1596,1597,1597,1616,1595,1567,1615,1600,1569,1590,1610,1600,1599,1616,1597,1570,1639,1601,1573,1589,1605,1600,1584,1618,1597,1579,1614,1603,1572,1588,1601,1591,1588,1612,1616,1602,1584,1595,1600,1590,1598,1604,1588,1588,1602,1602,1586,1589,1600,1601,1577,1585,1614,1609,1563,1586,1648,1593,1554,1647,1588,1510,1664,1702,1441,1501,1790,1599,1451,1722,1595,1345,1788,1891,1234,1385,2006,1605,1309,1866,1591,1107,1953,2112,965,1241,2252,1582,1182,2058,1551,848,2117,2352,771,1166,2355,1503,1190,2176,1455,753,2200,2320,791,1275,2224,1387,1380,2197,1358,885,2149,2074,1058,1520,1910,1287,1664,2076,1239,1216,1967,1683,1408,1798,1486,1245,1921,1856,1250,1590,1747,1327,1740,1985,1217,1306,2018,1645,1328,1866,1565,1187,1892,2006,1163,1435,1953,1507,1445,1900,1487,1217,1869,1874,1285,1505,1793,1479,1578,1806,1493,1389,1728,1701,1519,1604,1632,1520,1664,1666,1533,1589,1611,1551,1649,1677,1488,1550,1693,1584,1542,1670,1571,1462,1682,1723,1458,1520,1730,1600,1492,1658,1626,1467,1632,1729,1488,1472,1744,1671,1435,1596,1721,1515,1546,1744,1554,1410,1720,1756,1412,1498,1785,1584,1472,1712,1618,1409,1701,1782,1424,1456,1776,1634,1455,1654,1653,1461,1629,1749,1493,1464,1717,1664,1477,1591,1682,1547,1555,1683,1689,1490,1523,1647,1623,1505,1616,1699,1519,1491,1706,1661,1479,1601,1668,1552,1580,1711,1533,1483,1701,1679,1477,1584,1679,1545,1578,1701,1552,1488,1680,1673,1500,1579,1659,1563,1580,1662,1575,1517,1646,1648,1535,1578,1648,1584,1577,1626,1601,1552,1604,1630,1571,1575,1597,1604,1572,1600,1613,1584,1584,1616,1593,1573,1610,1620,1575,1584,1618,1600,1578,1612,1610,1582,1587,1615,1589,1573,1615,1622,1570,1575,1619,1600,1571,1611,1603,1567,1607,1629,1567,1563,1642,1616,1546,1602,1616,1569,1588,1642,1578,1548,1627,1622,1510,1594,1618,1573,1595,1643,1578,1547,1633,1626,1556,1585,1624,1582,1590,1623,1584,1555,1614,1623,1578,1585,1615,1602,1590,1659,1600,1585,1599,1607,1594,1588,1604,1606,1587,1591,1615,1599,1584,1600,1599,1584,1594,1613,1567,1584,1618,1607,1579,1600,1573,1583,1601,1615,1583,1583,1614,1607,1581,1600,1602,1585,1600,1613,1585,1587,1605,1586,1595,1609,1594,1577,1606,1599,1591,1603,1591,1556,1602,1604,1591,1600,1600,1588,1601,1607,1585,1590,1608,1591,1599,1611,1591,1584,1602,1607,1584,1599,1600,1591,1601,1611,1587,1599,1604,1601,1596,1625,1593,1591,1604,1601,1595,1589,1600,1587,1603,1606,1585,1595,1602,1569,1600,1598,1584,1584,1606,1569,1584,1606,1599,1584,1610,1611,1580,1591,1609,1597,1595,1607,1599,1584,1612,1607,1572,1598,1584,1594,1603,1603,1559,1594,1603,1603,1596,1598,1595,1595,1600,1600,1591,1598,1597,1590,1592,1609,1593,1591,1623,1598,1611,1605,1597,1584,1652,1604,1584,1598,1601,1591,1593,1611,1591,1589,1611,1603,1586,1601,1600,1586,1598,1596,1589,1591,1603,1610,1598,1600,1595,1591,1606,1615,1594,1600,1600,1593,1604,1601,1598,1593,1600,1597,1604,1605,1566,1596,1605,1603,1599,1603,1600,1587,1619,1603,1586,1599,1601,1589,1600,1602,1594,1590,1605,1600,1592,1602,1596,1586,1600,1606,1591,1598
1600,1597,1600,1599,1600,1591,1599,1469,1612,1594,1479,1597,1600,1600,1605,1604,1600,1478,1603,1581,1477,1603,1599,1600,1599,1607,1604,1487,1608,1595,1478,1600,1600,1601,1607,1609,1601,1488,1648,1604,1502,1591,1603,1595,1603,1608,1615,1597,1587,1601,1599,1584,1600,1610,1595,1591,1600,1603,1590,1600,1600,1610,1586,1599,1614,1600,1566,1600,1635,1569,1585,1658,1559,1514,1702,1682,1429,1562,1755,1527,1584,1776,1518,1338,1875,1833,1216,1499,1933,1441,1481,1977,1383,1076,2112,2022,938,1456,2115,1309,1452,2238,1243,821,2328,2173,753,1472,2175,1175,1537,2380,1107,758,2407,2101,807,1616,1999,1051,1733,2401,1019,922,2304,1840,1103,1840,1663,1008,1962,2176,1037,1303,2038,1457,1504,2064,1259,1072,2138,1879,1118,1714,1711,1123,1868,2179,1031,1195,2173,1607,1270,1984,1509,986,2027,2134,1010,1350,2064,1431,1429,1995,1427,1068,1981,1953,1173,1467,1872,1435,1526,1910,1463,1287,1808,1776,1423,1584,1680,1491,1615,1726,1521,1508,1669,1616,1576,1630,1583,1553,1640,1613,1563,1619,1600,1546,1623,1654,1545,1552,1667,1618,1520,1600,1657,1555,1574,1676,1572,1471,1696,1702,1431,1535,1763,1603,1470,1712,1615,1399,1714,1810,1373,1431,1846,1627,1407,1722,1643,1353,1720,1865,1350,1398,1865,1650,1374,1705,1657,1374,1696,1840,1393,1415,1808,1651,1429,1666,1663,1437,1636,1775,1663,1456,1612,1728,1514,1481,1680,1664,1507,1585,1664,1559,1566,1654,1595,1523,1626,1661,1535,1555,1655,1616,1553,1602,1621,1562,1595,1644,1585,1552,1627,1632,1559,1581,1633,1600,1574,1609,1617,1572,1570,1625,1567,1558,1620,1630,1557,1573,1647,1595,1568,1619,1611,1549,1617,1648,1563,1552,1701,1613,1552,1614,1619,1554,1616,1648,1558,1552,1646,1611,1563,1602,1617,1570,1598,1632,1582,1561,1621,1617,1568,1590,1617,1591,1583,1621,1602,1583,1598,1629,1573,1571,1618,1616,1563,1595,1621,1579,1591,1629,1583,1562,1621,1622,1558,1591,1597,1579,1600,1628,1567,1558,1628,1616,1569,1598,1612,1581,1600,1622,1584,1578,1615,1610,1584,1602,1597,1586,1600,1606,1591,1589,1605,1616,1599,1599,1595,1603,1599,1589,1605,1600,1587,1595,1602,1595,1599,1603,1591,1583,1607,1600,1584,1595,1601,1582,1600,1606,1586,1591,1598,1595,1595,1611,1586,1586,1605,1606,1584,1603,1595,1587,1606,1614,1582,1593,1611,1597,1596,1617,1585,1584,1615,1585,1584,1606,1607,1589,1615,1616,1584,1588,1614,1598,1593,1611,1595,1582,1601,1607,1584,1597,1601,1586,1604,1611,1586,1591,1602,1594,1597,1603,1590,1588,1609,1599,1589,1600,1599,1591,1603,1607,1589,1601,1598,1599,1604,1630,1582,1597,1605,1595,1591,1605,1594,1581,1605,1611,1571,1601,1590,1589,1601,1607,1589,1587,1609,1598,1589,1600,1594,1585,1605,1605,1590,1595,1617,1605,1589,1588,1595,1559,1602,1605,1591,1592,1605,1587,1600,1603,1586,1590,1613,1600,1588,1599,1599,1585,1607,1602,1589,1593,1600,1597,1562,1606,1593,1584,1606,1600,1589,1600,1599,1590,1606,1597,1590,1589,1600,1595,1599,1600,1595,1600,1602,1601,1593,1599,1595,1585,1601,1619,1591,1595,1597,1594,1600,1600,1591,1592,1600,1597,1594,1601,1597,1584,1601,1600,1587,1598,1597,1587,1600,1596,1593,1589,1600,1590,1590,1606,1590,1590,1606,1599,1588,1599
1597,1598,1599,1600,1616,1595,1598,1598,1603,1597,1598,1610,1597,1594,1611,1602,1596,1600,1601,1599,1590,1604,1600,1600,1616,1600,1593,1595,1609,1598,1597,1607,1597,1598,1610,1602,1590,1597,1605,1597,1598,1610,1597,1593,1598,1602,1606,1593,1600,1609,1585,1586,1604,1600,1589,1600,1609,1596,1584,1592,1617,1591,1566,1580,1630,1569,1589,1659,1547,1509,1717,1680,1423,1571,1754,1519,1557,1793,1472,1314,1904,1835,1191,1525,1927,1398,1516,2032,1323,1051,2176,2019,903,1509,2101,1237,1524,2320,1155,763,2432,2182,669,1522,2209,1067,1568,2528,1003,624,2552,2179,663,1632,2094,965,1712,2520,945,787,2432,1959,934,1798,1799,977,1876,2278,1043,1163,2096,1603,1402,1952,1410,1133,2000,1887,1247,1647,1683,1239,1858,2032,1123,1331,2033,1506,1437,2012,1365,1051,2112,2006,1029,1520,1957,1295,1584,2130,1266,1067,2100,1904,1131,1622,1843,1287,1630,2013,1350,1218,1923,1763,1333,1620,1718,1430,1605,1793,1513,1446,1680,1664,1553,1591,1616,1587,1578,1595,1648,1618,1509,1581,1665,1578,1542,1666,1589,1488,1666,1712,1483,1520,1713,1611,1503,1648,1637,1495,1615,1712,1521,1485,1702,1662,1475,1570,1705,1551,1520,1673,1617,1445,1648,1717,1488,1486,1732,1649,1469,1616,1679,1501,1595,1729,1523,1456,1712,1695,1462,1568,1722,1559,1529,1693,1594,1471,1662,1712,1489,1514,1715,1616,1511,1627,1711,1651,1472,1596,1676,1533,1567,1705,1553,1470,1697,1703,1466,1552,1712,1571,1535,1688,1585,1456,1679,1712,1478,1530,1705,1591,1524,1666,1602,1495,1648,1697,1511,1534,1678,1616,1535,1625,1619,1553,1611,1655,1570,1559,1643,1627,1561,1586,1637,1594,1571,1613,1620,1562,1605,1635,1578,1552,1645,1630,1535,1584,1649,1581,1583,1643,1598,1530,1639,1653,1531,1561,1667,1600,1549,1629,1606,1531,1619,1669,1535,1535,1667,1616,1533,1611,1630,1534,1602,1680,1546,1522,1665,1646,1522,1589,1642,1557,1591,1662,1557,1523,1660,1644,1522,1589,1637,1565,1599,1655,1568,1534,1662,1638,1511,1587,1631,1574,1609,1638,1590,1554,1623,1626,1563,1590,1618,1584,1600,1616,1593,1575,1611,1612,1586,1584,1602,1587,1600,1593,1593,1567,1594,1599,1600,1622,1590,1600,1597,1589,1603,1601,1592,1585,1604,1601,1585,1597,1617,1584,1614,1610,1574,1584,1612,1606,1577,1595,1607,1585,1597,1603,1595,1589,1600,1611,1584,1586,1611,1599,1584,1600,1607,1586,1600,1607,1589,1583,1613,1610,1573,1589,1614,1585,1586,1616,1588,1567,1622,1619,1567,1587,1618,1584,1590,1621,1582,1570,1619,1612,1571,1595,1605,1584,1600,1616,1584,1579,1617,1605,1584,1594,1601,1584,1599,1615,1585,1591,1603,1600,1590,1597,1600,1596,1595,1603,1601,1591,1597,1590,1598,1599,1600,1602,1585,1522,1600,1599,1597,1601,1591,1586,1601,1602,1587,1591,1606,1600,1597,1589,1601,1584,1602,1600,1587,1600,1600,1607,1595,1591,1590,1591,1605,1600,1589,1600,1600,1589,1605,1606,1584,1591,1600,1592,1593,1611,1595,1584,1595,1605,1582,1598,1599,1595,1597,1611,1587,1590,1607,1604,1586,1600,1601,1591,1601,1605,1590,1589,1603,1607,1598,1600,1598,1587,1600,1601,1594,1616,1596,1584,1605,1599,1594,1598,1600,1591,1600,1600,1590,1592,1605,1595,1591,1599,1599,1584,1594,1601,1589,1599,1584,1591,1607,1611
1600,1597,1600,1584,1596,1619,1569,1603,1591,1600,1596,1564,1595,1574,1615,1595,1578,1595,1584,1595,1600,1609,1595,1582,1609,1592,1582,1600,1572,1600,1600,1607,1599,1584,1613,1599,1584,1593,1595,1600,1597,1607,1600,1583,1610,1602,1602,1596,1596,1602,1593,1589,1600,1615,1590,1596,1600,1582,1593,1600,1600,1612,1585,1602,1600,1585,1594,1622,1584,1553,1648,1643,1495,1563,1712,1582,1523,1690,1562,1419,1769,1795,1309,1458,1920,1559,1397,1840,1552,1173,1936,2032,1023,1336,2169,1515,1268,2058,1485,867,2176,2290,735,1232,2384,1431,1197,2258,1393,655,2318,2417,635,1232,2372,1339,1316,2342,1279,675,2322,2268,773,1416,2065,1247,1540,2240,1231,963,2122,1918,1170,1670,1711,1239,1777,1970,1275,1400,1815,1502,1616,1876,1328,1318,1939,1680,1366,1792,1535,1218,1916,1957,1154,1456,1941,1439,1501,1982,1392,1142,1987,1915,1181,1533,1854,1379,1580,1953,1406,1245,1878,1802,1328,1586,1742,1447,1606,1797,1503,1423,1700,1683,1501,1594,1635,1552,1555,1648,1585,1557,1599,1606,1605,1594,1589,1604,1600,1582,1600,1616,1579,1572,1617,1618,1573,1582,1634,1610,1552,1600,1631,1567,1588,1678,1563,1511,1683,1671,1477,1561,1705,1569,1545,1698,1575,1453,1689,1725,1431,1524,1722,1575,1527,1705,1569,1442,1676,1735,1457,1520,1728,1591,1519,1680,1609,1478,1648,1714,1506,1519,1696,1621,1521,1618,1696,1641,1508,1593,1663,1557,1552,1666,1583,1511,1655,1671,1508,1550,1680,1587,1543,1643,1610,1505,1638,1686,1519,1525,1680,1585,1532,1606,1617,1523,1617,1681,1545,1550,1663,1627,1535,1600,1631,1555,1590,1648,1582,1547,1635,1639,1535,1582,1648,1597,1561,1623,1603,1552,1610,1648,1553,1552,1648,1618,1531,1602,1627,1563,1595,1661,1569,1525,1649,1649,1534,1584,1641,1581,1583,1645,1584,1533,1641,1642,1546,1570,1626,1586,1569,1628,1598,1547,1622,1647,1552,1564,1644,1602,1556,1617,1600,1557,1596,1647,1566,1557,1641,1610,1565,1607,1619,1566,1600,1638,1575,1557,1629,1613,1567,1598,1614,1577,1593,1627,1582,1571,1616,1615,1579,1591,1611,1587,1590,1602,1591,1591,1600,1597,1595,1590,1600,1600,1589,1597,1601,1600,1584,1600,1612,1585,1574,1610,1590,1584,1622,1616,1580,1587,1642,1584,1600,1616,1586,1562,1622,1616,1559,1591,1616,1585,1600,1627,1583,1568,1627,1616,1569,1599,1616,1582,1600,1616,1584,1582,1618,1648,1578,1600,1601,1583,1595,1616,1587,1584,1602,1600,1597,1598,1610,1596,1610,1595,1616,1597,1589,1596,1611,1591,1599,1607,1584,1595,1603,1606,1586,1600,1597,1586,1603,1609,1587,1589,1607,1600,1590,1591,1591,1599,1601,1621,1594,1600,1600,1589,1600,1601,1600,1596,1599,1599,1600,1603,1603,1586,1601,1594,1591,1605,1595,1589,1612,1600,1568,1597,1600,1591,1600,1609,1598,1584,1606,1605,1589,1590,1605,1595,1616,1609,1586,1589,1574,1607,1591,1600,1600,1589,1602,1604,1584,1597,1602,1598,1589,1597,1591,1611,1605,1616,1593,1606,1600,1596,1600,1606,1595,1590,1600,1600,1595,1613,1595,1585,1599,1575,1600,1591,1598,1587,1600,1603,1591,1596,1601,1597,1600,1603,1590,1594,1605,1600,1593,1603,1594,1587,1610,1605,1579,1594,1605,1594,1600,1607,1589,1589,1603,1599,1589,1600,1594,1585,1600,1601,1587,1594,1601,1589,1600,1598
1595,1591,1599,1599,1582,1591,1600,1600,1604,1608,1600,1582,1611,1594,1584,1599,1600,1599,1623,1609,1601,1586,1602,1597,1584,1600,1594,1598,1591,1605,1601,1586,1600,1600,1587,1597,1600,1600,1591,1609,1602,1585,1600,1599,1609,1595,1600,1604,1600,1591,1603,1601,1598,1598,1599,1600,1591,1598,1610,1591,1589,1602,1603,1584,1598,1620,1571,1553,1661,1642,1492,1578,1709,1573,1530,1713,1552,1415,1788,1790,1297,1488,1899,1521,1439,1884,1487,1155,1995,2042,997,1392,2152,1442,1336,2144,1399,832,2256,2274,691,1280,2378,1349,1258,2344,1311,611,2384,2401,607,1283,2334,1279,1346,2384,1258,667,2316,2263,807,1420,2119,1279,1495,2202,1319,1007,2028,1933,1235,1588,1737,1386,1659,1842,1475,1516,1619,1581,1735,1763,1359,1557,1766,1517,1648,1922,1293,1246,2056,1779,1183,1712,1775,1200,1745,2126,1162,1154,2128,1763,1192,1756,1765,1185,1744,2084,1251,1211,2012,1744,1263,1690,1749,1328,1630,1920,1424,1326,1824,1747,1386,1574,1744,1520,1528,1744,1589,1426,1677,1741,1476,1491,1726,1637,1485,1621,1659,1510,1596,1698,1546,1489,1671,1661,1515,1584,1659,1574,1571,1638,1603,1552,1602,1632,1600,1567,1616,1629,1567,1573,1648,1616,1547,1608,1626,1552,1601,1663,1552,1527,1675,1635,1519,1608,1634,1527,1612,1676,1533,1527,1675,1623,1535,1629,1609,1523,1629,1669,1507,1558,1663,1586,1531,1648,1641,1575,1593,1655,1555,1535,1649,1626,1549,1611,1616,1552,1627,1648,1516,1563,1637,1599,1577,1624,1592,1554,1630,1621,1570,1584,1617,1582,1600,1622,1587,1579,1591,1602,1583,1600,1601,1582,1600,1613,1584,1584,1610,1602,1586,1598,1603,1585,1600,1609,1584,1578,1614,1614,1579,1591,1613,1589,1598,1648,1581,1578,1627,1613,1567,1599,1615,1578,1600,1635,1564,1564,1637,1616,1582,1609,1605,1563,1654,1644,1553,1568,1638,1603,1574,1616,1600,1558,1618,1638,1558,1575,1634,1595,1583,1616,1595,1565,1616,1629,1569,1597,1619,1598,1584,1611,1599,1578,1610,1615,1579,1589,1611,1597,1590,1600,1600,1585,1597,1600,1599,1584,1603,1603,1599,1595,1606,1600,1583,1605,1600,1584,1627,1613,1586,1589,1615,1601,1584,1602,1600,1584,1605,1615,1585,1584,1610,1598,1585,1605,1598,1589,1602,1608,1590,1569,1602,1600,1595,1588,1600,1598,1598,1593,1601,1598,1590,1600,1599,1594,1602,1606,1598,1584,1613,1600,1584,1601,1602,1583,1611,1613,1578,1583,1618,1594,1588,1611,1596,1574,1611,1615,1580,1591,1609,1589,1596,1597,1583,1558,1603,1601,1584,1600,1592,1588,1600,1600,1587,1595,1585,1594,1611,1600,1558,1596,1600,1590,1602,1605,1586,1587,1610,1593,1590,1605,1589,1584,1587,1610,1555,1588,1621,1589,1605,1612,1587,1581,1616,1601,1584,1602,1602,1586,1605,1602,1589,1590,1604,1600,1595,1603,1593,1595,1613,1600,1598,1593,1607,1600,1600,1603,1594,1596,1601,1599,1605,1602,1589,1594,1605,1601,1589,1603,1600,1568,1603,1610,1584,1571,1611,1600,1596,1613,1590,1587,1603,1607,1591,1599,1612,1588,1601,1605,1589,1586,1601,1599,1565,1600,1597,1588,1600,1603,1591,1590,1600,1591,1599,1599,1591,1585,1600,1600,1591,1601,1595,1593,1602,1602,1593,1600,1601,1591,1600,1600,1587,1590,1603,1585,1597,1600,1595,1581,1605,1605,1591,1595,1602,1590,1599,1603,1590,1589
1591,1600,1600,1600,1569,1599,1601,1575,1610,1610,1584,1600,1611,1597,1600,1604,1600,1584,1603,1603,1591,1600,1607,1597,1602,1600,1600,1593,1599,1612,1585,1580,1605,1603,1596,1601,1600,1587,1599,1613,1587,1594,1615,1599,1603,1599,1603,1613,1594,1599,1614,1600,1600,1602,1590,1590,1606,1603,1591,1585,1600,1605,1586,1586,1616,1605,1554,1598,1648,1571,1568,1661,1575,1488,1709,1713,1407,1521,1803,1557,1473,1776,1525,1291,1890,1905,1159,1414,2046,1507,1360,1984,1473,993,2112,2174,837,1288,2308,1426,1200,2232,1393,687,2272,2406,619,1212,2431,1359,1240,2360,1319,607,2368,2386,662,1308,2282,1295,1388,2330,1295,806,2184,2131,1008,1488,1919,1315,1601,2024,1374,1264,1830,1711,1516,1693,1487,1441,1785,1618,1516,1769,1455,1297,1934,1840,1137,1588,1858,1299,1648,2109,1199,1088,2152,1861,1066,1705,1855,1151,1717,2184,1167,1083,2144,1823,1142,1709,1797,1221,1680,2064,1302,1200,1964,1794,1291,1590,1759,1395,1587,1867,1485,1362,1764,1737,1427,1551,1726,1555,1525,1689,1613,1475,1632,1711,1519,1509,1690,1631,1526,1612,1629,1534,1619,1670,1559,1530,1645,1627,1565,1601,1603,1573,1605,1612,1589,1597,1597,1584,1621,1607,1570,1600,1615,1562,1605,1614,1555,1553,1648,1595,1556,1619,1610,1535,1626,1651,1552,1553,1651,1595,1573,1623,1575,1551,1623,1635,1558,1582,1616,1587,1581,1616,1607,1600,1596,1604,1598,1593,1589,1591,1613,1602,1589,1600,1600,1584,1607,1616,1573,1580,1622,1601,1584,1611,1593,1574,1617,1619,1572,1585,1612,1594,1601,1595,1588,1591,1615,1601,1590,1616,1586,1585,1611,1600,1590,1589,1599,1600,1615,1604,1575,1606,1605,1579,1600,1621,1579,1573,1626,1603,1574,1610,1601,1565,1616,1627,1555,1582,1634,1597,1578,1617,1586,1571,1619,1623,1583,1585,1618,1591,1589,1616,1584,1577,1611,1619,1572,1590,1615,1594,1590,1615,1589,1578,1610,1615,1583,1591,1616,1589,1591,1611,1584,1574,1616,1616,1563,1585,1612,1595,1584,1616,1572,1570,1621,1618,1564,1585,1617,1584,1600,1623,1595,1568,1636,1619,1579,1600,1616,1578,1600,1627,1569,1563,1630,1613,1569,1606,1607,1571,1610,1629,1571,1584,1629,1599,1583,1622,1595,1575,1611,1621,1573,1586,1615,1591,1600,1613,1589,1581,1613,1602,1585,1598,1599,1582,1605,1613,1577,1595,1589,1591,1585,1611,1571,1584,1618,1599,1588,1605,1595,1583,1611,1607,1579,1587,1610,1591,1600,1611,1585,1584,1605,1586,1584,1600,1603,1584,1600,1609,1598,1591,1597,1601,1594,1599,1595,1594,1593,1594,1603,1599,1590,1600,1600,1593,1601,1605,1584,1584,1610,1600,1586,1604,1587,1591,1607,1616,1578,1588,1615,1564,1593,1600,1589,1570,1611,1611,1582,1595,1605,1586,1597,1613,1585,1586,1610,1599,1587,1600,1600,1602,1603,1606,1589,1589,1600,1600,1595,1600,1594,1593,1602,1607,1591,1584,1598,1597,1598,1603,1584,1585,1600,1579,1599,1609,1593,1586,1602,1600,1586,1600,1600,1584,1606,1600,1592,1587,1596,1600,1584,1601,1595,1586,1591,1603,1559,1598,1601,1595,1599,1607,1591,1589,1604,1595,1598,1600,1594,1586,1602,1600,1591,1595,1600,1584,1600,1607,1588,1590,1603,1584,1598,1585,1591,1602,1603,1603,1589,1595,1600,1598,1600,1601,1586,1594,1605,1598,1607,1600,1588,1590,1601,1601,1611,1594
1599,1600,1595,1595,1597,1594,1563,1602,1587,1597,1600,1615,1602,1577,1659,1590,1582,1597,1599,1598,1600,1601,1600,1574,1602,1596,1575,1596,1573,1605,1606,1601,1600,1583,1604,1598,1581,1592,1598,1599,1593,1608,1595,1578,1609,1600,1605,1599,1599,1600,1595,1593,1605,1605,1587,1647,1600,1605,1591,1599,1598,1591,1600,1606,1595,1584,1627,1616,1555,1567,1686,1610,1511,1616,1650,1503,1626,1744,1445,1424,1856,1701,1309,1638,1760,1350,1664,1985,1238,1181,2146,1841,1035,1698,1900,1123,1730,2334,983,887,2478,1991,755,1768,2019,871,1792,2608,815,681,2637,2031,695,1814,1979,815,1840,2605,855,772,2490,1919,960,1828,1841,977,1772,2272,1136,1120,2018,1735,1344,1719,1648,1383,1621,1732,1637,1584,1429,1562,1810,1519,1488,1872,1425,1187,2060,1993,967,1458,2111,1343,1433,2208,1279,838,2288,2177,785,1424,2192,1263,1424,2291,1279,805,2241,2166,871,1425,2119,1323,1387,2160,1387,959,2054,2065,1095,1415,1984,1470,1410,1920,1547,1203,1808,1906,1303,1416,1855,1606,1424,1722,1648,1391,1652,1809,1453,1427,1759,1667,1451,1615,1674,1494,1622,1727,1525,1472,1680,1676,1499,1586,1638,1553,1601,1664,1573,1526,1635,1633,1557,1594,1602,1579,1591,1619,1568,1578,1600,1606,1599,1591,1601,1601,1584,1584,1610,1603,1584,1600,1602,1583,1606,1613,1574,1576,1623,1605,1578,1612,1633,1578,1584,1616,1585,1565,1619,1613,1567,1593,1613,1575,1603,1623,1574,1563,1620,1586,1574,1601,1604,1554,1603,1615,1589,1588,1606,1588,1589,1602,1603,1599,1584,1595,1612,1591,1584,1604,1593,1574,1621,1623,1563,1580,1634,1588,1568,1637,1585,1535,1621,1649,1529,1573,1648,1577,1573,1653,1570,1520,1654,1655,1514,1580,1649,1570,1584,1648,1566,1532,1649,1660,1534,1603,1642,1580,1581,1659,1584,1550,1620,1634,1563,1574,1633,1600,1569,1614,1611,1573,1603,1629,1564,1562,1616,1618,1535,1584,1629,1584,1552,1625,1599,1554,1626,1635,1553,1581,1634,1599,1573,1621,1598,1558,1616,1636,1568,1565,1631,1600,1569,1613,1607,1578,1601,1627,1584,1581,1619,1614,1572,1589,1611,1589,1584,1611,1600,1577,1604,1616,1583,1579,1622,1604,1570,1603,1614,1574,1598,1626,1581,1562,1622,1615,1562,1605,1614,1577,1599,1629,1579,1564,1625,1571,1570,1600,1608,1579,1600,1619,1579,1572,1617,1611,1584,1601,1600,1591,1603,1615,1584,1594,1600,1589,1595,1600,1593,1594,1600,1590,1622,1601,1584,1594,1615,1595,1598,1607,1584,1580,1637,1603,1584,1598,1600,1583,1602,1614,1578,1583,1609,1600,1586,1613,1595,1579,1613,1602,1584,1579,1604,1590,1595,1601,1584,1547,1609,1568,1587,1598,1594,1587,1600,1603,1594,1588,1600,1589,1601,1598,1599,1586,1619,1591,1585,1603,1594,1591,1579,1597,1595,1605,1586,1586,1603,1603,1587,1584,1605,1597,1568,1602,1596,1584,1611,1610,1586,1591,1609,1591,1587,1606,1591,1584,1609,1607,1584,1595,1600,1588,1600,1600,1589,1586,1601,1600,1595,1591,1591,1586,1600,1602,1596,1603,1599,1633,1599,1651,1594,1591,1599,1589,1599,1601,1592,1589,1600,1597,1589,1603,1585,1585,1607,1602,1575,1598,1600,1590,1595,1606,1587,1584,1606,1604,1582,1597,1600,1587,1600,1615,1585,1584,1602,1595,1587,1602,1594,1587,1600,1605,1585,1595,1600,1591,1593,1600
1597,1600,1598,1597,1606,1601,1597,1600,1598,1594,1594,1609,1593,1596,1614,1594,1598,1594,1599,1597,1591,1611,1600,1596,1615,1600,1600,1594,1597,1595,1545,1606,1595,1600,1607,1602,1591,1593,1600,1598,1591,1615,1594,1593,1610,1602,1603,1595,1599,1610,1587,1599,1603,1598,1585,1600,1607,1584,1585,1609,1603,1581,1600,1630,1567,1549,1669,1649,1474,1552,1728,1566,1507,1717,1553,1383,1801,1832,1247,1456,1965,1525,1381,1917,1491,1104,2042,2109,902,1336,2254,1447,1254,2186,1395,723,2322,2400,559,1194,2533,1363,1144,2480,1319,503,2501,2624,499,1132,2600,1302,1170,2488,1295,511,2432,2500,592,1238,2356,1323,1325,2284,1403,823,2060,2127,1119,1424,1881,1483,1510,1803,1607,1455,1510,1616,1798,1591,1358,1733,1667,1219,1856,2121,979,1134,2365,1723,976,1952,1743,799,2032,2535,687,871,2624,1757,848,2068,1759,647,2064,2630,687,851,2576,1771,917,2016,1773,767,1933,2469,879,965,2345,1775,1040,1865,1775,1045,1778,2208,1168,1141,2076,1775,1216,1712,1769,1293,1640,1952,1392,1293,1858,1747,1362,1625,1729,1455,1584,1784,1509,1418,1715,1699,1474,1584,1668,1550,1582,1679,1569,1522,1638,1636,1574,1598,1611,1575,1591,1616,1585,1587,1595,1586,1605,1605,1575,1605,1611,1577,1610,1623,1559,1572,1637,1610,1571,1616,1593,1554,1630,1645,1552,1575,1633,1590,1585,1648,1648,1550,1599,1643,1571,1552,1638,1618,1563,1604,1605,1568,1614,1637,1562,1549,1633,1612,1570,1609,1611,1569,1600,1627,1584,1568,1627,1620,1569,1589,1631,1589,1566,1621,1600,1554,1616,1646,1531,1557,1665,1600,1546,1636,1613,1514,1649,1680,1508,1529,1706,1603,1523,1657,1600,1488,1662,1710,1478,1523,1710,1599,1523,1664,1601,1483,1661,1697,1488,1489,1694,1650,1530,1648,1606,1458,1638,1684,1519,1530,1673,1613,1535,1619,1621,1543,1602,1662,1565,1534,1627,1636,1525,1590,1654,1583,1573,1646,1595,1529,1637,1648,1535,1564,1661,1603,1551,1621,1607,1533,1617,1646,1551,1552,1656,1613,1551,1616,1616,1555,1606,1639,1566,1552,1637,1615,1557,1600,1618,1580,1584,1629,1585,1569,1616,1619,1563,1583,1621,1601,1557,1600,1625,1584,1601,1626,1555,1559,1647,1623,1552,1588,1633,1584,1580,1633,1585,1555,1628,1633,1555,1584,1632,1584,1585,1630,1586,1552,1629,1648,1561,1571,1625,1584,1595,1639,1587,1569,1629,1616,1586,1593,1607,1588,1587,1611,1599,1585,1597,1602,1600,1594,1623,1602,1605,1598,1603,1600,1581,1603,1602,1589,1600,1612,1584,1588,1616,1600,1586,1607,1599,1577,1616,1617,1580,1600,1616,1593,1586,1615,1590,1579,1616,1613,1574,1597,1611,1585,1621,1616,1579,1583,1620,1610,1587,1599,1601,1590,1599,1606,1582,1595,1595,1599,1586,1600,1600,1594,1645,1598,1602,1597,1590,1600,1600,1591,1591,1599,1601,1586,1610,1611,1586,1586,1621,1592,1589,1609,1613,1579,1614,1613,1591,1586,1612,1585,1593,1615,1590,1578,1613,1611,1585,1589,1602,1585,1595,1602,1587,1587,1610,1598,1591,1600,1601,1589,1600,1607,1595,1601,1600,1600,1598,1595,1599,1598,1594,1595,1586,1600,1593,1597,1601,1591,1616,1613,1583,1587,1657,1603,1587,1599,1607,1585,1603,1613,1584,1586,1611,1601,1585,1610,1600,1579,1605,1628,1584,1590,1610,1599,1595,1611,1598,1561,1605,1596
1579,1600,1599,1600,1593,1597,1587,1578,1615,1599,1572,1600,1598,1586,1597,1615,1594,1574,1610,1602,1578,1581,1599,1612,1595,1613,1591,1584,1612,1600,1581,1600,1603,1594,1588,1609,1597,1584,1607,1604,1584,1585,1599,1593,1577,1610,1611,1602,1600,1599,1616,1594,1601,1599,1578,1591,1602,1601,1586,1595,1606,1600,1584,1601,1612,1591,1590,1623,1582,1549,1659,1664,1471,1542,1743,1587,1467,1690,1607,1391,1758,1856,1264,1392,1993,1611,1296,1841,1613,1103,1938,2166,930,1186,2336,1615,1088,2056,1603,755,2176,2498,599,976,2635,1611,922,2236,1599,555,2258,2635,547,946,2608,1551,1026,2268,1531,609,2188,2473,789,1136,2256,1523,1285,2030,1535,1063,1842,1974,1365,1452,1685,1584,1602,1606,1648,1710,1360,1374,2037,1755,1100,1682,1841,1151,1752,2300,973,898,2476,1955,784,1792,1991,855,1818,2594,816,710,2616,2000,711,1810,1995,850,1785,2556,915,775,2461,1983,848,1752,1967,1023,1672,2320,1165,961,2176,1931,1081,1616,1887,1287,1568,2032,1399,1186,1908,1851,1280,1525,1816,1487,1524,1808,1555,1365,1733,1775,1435,1508,1731,1585,1520,1675,1600,1483,1632,1686,1535,1552,1642,1615,1571,1606,1607,1582,1594,1607,1603,1584,1583,1600,1607,1575,1600,1625,1564,1561,1642,1617,1547,1602,1619,1556,1600,1648,1552,1550,1660,1615,1553,1612,1600,1552,1605,1648,1552,1563,1619,1600,1558,1571,1629,1592,1582,1616,1587,1566,1616,1616,1575,1591,1603,1587,1584,1607,1587,1586,1603,1602,1594,1589,1602,1603,1583,1588,1620,1598,1573,1615,1595,1571,1629,1636,1543,1583,1649,1570,1575,1648,1569,1520,1668,1658,1498,1584,1664,1552,1585,1685,1550,1481,1680,1668,1482,1595,1667,1520,1600,1712,1519,1477,1710,1666,1483,1601,1662,1515,1596,1700,1533,1493,1690,1645,1503,1610,1659,1549,1579,1677,1568,1507,1651,1661,1518,1573,1666,1600,1553,1630,1605,1530,1626,1664,1529,1535,1670,1616,1525,1617,1619,1535,1604,1674,1551,1520,1664,1634,1523,1600,1637,1552,1612,1657,1553,1531,1646,1630,1547,1591,1634,1573,1585,1629,1586,1554,1616,1630,1573,1578,1621,1600,1578,1602,1607,1582,1591,1619,1598,1579,1613,1638,1565,1569,1634,1603,1570,1610,1613,1562,1605,1633,1563,1565,1642,1611,1556,1606,1613,1561,1606,1642,1578,1557,1630,1615,1564,1611,1605,1567,1606,1630,1574,1568,1621,1607,1577,1600,1605,1581,1600,1616,1589,1583,1605,1611,1585,1584,1607,1616,1585,1588,1605,1580,1596,1620,1581,1575,1621,1616,1569,1595,1614,1583,1600,1626,1577,1566,1630,1614,1563,1599,1629,1573,1605,1627,1571,1570,1630,1603,1574,1611,1597,1568,1613,1618,1573,1584,1616,1596,1585,1610,1594,1584,1604,1611,1589,1590,1602,1557,1596,1599,1598,1599,1592,1597,1601,1591,1597,1606,1581,1585,1607,1602,1586,1584,1615,1596,1577,1595,1603,1587,1596,1616,1583,1578,1621,1606,1577,1601,1602,1579,1594,1616,1583,1584,1616,1602,1584,1600,1600,1584,1602,1606,1590,1586,1627,1600,1563,1596,1603,1591,1600,1602,1595,1591,1596,1602,1591,1596,1605,1608,1585,1598,1602,1594,1595,1609,1584,1584,1613,1607,1583,1584,1606,1584,1591,1618,1587,1595,1611,1611,1571,1592,1604,1585,1600,1616,1581,1579,1617,1603,1585,1599,1603,1585,1623,1609,1584,1585,1604,1599,1597,1602
1650,1597,1493,1598,1591,1600,1602,1605,1591,1485,1601,1599,1478,1601,1592,1600,1595,1602,1600,1473,1605,1591,1486,1597,1599,1589,1596,1614,1602,1495,1607,1595,1488,1590,1603,1600,1595,1605,1593,1485,1606,1599,1599,1594,1600,1601,1589,1595,1581,1595,1565,1594,1578,1589,1589,1592,1601,1589,1630,1600,1584,1591,1616,1607,1554,1589,1648,1584,1553,1651,1579,1494,1686,1713,1419,1506,1801,1584,1449,1747,1575,1307,1828,1914,1173,1376,2055,1569,1322,1922,1551,1021,2032,2186,873,1225,2322,1523,1155,2144,1503,727,2212,2427,654,1120,2460,1487,1124,2248,1457,654,2242,2415,715,1200,2315,1439,1280,2181,1447,882,2052,2153,1083,1391,1937,1477,1482,1876,1526,1330,1680,1726,1607,1571,1493,1606,1683,1456,1680,1862,1283,1283,2067,1747,1151,1734,1779,1138,1780,2214,1059,1065,2284,1807,1022,1810,1829,1023,1805,2288,1059,1040,2231,1814,1088,1766,1806,1138,1712,2149,1239,1149,2032,1818,1224,1633,1803,1359,1579,1904,1472,1292,1793,1783,1382,1523,1768,1563,1488,1707,1621,1443,1619,1739,1503,1474,1714,1664,1491,1589,1662,1554,1558,1674,1582,1507,1624,1676,1535,1535,1664,1632,1529,1593,1654,1572,1558,1648,1606,1525,1632,1671,1527,1533,1680,1601,1520,1622,1636,1532,1616,1682,1531,1563,1679,1633,1520,1616,1619,1535,1616,1669,1535,1547,1652,1611,1568,1619,1585,1555,1616,1631,1584,1589,1626,1614,1585,1599,1584,1570,1627,1617,1569,1595,1615,1564,1614,1635,1555,1568,1643,1600,1575,1621,1585,1552,1633,1637,1552,1584,1629,1581,1598,1639,1574,1552,1638,1601,1567,1585,1605,1558,1607,1616,1573,1601,1616,1601,1590,1607,1597,1581,1606,1604,1586,1587,1603,1603,1597,1600,1600,1597,1595,1594,1600,1591,1602,1603,1590,1587,1616,1602,1600,1601,1611,1584,1614,1613,1583,1587,1635,1593,1591,1615,1586,1582,1614,1616,1573,1599,1609,1587,1599,1616,1583,1574,1617,1602,1579,1600,1603,1568,1602,1616,1579,1572,1611,1583,1584,1610,1595,1584,1600,1610,1581,1589,1603,1594,1594,1601,1590,1592,1600,1597,1597,1596,1595,1598,1600,1597,1586,1601,1591,1595,1601,1599,1589,1601,1597,1589,1601,1606,1588,1584,1611,1593,1589,1610,1597,1584,1610,1619,1586,1598,1605,1610,1589,1629,1591,1594,1600,1601,1593,1597,1595,1593,1599,1598,1599,1597,1599,1593,1569,1600,1555,1601,1600,1585,1601,1611,1568,1586,1617,1595,1584,1613,1589,1571,1616,1618,1570,1590,1616,1594,1588,1623,1584,1561,1623,1616,1577,1589,1610,1589,1598,1617,1584,1582,1615,1606,1584,1603,1601,1589,1603,1613,1589,1589,1598,1600,1591,1600,1595,1599,1596,1595,1607,1599,1585,1600,1601,1591,1600,1617,1584,1588,1612,1576,1589,1610,1598,1573,1605,1599,1583,1593,1605,1595,1600,1611,1587,1584,1613,1600,1585,1634,1599,1610,1590,1603,1596,1584,1605,1605,1589,1595,1600,1588,1600,1605,1589,1616,1602,1587,1603,1597,1591,1584,1605,1600,1590,1621,1595,1584,1604,1606,1585,1595,1600,1589,1600,1604,1589,1583,1584,1602,1591,1600,1610,1587,1600,1611,1584,1591,1613,1600,1589,1606,1595,1584,1605,1605,1584,1592,1600,1595,1600,1600,1593,1587,1601,1552,1590,1599,1599,1599,1600,1593,1595,1593,1592,1615,1596,1603,1594,1599,1597,1600,1599,1599,1606,1590,1594,1595,1569,1600,1594,1588
1591,1602,1591,1598,1600,1594,1593,1607,1595,1594,1606,1597,1600,1595,1595,1591,1617,1600,1600,1595,1568,1599,1605,1600,1594,1600,1599,1595,1599,1595,1595,1600,1595,1597,1602,1599,1598,1589,1597,1589,1597,1613,1596,1591,1609,1639,1601,1598,1605,1621,1586,1591,1601,1601,1591,1598,1599,1586,1594,1601,1601,1582,1607,1619,1579,1561,1603,1643,1458,1567,1698,1584,1558,1680,1585,1422,1744,1786,1322,1454,1895,1567,1393,1821,1553,1191,1913,2017,1056,1344,2149,1535,1271,2010,1495,903,2133,2265,763,1232,2380,1467,1168,2224,1443,665,2288,2448,627,1156,2442,1431,1186,2288,1407,663,2241,2368,767,1257,2241,1407,1328,2146,1443,943,1994,2078,1168,1412,1861,1510,1510,1821,1568,1435,1601,1654,1683,1593,1440,1648,1675,1392,1714,1920,1229,1264,2105,1743,1147,1776,1767,1105,1810,2214,1043,1078,2262,1776,1054,1824,1791,1042,1818,2249,1073,1075,2194,1791,1133,1751,1790,1169,1694,2098,1277,1183,1984,1794,1261,1620,1794,1391,1557,1868,1493,1335,1762,1769,1399,1506,1762,1601,1477,1677,1641,1458,1617,1744,1519,1472,1700,1669,1491,1574,1673,1568,1552,1651,1611,1518,1601,1671,1595,1520,1648,1649,1513,1564,1682,1590,1488,1638,1623,1507,1616,1707,1503,1494,1721,1650,1473,1616,1658,1499,1606,1744,1502,1476,1730,1662,1470,1617,1663,1503,1609,1714,1510,1470,1712,1649,1503,1611,1686,1520,1519,1614,1623,1545,1605,1665,1554,1563,1644,1596,1561,1581,1614,1574,1597,1630,1585,1579,1616,1613,1582,1585,1616,1593,1583,1609,1599,1581,1600,1617,1573,1581,1642,1601,1574,1607,1602,1567,1622,1621,1562,1584,1619,1591,1594,1620,1575,1568,1629,1616,1569,1603,1600,1571,1616,1630,1565,1577,1623,1589,1585,1628,1578,1557,1632,1616,1555,1600,1616,1571,1584,1638,1563,1563,1641,1603,1579,1616,1598,1559,1619,1631,1557,1584,1622,1586,1584,1622,1584,1564,1629,1623,1567,1586,1615,1583,1590,1618,1585,1568,1616,1615,1572,1589,1615,1600,1584,1620,1593,1579,1616,1625,1571,1584,1621,1595,1579,1593,1600,1573,1609,1629,1562,1575,1627,1602,1569,1611,1610,1564,1594,1632,1563,1569,1605,1600,1570,1609,1595,1563,1612,1634,1566,1577,1622,1600,1577,1616,1596,1568,1617,1619,1573,1605,1615,1593,1593,1606,1589,1584,1605,1602,1586,1601,1598,1599,1599,1610,1596,1598,1598,1591,1600,1600,1591,1598,1592,1589,1593,1607,1582,1589,1600,1600,1582,1605,1600,1583,1609,1607,1611,1589,1606,1595,1596,1606,1590,1588,1605,1601,1590,1598,1597,1590,1600,1604,1590,1583,1600,1590,1600,1596,1590,1594,1600,1599,1599,1617,1590,1589,1606,1595,1589,1598,1599,1587,1621,1605,1581,1587,1642,1589,1597,1612,1598,1584,1607,1603,1597,1599,1613,1587,1601,1613,1585,1589,1607,1597,1594,1600,1598,1584,1602,1600,1600,1594,1600,1600,1597,1595,1611,1595,1600,1591,1598,1599,1593,1584,1603,1600,1590,1591,1596,1586,1602,1595,1584,1595,1607,1595,1595,1603,1597,1584,1615,1603,1586,1587,1609,1587,1600,1606,1587,1583,1611,1602,1584,1600,1598,1586,1603,1614,1583,1595,1590,1598,1598,1601,1609,1585,1606,1599,1589,1595,1619,1596,1594,1600,1591,1591,1600,1598,1599,1600,1594,1591,1600,1605,1597,1596,1591,1603,1602,1596,1593,1599,1597,1594,1600,1593,1591,1587,1601,1597
1597,1601,1600,1596,1599,1599,1593,1575,1614,1589,1578,1599,1590,1597,1584,1615,1592,1578,1606,1598,1581,1594,1594,1596,1597,1610,1599,1583,1602,1593,1584,1597,1591,1600,1594,1611,1598,1583,1606,1569,1581,1607,1600,1596,1594,1614,1610,1601,1587,1597,1600,1593,1597,1601,1599,1590,1600,1600,1584,1594,1619,1601,1583,1590,1616,1597,1549,1607,1623,1566,1600,1656,1533,1509,1712,1670,1436,1584,1728,1494,1580,1795,1447,1329,1904,1789,1207,1568,1886,1423,1557,2032,1296,1111,2174,1975,933,1554,2047,1203,1562,2310,1131,807,2400,2127,720,1568,2131,1087,1602,2437,1063,743,2417,2094,817,1632,2005,1081,1660,2325,1147,954,2176,1893,1151,1661,1766,1253,1684,1930,1399,1362,1730,1629,1598,1665,1493,1565,1649,1485,1728,1820,1264,1379,1999,1621,1312,1841,1591,1119,1937,2112,1010,1264,2176,1574,1244,1984,1554,977,1990,2176,1015,1255,2144,1567,1270,1952,1587,1073,1873,2083,1167,1302,1998,1626,1330,1792,1663,1281,1700,1907,1392,1376,1818,1677,1407,1629,1706,1476,1569,1746,1559,1441,1685,1707,1475,1523,1696,1601,1520,1642,1631,1520,1610,1671,1567,1523,1645,1646,1548,1567,1667,1613,1543,1600,1649,1567,1559,1648,1597,1520,1645,1682,1499,1522,1703,1616,1493,1642,1632,1497,1640,1722,1478,1504,1730,1639,1489,1637,1631,1479,1644,1726,1488,1490,1712,1625,1506,1638,1621,1502,1526,1691,1610,1522,1623,1671,1546,1535,1648,1603,1561,1591,1603,1565,1603,1627,1584,1574,1615,1604,1583,1595,1610,1590,1585,1604,1586,1581,1610,1617,1579,1584,1613,1600,1571,1608,1600,1573,1610,1616,1575,1584,1613,1585,1597,1618,1578,1583,1616,1605,1585,1611,1585,1563,1622,1616,1571,1586,1609,1574,1613,1629,1562,1569,1641,1598,1575,1618,1587,1551,1622,1641,1565,1575,1647,1579,1584,1648,1578,1534,1646,1633,1549,1593,1634,1559,1600,1648,1559,1535,1648,1639,1553,1607,1623,1564,1600,1648,1567,1552,1639,1622,1551,1607,1622,1575,1598,1639,1571,1577,1633,1554,1557,1593,1625,1578,1587,1633,1582,1552,1634,1622,1558,1585,1623,1584,1609,1630,1595,1553,1618,1625,1552,1589,1654,1587,1586,1629,1587,1555,1625,1621,1567,1586,1615,1582,1590,1617,1581,1579,1618,1605,1582,1601,1600,1584,1601,1582,1583,1591,1610,1610,1593,1609,1584,1584,1615,1600,1585,1602,1593,1584,1616,1607,1573,1595,1616,1587,1583,1617,1584,1574,1617,1610,1587,1596,1607,1583,1602,1616,1583,1581,1615,1601,1587,1603,1601,1578,1602,1615,1586,1584,1602,1583,1589,1577,1602,1583,1595,1602,1600,1597,1600,1601,1594,1589,1605,1601,1584,1599,1604,1590,1600,1612,1587,1579,1601,1609,1583,1598,1584,1581,1578,1616,1558,1583,1615,1602,1584,1600,1598,1580,1607,1610,1581,1590,1614,1590,1591,1607,1585,1593,1612,1609,1586,1594,1603,1595,1591,1602,1595,1589,1600,1600,1593,1596,1595,1589,1600,1601,1589,1605,1600,1563,1596,1584,1589,1590,1605,1600,1596,1600,1598,1585,1604,1603,1586,1595,1606,1591,1584,1605,1577,1589,1601,1599,1593,1595,1597,1590,1599,1600,1587,1593,1584,1594,1582,1599,1599,1590,1602,1601,1600,1595,1598,1587,1602,1601,1593,1597,1601,1588,1596,1600,1591,1590,1600,1598,1589,1584,1595,1611,1605,1615,1585,1601,1600,1595,1600,1616,1583,1591,1607,1597,1596,1600
1598,1594,1598,1594,1586,1569,1609,1590,1584,1609,1594,1589,1591,1586,1597,1581,1613,1594,1583,1594,1591,1593,1596,1606,1594,1579,1611,1590,1584,1589,1597,1598,1584,1607,1597,1583,1616,1589,1584,1591,1595,1595,1590,1610,1610,1600,1585,1597,1601,1587,1594,1599,1590,1590,1599,1600,1585,1587,1599,1593,1584,1595,1613,1645,1569,1603,1614,1574,1609,1652,1520,1515,1718,1653,1439,1597,1712,1481,1590,1804,1415,1342,1904,1773,1221,1604,1821,1329,1616,2054,1229,1095,2189,1919,959,1626,1983,1139,1648,2336,1051,835,2432,2043,768,1652,2043,999,1696,2464,979,784,2436,2000,849,1728,1919,977,1741,2347,1091,986,2180,1827,1177,1734,1714,1219,1720,1954,1385,1388,1718,1605,1617,1671,1491,1575,1622,1466,1718,1829,1249,1398,1990,1583,1344,1890,1527,1080,1996,2103,975,1314,2169,1495,1303,2064,1479,947,2054,2166,963,1306,2131,1487,1328,2014,1511,1040,1937,2071,1147,1345,1986,1561,1371,1844,1611,1249,1750,1895,1360,1409,1822,1642,1437,1665,1653,1462,1556,1736,1535,1469,1669,1669,1514,1560,1658,1594,1547,1613,1631,1563,1571,1634,1610,1545,1604,1655,1555,1529,1675,1647,1491,1569,1702,1584,1531,1668,1598,1471,1674,1724,1454,1495,1745,1606,1487,1665,1616,1445,1674,1760,1435,1466,1761,1632,1480,1667,1643,1443,1666,1759,1454,1479,1739,1617,1491,1661,1616,1471,1648,1718,1616,1510,1634,1691,1526,1524,1658,1615,1552,1616,1601,1547,1605,1647,1569,1552,1625,1615,1571,1591,1616,1584,1586,1616,1597,1574,1600,1619,1577,1574,1616,1602,1584,1602,1599,1584,1600,1657,1593,1594,1600,1600,1601,1600,1601,1596,1594,1583,1629,1611,1580,1594,1618,1582,1600,1628,1558,1555,1644,1619,1552,1600,1619,1558,1601,1648,1553,1550,1659,1621,1542,1614,1616,1545,1616,1658,1543,1543,1662,1611,1552,1616,1601,1514,1621,1648,1549,1562,1649,1615,1565,1622,1597,1552,1618,1639,1559,1568,1637,1598,1582,1616,1600,1565,1614,1623,1570,1581,1618,1600,1583,1608,1597,1578,1600,1616,1583,1590,1610,1602,1585,1575,1605,1567,1599,1604,1587,1591,1606,1600,1590,1591,1602,1584,1597,1604,1597,1589,1605,1583,1598,1589,1597,1596,1595,1599,1595,1594,1591,1588,1601,1600,1587,1599,1602,1594,1599,1603,1584,1584,1597,1606,1599,1599,1604,1582,1600,1615,1579,1582,1618,1600,1584,1600,1601,1575,1607,1616,1573,1582,1615,1603,1584,1616,1591,1616,1610,1617,1580,1591,1612,1591,1597,1607,1589,1579,1604,1606,1585,1597,1603,1586,1607,1601,1595,1589,1618,1599,1591,1598,1600,1591,1634,1595,1610,1598,1585,1597,1600,1591,1597,1607,1584,1589,1607,1600,1584,1600,1595,1584,1605,1609,1579,1573,1611,1571,1588,1586,1590,1552,1614,1610,1584,1593,1604,1584,1600,1611,1585,1581,1610,1600,1587,1599,1597,1582,1587,1610,1594,1588,1598,1600,1591,1600,1597,1593,1601,1597,1593,1590,1600,1590,1597,1597,1586,1597,1600,1598,1593,1601,1600,1587,1619,1600,1582,1597,1603,1593,1600,1603,1588,1585,1600,1601,1595,1599,1599,1584,1609,1599,1591,1591,1600,1595,1599,1597,1590,1586,1600,1598,1598,1597,1594,1591,1596,1600,1570,1591,1590,1589,1585,1603,1591,1591,1599,1595,1595,1603,1590,1589,1601,1602,1595,1593,1603,1591,1584,1606,1584,1585,1602,1595,1589,1595,1594,1584
1603,1596,1600,1598,1591,1600,1584,1598,1609,1598,1600,1603,1594,1585,1600,1617,1584,1583,1607,1598,1598,1589,1597,1584,1600,1596,1590,1598,1611,1599,1598,1595,1599,1588,1597,1611,1586,1600,1608,1601,1594,1600,1605,1584,1587,1611,1648,1599,1584,1602,1598,1586,1600,1604,1584,1597,1600,1600,1590,1601,1600,1594,1589,1600,1606,1598,1600,1598,1572,1565,1654,1645,1499,1582,1695,1553,1535,1699,1552,1424,1767,1770,1322,1494,1871,1523,1451,1856,1494,1187,1964,1978,1045,1398,2099,1455,1348,2082,1399,899,2194,2218,768,1314,2306,1383,1286,2282,1335,695,2312,2347,693,1314,2289,1303,1360,2324,1295,763,2244,2173,887,1426,2066,1323,1490,2118,1370,1083,1952,1891,1302,1569,1711,1449,1621,1760,1534,1547,1558,1535,1776,1677,1345,1629,1715,1373,1717,1943,1234,1259,2076,1725,1198,1765,1730,1143,1808,2132,1115,1168,2148,1727,1177,1799,1723,1135,1782,2107,1191,1200,2044,1717,1261,1743,1719,1243,1682,1954,1358,1314,1858,1710,1378,1637,1689,1439,1598,1778,1509,1437,1712,1686,1474,1574,1664,1563,1582,1664,1589,1526,1623,1631,1572,1584,1601,1583,1613,1604,1579,1600,1599,1566,1621,1638,1526,1571,1674,1597,1548,1642,1598,1503,1670,1707,1473,1524,1722,1594,1519,1678,1584,1453,1684,1732,1450,1518,1732,1584,1511,1693,1573,1449,1687,1717,1457,1533,1704,1570,1533,1690,1573,1478,1559,1682,1574,1500,1662,1664,1520,1569,1648,1575,1580,1648,1579,1543,1617,1635,1534,1584,1621,1586,1567,1619,1591,1558,1616,1616,1569,1582,1616,1589,1584,1611,1585,1578,1613,1616,1579,1593,1605,1584,1595,1613,1581,1584,1606,1600,1593,1606,1575,1571,1600,1610,1568,1597,1600,1579,1616,1627,1569,1567,1630,1599,1570,1623,1616,1555,1619,1635,1552,1571,1647,1589,1584,1630,1583,1549,1627,1634,1550,1587,1619,1584,1588,1629,1581,1558,1625,1617,1569,1595,1607,1607,1598,1618,1579,1575,1614,1613,1584,1600,1599,1586,1603,1601,1595,1583,1602,1591,1589,1597,1598,1597,1595,1600,1574,1594,1600,1598,1586,1596,1551,1598,1587,1600,1597,1600,1600,1600,1595,1585,1599,1600,1593,1595,1600,1600,1599,1602,1591,1590,1601,1602,1590,1605,1593,1594,1599,1557,1595,1600,1603,1586,1605,1599,1591,1594,1601,1596,1597,1602,1591,1587,1605,1600,1607,1599,1623,1589,1600,1602,1603,1590,1601,1596,1594,1605,1590,1585,1611,1597,1584,1597,1600,1585,1599,1615,1586,1589,1612,1571,1589,1600,1590,1584,1604,1616,1590,1626,1597,1593,1595,1605,1591,1591,1599,1598,1591,1599,1598,1587,1600,1600,1584,1600,1584,1594,1611,1598,1577,1599,1611,1587,1600,1600,1584,1589,1602,1599,1589,1602,1586,1587,1600,1605,1591,1597,1599,1593,1599,1606,1584,1586,1609,1595,1594,1602,1585,1584,1596,1608,1578,1599,1605,1594,1571,1605,1599,1590,1603,1603,1584,1575,1605,1586,1598,1600,1591,1587,1602,1557,1588,1600,1590,1590,1602,1599,1586,1590,1603,1589,1600,1604,1594,1591,1603,1600,1589,1598,1616,1589,1601,1601,1586,1589,1600,1586,1595,1600,1588,1595,1603,1600,1589,1601,1598,1588,1600,1591,1593,1584,1599,1594,1600,1603,1595,1584,1603,1595,1593,1584,1595,1593,1599,1599,1589,1594,1598,1595,1599,1597,1591,1592,1591,1595,1609,1603,1597,1590,1588,1600,1587,1597,1587,1587,1605,1600
1609,1594,1600,1595,1586,1582,1610,1588,1567,1600,1597,1592,1599,1600,1590,1566,1607,1598,1567,1590,1591,1594,1594,1587,1597,1565,1600,1605,1570,1586,1601,1587,1591,1606,1593,1569,1605,1597,1563,1590,1597,1591,1597,1606,1591,1595,1595,1598,1593,1590,1600,1600,1587,1586,1595,1600,1593,1594,1600,1599,1584,1600,1605,1584,1583,1616,1585,1552,1634,1648,1505,1529,1713,1604,1478,1666,1621,1435,1698,1808,1339,1410,1920,1637,1325,1756,1655,1223,1820,2054,1095,1230,2190,1675,1136,1902,1680,953,1978,2327,831,1040,2434,1683,992,2032,1678,757,2064,2481,743,976,2444,1631,1059,2081,1603,791,2064,2368,880,1138,2234,1578,1262,1985,1553,1040,1891,2043,1223,1392,1846,1545,1500,1776,1559,1427,1632,1649,1632,1623,1472,1568,1710,1519,1600,1789,1424,1345,1915,1759,1269,1612,1775,1343,1659,1968,1311,1232,1990,1783,1236,1648,1763,1311,1658,1966,1333,1277,1920,1731,1327,1664,1705,1369,1648,1830,1430,1403,1776,1663,1459,1647,1635,1472,1635,1710,1511,1516,1659,1601,1564,1626,1581,1535,1638,1622,1558,1599,1624,1557,1614,1644,1535,1557,1653,1602,1551,1627,1598,1523,1630,1669,1509,1534,1680,1615,1519,1629,1614,1514,1629,1680,1507,1520,1689,1621,1520,1629,1607,1507,1637,1665,1509,1532,1678,1600,1550,1634,1589,1519,1645,1655,1525,1565,1646,1579,1580,1636,1535,1545,1648,1615,1563,1600,1625,1595,1582,1616,1587,1562,1622,1613,1567,1584,1606,1582,1600,1616,1571,1575,1591,1600,1581,1606,1602,1584,1613,1602,1573,1591,1600,1589,1599,1602,1584,1595,1600,1597,1598,1597,1589,1588,1594,1595,1599,1599,1587,1593,1598,1589,1603,1600,1579,1589,1603,1585,1593,1613,1584,1577,1614,1601,1563,1598,1607,1579,1612,1620,1565,1565,1625,1613,1567,1601,1606,1563,1602,1629,1571,1567,1629,1600,1574,1606,1593,1564,1610,1617,1569,1573,1616,1582,1583,1605,1589,1575,1607,1615,1579,1568,1606,1587,1587,1609,1585,1630,1600,1600,1588,1591,1598,1587,1600,1600,1586,1588,1601,1595,1598,1600,1602,1589,1610,1598,1605,1587,1603,1595,1569,1591,1595,1584,1601,1600,1593,1590,1605,1590,1591,1600,1594,1585,1603,1602,1584,1597,1609,1590,1585,1612,1595,1584,1610,1611,1574,1581,1610,1588,1588,1615,1584,1577,1616,1613,1573,1595,1613,1583,1601,1618,1585,1574,1629,1601,1575,1600,1597,1577,1600,1617,1573,1583,1617,1591,1584,1605,1585,1571,1611,1607,1571,1591,1602,1589,1599,1627,1584,1552,1610,1610,1584,1605,1595,1622,1600,1613,1584,1596,1594,1590,1591,1599,1591,1588,1588,1598,1584,1600,1597,1595,1567,1593,1568,1600,1590,1590,1600,1595,1589,1600,1593,1589,1601,1600,1586,1595,1597,1587,1598,1601,1585,1589,1609,1600,1593,1600,1591,1581,1603,1600,1584,1589,1600,1586,1596,1601,1571,1584,1602,1600,1586,1588,1605,1581,1587,1600,1594,1585,1605,1600,1587,1594,1599,1589,1599,1593,1587,1562,1602,1600,1590,1595,1593,1589,1603,1600,1589,1591,1602,1597,1585,1600,1567,1593,1579,1600,1583,1599,1599,1587,1602,1600,1590,1594,1599,1590,1597,1600,1591,1590,1597,1592,1594,1601,1595,1579,1602,1561,1587,1595,1599,1586,1595,1636,1590,1587,1602,1571,1591,1600,1595,1594,1600,1597,1589,1594,1595,1589,1610,1600,1604,1594,1594,1595,1596,1600,1606,1596
1600,1590,1599,1597,1589,1576,1616,1598,1580,1595,1586,1599,1589,1611,1591,1583,1622,1590,1582,1588,1595,1598,1591,1608,1593,1584,1606,1595,1587,1585,1595,1597,1593,1613,1597,1587,1607,1601,1583,1574,1595,1584,1594,1632,1603,1603,1584,1598,1602,1591,1597,1600,1597,1590,1597,1600,1587,1594,1595,1598,1578,1589,1618,1586,1573,1610,1607,1554,1614,1665,1514,1519,1728,1650,1437,1616,1695,1463,1620,1819,1387,1339,1938,1758,1217,1634,1821,1295,1660,2083,1187,1088,2236,1887,948,1688,1947,1075,1720,2383,949,822,2488,2003,745,1744,2027,911,1776,2544,879,751,2533,1983,800,1808,1922,887,1811,2470,959,906,2320,1855,1063,1802,1763,1091,1772,2132,1234,1233,1932,1680,1410,1717,1611,1395,1651,1712,1575,1586,1514,1552,1728,1605,1502,1714,1535,1370,1816,1823,1271,1488,1873,1488,1485,1891,1468,1222,1913,1890,1215,1490,1873,1455,1509,1900,1457,1243,1870,1847,1291,1519,1803,1479,1542,1820,1501,1351,1769,1746,1408,1566,1709,1522,1580,1744,1525,1459,1701,1667,1502,1601,1635,1524,1623,1682,1521,1525,1683,1610,1533,1642,1597,1502,1662,1683,1488,1543,1693,1584,1529,1680,1564,1472,1685,1712,1456,1535,1713,1569,1535,1699,1564,1454,1698,1713,1457,1548,1701,1556,1556,1696,1559,1472,1683,1680,1497,1584,1655,1569,1587,1662,1567,1521,1648,1633,1559,1600,1610,1568,1605,1627,1591,1583,1602,1606,1586,1600,1590,1559,1607,1604,1584,1573,1599,1585,1601,1610,1575,1584,1606,1593,1601,1602,1584,1589,1610,1600,1595,1610,1584,1583,1619,1601,1584,1600,1600,1574,1614,1617,1573,1582,1622,1595,1585,1617,1585,1577,1617,1643,1576,1594,1604,1575,1597,1617,1582,1585,1615,1602,1595,1600,1595,1584,1623,1601,1579,1600,1602,1585,1611,1610,1584,1587,1615,1589,1593,1606,1587,1578,1599,1614,1553,1600,1612,1587,1603,1614,1596,1585,1611,1600,1590,1597,1600,1584,1601,1603,1595,1589,1603,1592,1597,1600,1594,1593,1600,1600,1597,1623,1595,1596,1599,1568,1600,1599,1600,1589,1600,1600,1587,1600,1599,1598,1601,1602,1599,1589,1600,1598,1588,1600,1608,1595,1587,1600,1592,1590,1589,1601,1589,1599,1601,1597,1600,1601,1599,1589,1600,1598,1586,1593,1600,1601,1591,1604,1599,1590,1597,1613,1587,1613,1610,1633,1590,1600,1601,1567,1603,1600,1585,1586,1612,1595,1586,1606,1596,1579,1611,1611,1584,1591,1604,1585,1595,1616,1569,1583,1616,1607,1577,1597,1600,1587,1600,1615,1584,1584,1607,1598,1585,1611,1591,1585,1610,1603,1585,1594,1600,1593,1600,1600,1586,1582,1605,1599,1598,1603,1594,1588,1600,1600,1590,1602,1594,1592,1603,1600,1589,1596,1600,1594,1600,1606,1589,1588,1611,1595,1594,1602,1590,1584,1606,1605,1589,1598,1602,1584,1600,1616,1587,1593,1606,1595,1587,1653,1595,1586,1591,1598,1589,1591,1602,1599,1593,1600,1597,1588,1600,1600,1585,1598,1601,1597,1597,1605,1591,1587,1601,1600,1595,1605,1595,1594,1600,1564,1589,1555,1601,1595,1597,1603,1591,1600,1600,1598,1597,1593,1597,1594,1594,1599,1591,1595,1600,1591,1601,1595,1584,1594,1599,1593,1615,1601,1595,1597,1616,1598,1590,1601,1598,1589,1602,1600,1584,1599,1602,1598,1597,1605,1591,1593,1605,1597,1587,1598,1600,1584,1597,1604,1590,1588,1600,1599,1594,1601,1596,1585
1614,1597,1594,1594,1604,1591,1590,1600,1594,1594,1600,1597,1593,1598,1599,1591,1594,1600,1594,1595,1597,1598,1597,1600,1600,1596,1595,1597,1594,1613,1591,1600,1597,1596,1600,1595,1600,1591,1600,1585,1584,1600,1568,1593,1616,1599,1600,1600,1605,1606,1584,1589,1605,1598,1589,1597,1600,1590,1585,1603,1601,1584,1590,1618,1581,1552,1648,1651,1487,1557,1724,1584,1493,1701,1587,1389,1763,1822,1280,1450,1961,1563,1344,1864,1573,1123,1960,2095,959,1288,2254,1511,1180,2112,1518,789,2200,2386,631,1152,2534,1439,1056,2352,1459,527,2376,2617,521,1144,2619,1357,1088,2438,1375,535,2386,2503,576,1232,2390,1299,1298,2342,1345,752,2180,2162,994,1472,1937,1329,1586,2016,1381,1271,1805,1675,1549,1724,1426,1427,1837,1607,1466,1814,1445,1221,2000,1911,1072,1541,1985,1295,1557,2155,1235,996,2209,1967,959,1622,1979,1175,1595,2228,1223,982,2169,1909,1037,1600,1931,1258,1559,2096,1355,1116,1989,1904,1200,1552,1869,1422,1497,1894,1510,1283,1787,1819,1360,1488,1777,1569,1472,1728,1622,1409,1670,1758,1457,1477,1726,1629,1488,1645,1635,1491,1622,1703,1523,1510,1671,1622,1547,1616,1616,1558,1606,1616,1569,1569,1616,1635,1591,1622,1582,1587,1607,1577,1600,1616,1574,1575,1628,1602,1575,1616,1600,1561,1643,1632,1535,1582,1634,1585,1566,1632,1583,1553,1633,1616,1506,1599,1636,1572,1568,1600,1610,1573,1611,1635,1561,1569,1644,1602,1533,1611,1646,1569,1605,1621,1597,1584,1605,1600,1581,1598,1605,1595,1587,1601,1600,1591,1600,1615,1584,1582,1621,1598,1575,1595,1613,1584,1602,1620,1577,1566,1631,1615,1566,1599,1612,1571,1591,1626,1581,1569,1619,1603,1573,1606,1595,1570,1609,1625,1577,1584,1614,1598,1584,1604,1599,1583,1601,1623,1529,1584,1607,1597,1589,1598,1602,1599,1588,1606,1597,1586,1600,1600,1589,1587,1605,1617,1585,1595,1598,1595,1602,1616,1582,1583,1616,1623,1584,1601,1600,1578,1605,1615,1582,1584,1606,1601,1584,1603,1552,1585,1593,1605,1599,1585,1600,1602,1594,1597,1645,1597,1594,1595,1602,1598,1591,1595,1602,1593,1600,1606,1587,1578,1609,1599,1579,1600,1606,1584,1602,1600,1584,1583,1616,1600,1578,1619,1603,1584,1600,1616,1585,1582,1611,1605,1585,1598,1602,1588,1600,1605,1595,1585,1613,1600,1614,1597,1600,1603,1617,1590,1606,1595,1587,1599,1597,1586,1611,1610,1582,1586,1613,1607,1586,1614,1587,1588,1613,1607,1574,1610,1616,1589,1591,1616,1582,1567,1616,1611,1574,1595,1609,1584,1599,1618,1581,1578,1611,1600,1589,1606,1611,1583,1600,1612,1591,1594,1599,1590,1572,1600,1595,1592,1598,1593,1600,1600,1590,1591,1600,1591,1598,1602,1586,1585,1602,1602,1585,1597,1594,1591,1600,1603,1587,1590,1603,1598,1570,1600,1594,1589,1647,1598,1589,1623,1600,1595,1595,1613,1597,1586,1606,1601,1595,1593,1595,1585,1600,1603,1584,1625,1601,1578,1599,1605,1589,1587,1611,1602,1587,1595,1598,1582,1610,1603,1605,1587,1616,1594,1584,1605,1607,1587,1622,1600,1584,1593,1600,1586,1597,1604,1585,1586,1603,1595,1595,1603,1594,1595,1600,1613,1595,1585,1597,1600,1591,1600,1587,1612,1600,1584,1590,1599,1587,1591,1597,1600,1590,1590,1597,1587,1599,1601,1590,1587,1586,1597,1593,1600,1598,1589,1614,1600
1596,1595,1591,1597,1591,1595,1593,1589,1594,1601,1590,1597,1578,1599,1603,1595,1591,1590,1561,1599,1595,1591,1596,1597,1582,1597,1597,1598,1594,1596,1599,1597,1589,1598,1600,1596,1601,1595,1589,1597,1600,1589,1594,1594,1605,1597,1586,1598,1595,1591,1590,1585,1599,1589,1600,1591,1593,1594,1600,1593,1585,1600,1601,1584,1598,1618,1581,1552,1648,1642,1474,1573,1712,1554,1533,1716,1535,1393,1804,1801,1264,1478,1917,1502,1429,1910,1463,1094,2035,2043,951,1376,2181,1409,1328,2176,1355,746,2316,2314,624,1290,2423,1311,1252,2404,1275,541,2448,2448,539,1280,2409,1231,1349,2452,1219,593,2384,2303,747,1408,2138,1235,1520,2246,1283,967,2060,1938,1222,1590,1725,1360,1675,1840,1459,1491,1605,1507,1774,1744,1307,1557,1797,1401,1640,1984,1237,1168,2137,1822,1081,1717,1798,1127,1772,2225,1083,1045,2242,1811,1057,1776,1807,1079,1781,2210,1135,1093,2132,1798,1130,1728,1766,1215,1667,2062,1310,1216,1942,1779,1282,1616,1771,1411,1564,1854,1491,1323,1766,1759,1395,1494,1757,1586,1488,1692,1611,1443,1653,1745,1469,1479,1734,1642,1474,1627,1655,1489,1613,1717,1527,1474,1696,1652,1506,1594,1653,1535,1577,1677,1557,1507,1676,1648,1520,1581,1648,1565,1574,1649,1584,1527,1639,1648,1535,1562,1648,1599,1555,1638,1600,1529,1623,1652,1527,1509,1664,1603,1551,1552,1603,1523,1542,1666,1600,1520,1631,1667,1519,1549,1664,1611,1552,1643,1598,1506,1631,1657,1529,1562,1648,1589,1579,1631,1584,1571,1618,1635,1566,1577,1617,1589,1583,1607,1600,1583,1594,1605,1606,1583,1647,1601,1574,1583,1623,1601,1578,1596,1630,1579,1600,1621,1571,1565,1627,1614,1563,1600,1611,1569,1604,1627,1570,1565,1632,1616,1570,1607,1600,1563,1602,1616,1584,1582,1603,1614,1584,1597,1607,1594,1584,1593,1610,1589,1586,1607,1596,1569,1618,1613,1565,1575,1626,1594,1567,1616,1597,1552,1622,1638,1551,1535,1646,1594,1565,1642,1594,1533,1621,1648,1552,1575,1643,1597,1570,1614,1596,1552,1616,1632,1561,1570,1626,1600,1574,1593,1598,1569,1601,1618,1579,1580,1616,1600,1583,1594,1609,1585,1587,1605,1600,1579,1601,1612,1584,1584,1623,1600,1569,1600,1603,1583,1600,1619,1579,1566,1619,1610,1573,1600,1607,1578,1597,1616,1575,1579,1614,1607,1580,1585,1602,1581,1597,1616,1585,1564,1601,1600,1588,1595,1597,1595,1594,1595,1601,1590,1578,1599,1584,1585,1602,1607,1564,1585,1616,1599,1591,1600,1590,1574,1607,1616,1579,1582,1616,1589,1584,1612,1591,1572,1612,1614,1575,1587,1611,1578,1595,1603,1584,1599,1607,1600,1590,1584,1600,1612,1600,1598,1589,1593,1600,1591,1596,1600,1593,1597,1597,1589,1595,1600,1586,1590,1629,1595,1587,1602,1594,1588,1634,1600,1584,1600,1601,1584,1601,1610,1584,1586,1601,1604,1584,1594,1618,1593,1593,1602,1584,1584,1602,1601,1563,1593,1591,1591,1596,1606,1589,1593,1602,1598,1598,1600,1600,1589,1600,1597,1598,1597,1594,1598,1598,1599,1590,1597,1599,1593,1602,1594,1594,1593,1602,1595,1606,1600,1573,1597,1602,1603,1573,1597,1601,1590,1613,1602,1591,1586,1613,1597,1602,1600,1602,1589,1603,1600,1584,1597,1600,1594,1600,1603,1585,1591,1604,1597,1589,1601,1595,1597,1607,1591,1589,1589,1599,1581,1600,1610,1588,1584
1600,1569,1600,1807,1609,1586,1822,1599,1571,1594,1589,1601,1594,1809,1590,1595,1807,1585,1594,1594,1590,1605,1599,1795,1601,1596,1786,1594,1594,1597,1597,1602,1599,1781,1600,1600,1771,1600,1593,1599,1591,1606,1591,1761,1611,1597,1600,1588,1596,1603,1559,1590,1570,1593,1584,1598,1601,1588,1584,1612,1603,1578,1597,1622,1565,1558,1665,1645,1479,1569,1711,1557,1521,1714,1535,1393,1797,1792,1269,1480,1915,1503,1424,1904,1471,1089,2032,2059,950,1354,2185,1407,1328,2176,1359,781,2306,2313,623,1276,2430,1311,1236,2422,1271,528,2484,2499,496,1232,2496,1247,1266,2492,1199,529,2432,2406,640,1328,2259,1251,1408,2304,1311,848,2106,2079,1119,1482,1853,1407,1566,1872,1520,1407,1600,1630,1725,1628,1393,1616,1695,1334,1767,2003,1111,1200,2230,1727,1070,1866,1739,943,1936,2376,837,990,2442,1741,960,1986,1739,799,1962,2448,839,976,2388,1733,1031,1944,1727,915,1877,2316,1019,1088,2201,1743,1157,1792,1747,1151,1716,2046,1286,1223,1950,1753,1296,1648,1759,1397,1577,1846,1491,1350,1760,1757,1408,1522,1746,1563,1495,1692,1615,1451,1669,1732,1479,1484,1715,1647,1450,1604,1666,1527,1573,1685,1563,1488,1667,1677,1493,1547,1687,1593,1515,1647,1615,1492,1629,1702,1500,1509,1710,1616,1487,1619,1650,1503,1612,1708,1505,1485,1717,1649,1474,1616,1649,1499,1617,1722,1647,1477,1630,1720,1485,1486,1711,1633,1491,1636,1616,1489,1650,1708,1521,1504,1685,1616,1518,1643,1614,1503,1634,1687,1526,1525,1669,1610,1533,1627,1617,1528,1638,1662,1548,1543,1654,1616,1531,1607,1621,1554,1593,1654,1559,1529,1655,1635,1520,1581,1648,1563,1581,1680,1558,1504,1661,1658,1518,1575,1656,1567,1584,1659,1573,1515,1656,1648,1526,1583,1643,1567,1581,1646,1563,1535,1607,1626,1567,1585,1629,1584,1574,1615,1595,1579,1595,1616,1586,1583,1602,1609,1583,1584,1616,1607,1566,1601,1609,1584,1592,1637,1579,1547,1627,1601,1564,1594,1620,1600,1583,1634,1581,1552,1629,1630,1552,1582,1633,1585,1570,1627,1594,1553,1616,1632,1607,1571,1651,1600,1568,1609,1610,1569,1599,1627,1573,1558,1627,1615,1555,1595,1619,1582,1587,1626,1581,1559,1627,1628,1555,1584,1639,1603,1576,1633,1586,1554,1622,1603,1562,1575,1625,1586,1577,1622,1588,1554,1613,1624,1564,1584,1614,1591,1573,1613,1600,1574,1616,1607,1590,1591,1602,1590,1597,1598,1598,1591,1587,1593,1600,1588,1586,1603,1593,1596,1603,1600,1582,1598,1606,1585,1584,1610,1585,1573,1611,1611,1556,1598,1607,1584,1615,1614,1586,1575,1600,1601,1584,1601,1600,1584,1601,1607,1588,1587,1622,1595,1588,1598,1596,1589,1609,1601,1591,1600,1588,1593,1600,1596,1593,1599,1589,1586,1600,1601,1587,1600,1599,1585,1600,1602,1584,1573,1606,1595,1598,1587,1604,1587,1595,1613,1587,1580,1606,1600,1583,1600,1599,1584,1599,1613,1583,1588,1603,1597,1585,1614,1591,1600,1606,1617,1590,1589,1601,1586,1599,1602,1594,1584,1601,1596,1598,1593,1594,1593,1606,1599,1586,1595,1602,1595,1599,1599,1586,1595,1599,1589,1599,1601,1585,1590,1605,1597,1594,1597,1591,1584,1604,1605,1584,1597,1605,1589,1596,1603,1586,1585,1605,1611,1589,1611,1595,1611,1594,1601,1586,1591,1601,1594,1594,1601,1590,1590,1600,1600
1603,1599,1598,1591,1579,1599,1585,1591,1600,1616,1597,1585,1609,1565,1579,1562,1600,1597,1597,1601,1605,1584,1606,1591,1588,1595,1585,1600,1596,1595,1597,1584,1602,1591,1584,1595,1595,1605,1588,1602,1602,1583,1609,1599,1611,1587,1595,1600,1583,1591,1600,1600,1584,1591,1602,1596,1594,1593,1599,1588,1597,1604,1585,1583,1616,1616,1555,1559,1662,1611,1519,1636,1633,1505,1635,1729,1439,1456,1825,1650,1357,1664,1709,1350,1704,1953,1242,1239,2109,1750,1136,1741,1805,1117,1796,2251,976,993,2416,1843,878,1856,1883,862,1880,2527,805,814,2552,1895,821,1904,1857,799,1912,2512,863,880,2390,1831,1025,1882,1765,1008,1792,2192,1219,1195,1937,1723,1392,1680,1675,1458,1522,1664,1741,1595,1356,1648,1795,1375,1600,2007,1258,1089,2220,1951,898,1600,2063,1137,1636,2374,1075,768,2450,2119,717,1588,2147,1059,1568,2458,1093,726,2388,2131,791,1540,2109,1159,1504,2304,1268,881,2160,2069,998,1443,2017,1387,1433,2004,1487,1131,1872,1959,1242,1408,1904,1583,1393,1758,1657,1338,1667,1854,1425,1391,1805,1695,1408,1600,1715,1485,1562,1751,1535,1433,1707,1728,1463,1543,1711,1585,1520,1664,1608,1493,1622,1690,1531,1520,1683,1633,1514,1597,1647,1558,1574,1665,1581,1515,1648,1664,1520,1552,1674,1594,1553,1637,1616,1518,1648,1674,1509,1530,1673,1600,1535,1637,1584,1514,1545,1672,1594,1511,1643,1664,1523,1563,1651,1587,1570,1643,1577,1535,1630,1639,1555,1579,1618,1596,1575,1616,1597,1575,1597,1616,1587,1579,1610,1615,1571,1585,1625,1601,1569,1609,1605,1559,1616,1637,1551,1559,1647,1571,1557,1677,1595,1526,1634,1651,1521,1568,1651,1585,1572,1648,1569,1520,1652,1648,1522,1579,1634,1569,1586,1652,1561,1526,1664,1631,1552,1587,1602,1568,1641,1633,1583,1555,1616,1627,1563,1582,1621,1595,1574,1606,1604,1578,1593,1638,1584,1569,1618,1638,1552,1590,1634,1584,1574,1670,1587,1553,1623,1648,1535,1567,1649,1597,1564,1625,1601,1535,1635,1647,1550,1554,1653,1599,1566,1617,1602,1548,1633,1648,1561,1561,1636,1604,1559,1609,1610,1568,1597,1636,1579,1565,1616,1616,1567,1590,1622,1589,1583,1612,1600,1562,1606,1618,1569,1571,1628,1602,1569,1603,1595,1574,1603,1633,1569,1561,1642,1614,1560,1600,1616,1571,1602,1632,1574,1558,1628,1613,1578,1599,1607,1581,1595,1616,1584,1574,1609,1605,1583,1594,1605,1591,1585,1604,1602,1599,1595,1609,1594,1563,1606,1622,1575,1534,1616,1575,1584,1615,1586,1566,1621,1615,1563,1587,1616,1584,1586,1625,1569,1564,1620,1616,1584,1595,1619,1579,1599,1621,1571,1572,1616,1609,1584,1600,1595,1584,1599,1616,1585,1587,1595,1599,1594,1600,1599,1600,1596,1590,1602,1613,1588,1599,1600,1594,1601,1648,1590,1589,1616,1599,1582,1602,1616,1598,1584,1601,1595,1579,1612,1615,1574,1579,1613,1591,1591,1614,1594,1575,1610,1612,1584,1586,1602,1587,1597,1602,1591,1584,1602,1599,1591,1591,1603,1590,1589,1600,1574,1593,1602,1600,1583,1590,1596,1597,1595,1595,1601,1598,1584,1597,1600,1589,1598,1600,1584,1586,1610,1600,1584,1605,1600,1584,1603,1605,1584,1599,1606,1605,1584,1598,1595,1582,1599,1613,1582,1589,1605,1591,1588,1605,1590,1585,1607,1599,1585,1593,1595,1593,1599,1601,1584,1597
1623,1595,1597,1600,1598,1597,1594,1584,1600,1614,1584,1598,1607,1597,1596,1600,1597,1589,1600,1606,1586,1598,1615,1596,1590,1600,1600,1593,1600,1616,1588,1610,1609,1600,1594,1597,1597,1589,1601,1605,1586,1588,1616,1600,1597,1600,1600,1604,1606,1594,1600,1591,1596,1600,1600,1593,1608,1600,1582,1593,1600,1603,1586,1584,1616,1602,1565,1596,1635,1578,1569,1652,1571,1504,1687,1713,1433,1520,1775,1555,1488,1748,1547,1323,1840,1858,1199,1434,1984,1511,1377,1953,1471,1053,2066,2118,903,1329,2235,1429,1285,2184,1395,771,2260,2320,700,1264,2353,1363,1281,2296,1335,694,2292,2305,759,1348,2207,1317,1410,2224,1341,891,2096,2055,1114,1490,1867,1389,1581,1909,1461,1351,1723,1665,1615,1647,1461,1563,1717,1478,1649,1860,1301,1271,2070,1760,1142,1728,1783,1139,1805,2204,1047,1072,2286,1783,1053,1838,1781,1007,1834,2288,1035,1070,2240,1775,1104,1808,1763,1107,1760,2156,1205,1158,2037,1759,1247,1683,1747,1329,1630,1913,1443,1328,1791,1735,1426,1568,1713,1546,1533,1680,1622,1495,1600,1680,1570,1506,1659,1671,1520,1532,1699,1617,1499,1620,1657,1521,1584,1709,1547,1471,1698,1697,1458,1548,1717,1582,1514,1682,1611,1463,1657,1735,1472,1491,1737,1635,1479,1638,1647,1499,1629,1748,1489,1477,1721,1651,1486,1619,1648,1502,1619,1703,1519,1498,1680,1631,1534,1616,1616,1527,1550,1666,1607,1520,1616,1616,1568,1581,1616,1591,1599,1605,1584,1585,1600,1588,1601,1613,1551,1589,1616,1584,1611,1625,1573,1561,1635,1616,1577,1600,1616,1570,1601,1646,1561,1557,1639,1615,1557,1613,1606,1558,1610,1639,1563,1560,1628,1600,1584,1613,1598,1573,1606,1610,1587,1587,1601,1595,1587,1595,1603,1598,1616,1591,1607,1600,1600,1601,1594,1584,1606,1613,1574,1587,1616,1596,1584,1607,1590,1571,1617,1616,1567,1604,1616,1591,1593,1618,1584,1558,1621,1617,1575,1588,1616,1584,1599,1616,1584,1578,1616,1616,1579,1595,1616,1585,1596,1613,1590,1570,1616,1610,1584,1590,1615,1584,1606,1607,1597,1580,1594,1603,1584,1587,1619,1600,1584,1607,1598,1582,1603,1614,1579,1584,1609,1604,1583,1600,1599,1581,1603,1614,1582,1584,1609,1607,1586,1600,1600,1581,1600,1613,1584,1567,1605,1599,1593,1600,1594,1595,1599,1599,1600,1597,1596,1594,1600,1595,1598,1605,1577,1584,1613,1605,1605,1600,1610,1580,1597,1620,1580,1574,1616,1603,1573,1600,1600,1571,1600,1621,1573,1578,1616,1599,1577,1603,1597,1562,1606,1615,1577,1561,1613,1595,1588,1600,1589,1584,1600,1603,1590,1589,1596,1598,1598,1593,1609,1599,1585,1595,1607,1589,1591,1610,1580,1584,1605,1610,1578,1595,1601,1587,1595,1614,1584,1581,1615,1607,1582,1597,1600,1584,1600,1617,1579,1601,1612,1583,1584,1600,1597,1583,1600,1604,1589,1596,1601,1598,1593,1599,1595,1601,1598,1575,1593,1595,1591,1600,1600,1600,1590,1595,1600,1595,1582,1601,1585,1586,1587,1600,1598,1600,1603,1584,1600,1605,1584,1587,1601,1600,1568,1601,1602,1584,1589,1603,1590,1589,1616,1594,1597,1600,1595,1584,1600,1600,1591,1598,1595,1591,1597,1595,1598,1594,1594,1594,1597,1587,1593,1584,1600,1584,1600,1615,1590,1579,1609,1598,1591,1600,1595,1585,1604,1601,1584,1595,1600,1591,1590,1604,1584,1590,1607,1600,1578,1597
1602,1597,1574,1594,1595,1598,1611,1606,1589,1580,1587,1597,1575,1597,1594,1597,1570,1610,1594,1582,1601,1595,1581,1600,1592,1600,1594,1607,1600,1580,1609,1595,1577,1591,1600,1594,1598,1604,1596,1575,1614,1600,1601,1590,1605,1605,1584,1593,1593,1597,1594,1599,1621,1591,1595,1600,1599,1589,1591,1600,1585,1585,1616,1613,1568,1568,1651,1616,1511,1600,1665,1533,1589,1712,1494,1435,1797,1715,1341,1584,1788,1437,1584,1896,1360,1221,2032,1878,1090,1582,1935,1285,1600,2178,1174,959,2306,2000,841,1619,2047,1085,1648,2414,1005,778,2456,2042,815,1697,1986,973,1776,2441,966,866,2380,1879,1007,1809,1755,1021,1852,2224,1103,1199,2025,1614,1424,1879,1457,1226,1880,1808,1367,1670,1571,1327,1872,1898,1202,1493,1855,1367,1649,2042,1201,1137,2160,1807,1111,1756,1762,1095,1830,2205,1063,1125,2205,1717,1170,1858,1679,1063,1852,2158,1136,1218,2080,1663,1280,1813,1649,1207,1760,1969,1307,1349,1862,1642,1422,1710,1630,1413,1663,1750,1478,1475,1693,1615,1533,1616,1602,1509,1610,1639,1573,1579,1604,1584,1611,1619,1554,1576,1641,1591,1578,1639,1571,1522,1647,1674,1471,1550,1712,1581,1491,1682,1587,1451,1695,1748,1424,1492,1765,1594,1481,1708,1600,1415,1705,1779,1408,1472,1781,1602,1475,1694,1607,1419,1682,1765,1424,1482,1748,1607,1507,1669,1616,1469,1648,1717,1488,1505,1616,1623,1543,1517,1664,1620,1523,1581,1648,1616,1565,1641,1599,1533,1633,1655,1535,1547,1664,1616,1531,1611,1623,1547,1621,1663,1552,1530,1662,1625,1563,1599,1639,1555,1590,1653,1506,1534,1641,1632,1552,1584,1634,1584,1579,1621,1602,1559,1606,1634,1569,1574,1632,1638,1555,1591,1629,1567,1584,1627,1591,1535,1629,1642,1535,1569,1648,1600,1556,1622,1603,1550,1616,1650,1519,1558,1651,1605,1548,1616,1634,1552,1600,1648,1551,1550,1648,1617,1552,1595,1629,1571,1586,1633,1585,1552,1623,1631,1558,1582,1635,1581,1567,1568,1607,1557,1607,1630,1566,1561,1642,1583,1555,1598,1618,1564,1586,1639,1573,1550,1639,1623,1561,1591,1631,1580,1590,1638,1577,1556,1620,1630,1561,1585,1693,1586,1586,1626,1585,1566,1616,1622,1567,1584,1618,1593,1579,1607,1611,1581,1600,1630,1584,1579,1617,1616,1569,1581,1616,1579,1584,1625,1587,1581,1613,1619,1573,1586,1616,1593,1584,1615,1595,1572,1616,1616,1574,1587,1616,1590,1593,1613,1591,1579,1603,1609,1587,1589,1601,1601,1595,1610,1598,1613,1597,1584,1601,1600,1597,1601,1599,1584,1603,1610,1579,1592,1611,1596,1587,1605,1587,1630,1611,1617,1577,1593,1611,1587,1597,1616,1583,1583,1618,1605,1587,1598,1606,1583,1605,1610,1582,1584,1599,1600,1582,1599,1598,1595,1601,1600,1594,1598,1596,1590,1600,1601,1599,1600,1597,1590,1609,1601,1584,1590,1606,1595,1575,1599,1616,1590,1600,1610,1584,1591,1609,1597,1587,1604,1600,1589,1600,1607,1585,1600,1601,1580,1595,1647,1593,1616,1605,1607,1593,1602,1602,1605,1601,1600,1595,1600,1595,1594,1601,1599,1594,1595,1604,1594,1583,1606,1593,1593,1600,1597,1584,1601,1594,1589,1614,1605,1584,1598,1603,1595,1591,1604,1588,1588,1602,1605,1586,1598,1600,1593,1598,1616,1589,1587,1603,1601,1597,1558,1597,1587,1600,1611,1595,1598,1597,1598,1603,1602,1587,1593,1585,1595
1599,1599,1595,1605,1586,1599,1600,1591,1594,1605,1596,1589,1600,1599,1593,1600,1601,1594,1600,1598,1590,1597,1597,1602,1595,1600,1593,1596,1564,1597,1598,1585,1598,1600,1589,1600,1600,1596,1599,1600,1598,1586,1595,1603,1600,1600,1591,1603,1595,1590,1600,1637,1591,1590,1600,1616,1591,1571,1601,1607,1584,1584,1611,1595,1584,1615,1597,1552,1630,1654,1514,1531,1723,1622,1449,1654,1659,1430,1675,1825,1331,1383,1946,1679,1249,1737,1711,1215,1796,2097,1081,1170,2248,1731,1060,1878,1744,927,1956,2400,799,957,2511,1751,912,2017,1727,722,2080,2544,699,948,2508,1651,1043,2124,1567,731,2138,2384,843,1196,2203,1471,1380,2102,1378,1005,2032,1959,1218,1600,1680,1298,1765,1935,1233,1459,1824,1403,1685,2018,1163,1186,2160,1719,1179,1877,1611,981,2032,2234,871,1192,2279,1515,1238,2121,1459,843,2144,2259,867,1293,2192,1435,1347,2112,1439,945,2036,2108,1059,1386,2003,1471,1398,1936,1503,1197,1840,1895,1319,1470,1831,1549,1505,1749,1581,1422,1679,1721,1497,1535,1659,1587,1573,1636,1581,1559,1623,1624,1579,1616,1584,1546,1646,1639,1520,1584,1653,1555,1584,1689,1533,1469,1726,1695,1424,1565,1729,1523,1550,1750,1518,1395,1766,1759,1344,1535,1763,1518,1535,1777,1515,1366,1774,1775,1386,1520,1761,1534,1529,1744,1551,1402,1726,1744,1429,1526,1723,1581,1526,1705,1708,1435,1520,1654,1605,1503,1621,1683,1527,1525,1670,1631,1520,1600,1648,1558,1579,1653,1579,1522,1648,1659,1527,1553,1663,1581,1562,1636,1591,1525,1632,1663,1546,1567,1646,1590,1571,1622,1597,1552,1615,1629,1574,1576,1617,1598,1585,1600,1605,1591,1584,1597,1610,1594,1587,1610,1598,1567,1617,1627,1556,1617,1642,1603,1566,1644,1600,1555,1633,1647,1535,1557,1654,1591,1556,1633,1599,1527,1631,1667,1525,1547,1655,1600,1557,1624,1595,1535,1623,1651,1547,1553,1648,1606,1543,1615,1617,1555,1584,1645,1567,1555,1647,1618,1552,1591,1623,1572,1584,1634,1584,1553,1627,1629,1554,1582,1636,1587,1571,1629,1598,1535,1617,1636,1558,1533,1635,1600,1568,1628,1613,1577,1616,1631,1567,1570,1623,1607,1578,1604,1601,1575,1604,1627,1531,1575,1616,1607,1569,1590,1619,1593,1584,1608,1625,1584,1604,1616,1579,1581,1616,1614,1577,1597,1615,1582,1599,1617,1581,1564,1620,1603,1570,1598,1615,1631,1597,1626,1584,1575,1626,1598,1574,1598,1608,1584,1599,1615,1589,1584,1605,1601,1598,1594,1617,1593,1606,1594,1598,1599,1587,1597,1597,1591,1612,1607,1590,1584,1617,1601,1574,1602,1603,1575,1601,1622,1580,1574,1623,1601,1582,1615,1597,1562,1608,1631,1581,1584,1616,1600,1594,1591,1601,1585,1602,1603,1589,1589,1605,1598,1599,1600,1600,1591,1597,1601,1600,1596,1594,1600,1599,1591,1606,1604,1587,1591,1583,1607,1589,1589,1613,1595,1601,1609,1611,1581,1609,1614,1583,1591,1607,1586,1595,1611,1587,1585,1615,1602,1594,1597,1590,1593,1599,1607,1594,1596,1599,1597,1599,1600,1587,1598,1600,1593,1599,1598,1587,1587,1600,1608,1589,1600,1597,1591,1605,1561,1586,1585,1606,1591,1594,1607,1593,1584,1609,1606,1584,1597,1600,1585,1600,1615,1573,1585,1595,1598,1591,1602,1587,1587,1605,1602,1589,1597,1603,1590,1600,1606,1589,1597,1601,1598,1595,1600,1595,1571
1597,1591,1593,1595,1477,1600,1600,1593,1613,1601,1616,1472,1604,1599,1470,1594,1598,1600,1598,1600,1600,1460,1600,1599,1475,1594,1600,1601,1597,1613,1600,1483,1600,1594,1470,1611,1595,1600,1593,1601,1593,1473,1602,1600,1598,1594,1599,1604,1591,1597,1588,1598,1601,1600,1590,1595,1578,1600,1595,1592,1593,1604,1590,1584,1616,1614,1552,1574,1658,1601,1521,1626,1629,1507,1638,1728,1442,1456,1822,1667,1360,1648,1709,1355,1708,1920,1239,1258,2100,1751,1131,1744,1791,1111,1809,2256,963,1005,2414,1827,899,1873,1840,843,1924,2531,775,830,2601,1840,851,1973,1779,747,2008,2538,775,937,2421,1703,1083,2016,1615,879,1992,2245,1038,1262,2007,1495,1485,1939,1419,1238,1856,1742,1470,1710,1460,1342,1930,1762,1298,1692,1665,1218,1865,2087,1044,1252,2178,1588,1245,2009,1517,923,2084,2229,887,1264,2221,1479,1290,2096,1471,931,2056,2169,989,1326,2096,1491,1353,1974,1530,1102,1874,1997,1232,1366,1893,1586,1427,1786,1607,1359,1687,1799,1459,1471,1713,1631,1514,1617,1633,1535,1590,1646,1593,1559,1596,1615,1587,1583,1584,1617,1602,1551,1626,1657,1520,1532,1697,1621,1486,1630,1661,1488,1609,1744,1487,1441,1771,1691,1407,1599,1715,1488,1593,1776,1475,1399,1791,1746,1392,1589,1726,1488,1584,1782,1494,1402,1759,1712,1431,1585,1690,1505,1585,1727,1531,1469,1679,1665,1562,1585,1656,1648,1535,1571,1626,1587,1578,1616,1603,1583,1594,1619,1594,1569,1616,1623,1559,1572,1638,1603,1535,1616,1605,1554,1588,1646,1553,1552,1643,1607,1561,1616,1603,1554,1613,1644,1559,1566,1633,1600,1571,1607,1604,1573,1600,1633,1585,1558,1616,1614,1584,1585,1621,1599,1580,1598,1614,1581,1595,1618,1584,1563,1632,1619,1552,1584,1632,1580,1589,1634,1573,1549,1641,1634,1548,1584,1637,1575,1586,1647,1579,1535,1648,1633,1535,1590,1631,1547,1584,1629,1583,1557,1633,1657,1551,1579,1634,1585,1575,1626,1598,1554,1605,1633,1563,1573,1631,1605,1566,1611,1614,1569,1600,1635,1570,1561,1633,1616,1563,1596,1623,1582,1559,1632,1589,1552,1638,1632,1552,1584,1628,1589,1577,1622,1591,1566,1616,1627,1569,1581,1623,1597,1581,1616,1602,1577,1604,1643,1586,1574,1611,1603,1581,1600,1616,1598,1582,1607,1606,1577,1602,1621,1574,1574,1623,1616,1569,1603,1623,1571,1616,1637,1573,1567,1630,1619,1551,1600,1615,1581,1594,1632,1575,1570,1621,1616,1574,1600,1612,1584,1597,1616,1591,1577,1609,1605,1589,1591,1610,1589,1588,1582,1605,1587,1591,1584,1593,1581,1609,1614,1579,1587,1617,1594,1587,1611,1595,1571,1616,1617,1565,1585,1627,1594,1593,1616,1584,1574,1616,1616,1577,1585,1607,1598,1596,1616,1591,1585,1603,1612,1586,1595,1602,1594,1598,1601,1595,1598,1591,1606,1598,1598,1591,1602,1602,1591,1598,1603,1587,1586,1611,1606,1584,1600,1605,1591,1599,1613,1584,1600,1613,1614,1584,1600,1600,1591,1600,1611,1589,1584,1608,1605,1573,1600,1600,1585,1584,1605,1587,1589,1607,1599,1595,1596,1594,1595,1595,1599,1599,1599,1591,1596,1599,1595,1599,1600,1587,1582,1604,1601,1588,1598,1599,1587,1600,1613,1584,1590,1605,1600,1589,1591,1600,1571,1605,1591,1588,1584,1611,1589,1594,1599,1595,1585,1602,1602,1586,1597,1600,1588,1597,1602,1598,1597
1584,1594,1586,1592,1599,1595,1584,1601,1603,1605,1611,1595,1600,1595,1598,1591,1593,1603,1600,1600,1619,1598,1580,1594,1600,1591,1593,1602,1596,1599,1600,1596,1600,1590,1594,1593,1596,1601,1587,1599,1605,1599,1600,1593,1596,1594,1587,1590,1600,1590,1589,1594,1599,1596,1591,1600,1597,1591,1588,1599,1605,1587,1590,1613,1583,1559,1647,1635,1511,1566,1687,1575,1527,1687,1565,1427,1754,1773,1325,1482,1871,1547,1431,1840,1509,1200,1942,1985,1055,1378,2106,1473,1328,2066,1431,950,2177,2220,779,1315,2302,1383,1298,2272,1319,703,2336,2313,686,1348,2261,1247,1444,2368,1169,731,2360,2141,861,1580,1975,1111,1730,2305,1071,1008,2206,1773,1216,1872,1535,1055,2016,2076,1050,1436,1940,1322,1648,2141,1143,1052,2214,1811,1114,1798,1679,1019,1948,2256,957,1184,2216,1583,1258,2004,1508,963,2022,2140,1031,1345,2042,1459,1445,1985,1454,1123,1910,1922,1253,1498,1798,1463,1578,1825,1471,1392,1744,1670,1504,1645,1579,1479,1684,1677,1495,1648,1619,1489,1664,1731,1438,1495,1759,1603,1473,1685,1619,1427,1680,1776,1424,1453,1775,1648,1424,1646,1694,1455,1600,1793,1479,1390,1789,1753,1353,1532,1793,1527,1514,1776,1565,1349,1755,1827,1367,1450,1840,1599,1424,1730,1631,1363,1689,1837,1405,1417,1808,1658,1424,1650,1675,1451,1610,1767,1502,1440,1727,1694,1459,1571,1707,1565,1487,1679,1703,1613,1498,1627,1651,1509,1594,1707,1531,1473,1699,1685,1470,1565,1698,1559,1545,1683,1583,1478,1670,1665,1488,1529,1693,1597,1524,1642,1616,1510,1616,1680,1531,1520,1657,1633,1526,1595,1665,1570,1584,1648,1581,1530,1618,1651,1535,1564,1655,1600,1546,1621,1615,1549,1601,1655,1553,1552,1647,1623,1546,1578,1631,1579,1584,1640,1589,1547,1623,1657,1550,1559,1643,1605,1556,1616,1606,1553,1609,1648,1557,1553,1648,1617,1530,1606,1623,1557,1612,1650,1555,1550,1647,1627,1550,1600,1617,1564,1600,1637,1567,1558,1630,1613,1565,1605,1606,1568,1600,1622,1580,1577,1611,1601,1585,1607,1594,1591,1598,1601,1593,1600,1589,1589,1603,1597,1586,1601,1601,1584,1586,1604,1602,1587,1613,1593,1591,1607,1584,1571,1616,1611,1572,1589,1604,1584,1595,1610,1581,1581,1609,1593,1582,1589,1595,1586,1601,1615,1583,1586,1609,1601,1596,1611,1587,1570,1609,1616,1584,1601,1597,1588,1600,1610,1580,1590,1602,1589,1594,1609,1593,1584,1611,1600,1589,1600,1605,1584,1612,1602,1585,1590,1600,1590,1600,1605,1584,1584,1605,1598,1590,1600,1593,1585,1606,1603,1586,1595,1600,1584,1600,1616,1583,1595,1607,1597,1590,1607,1590,1587,1614,1589,1584,1595,1600,1587,1600,1606,1585,1584,1613,1594,1589,1598,1582,1586,1597,1602,1601,1596,1584,1595,1585,1606,1600,1591,1600,1595,1593,1603,1584,1595,1603,1600,1584,1589,1604,1590,1593,1606,1584,1584,1605,1603,1587,1600,1602,1584,1599,1611,1583,1584,1606,1600,1585,1603,1594,1584,1603,1607,1583,1590,1607,1590,1597,1600,1591,1603,1604,1605,1599,1575,1594,1587,1603,1601,1589,1594,1600,1585,1598,1602,1585,1594,1605,1594,1586,1607,1595,1584,1600,1600,1583,1600,1607,1590,1600,1605,1585,1587,1605,1595,1590,1600,1595,1585,1606,1600,1584,1615,1600,1632,1598,1603,1587,1590,1598,1597,1595,1602,1589,1589,1585,1598
1595,1600,1581,1609,1598,1600,1596,1602,1595,1587,1600,1593,1587,1631,1600,1639,1593,1608,1597,1590,1600,1600,1584,1596,1590,1595,1600,1594,1601,1588,1599,1599,1591,1600,1599,1595,1598,1595,1599,1585,1605,1600,1589,1589,1601,1590,1599,1598,1599,1605,1587,1588,1599,1599,1591,1590,1600,1594,1589,1635,1616,1603,1566,1581,1616,1563,1595,1645,1552,1513,1706,1660,1445,1579,1723,1511,1566,1781,1459,1348,1871,1794,1223,1556,1882,1403,1572,1984,1325,1110,2112,1951,982,1552,2015,1242,1561,2244,1157,869,2354,2071,788,1600,2089,1071,1645,2436,1003,753,2476,2035,789,1717,1951,911,1812,2485,907,883,2394,1823,1033,1912,1663,903,2000,2283,943,1226,2128,1475,1472,2096,1335,993,2161,1959,1055,1648,1794,1143,1833,2194,1023,1154,2190,1647,1248,1970,1511,971,2054,2155,975,1360,2089,1422,1434,2048,1375,1053,2050,1983,1123,1469,1872,1360,1589,1980,1383,1234,1881,1763,1373,1633,1651,1422,1678,1776,1456,1510,1680,1553,1618,1713,1471,1491,1734,1601,1518,1699,1552,1399,1749,1750,1387,1525,1774,1535,1511,1751,1553,1403,1744,1783,1391,1487,1793,1585,1456,1710,1631,1410,1662,1802,1431,1415,1805,1691,1383,1611,1733,1465,1566,1802,1488,1370,1776,1763,1365,1531,1785,1523,1488,1768,1547,1377,1735,1779,1399,1495,1760,1584,1498,1702,1598,1441,1662,1730,1483,1505,1694,1617,1535,1616,1659,1635,1530,1584,1638,1584,1549,1618,1626,1550,1590,1648,1565,1521,1652,1651,1507,1570,1665,1583,1552,1642,1591,1501,1645,1681,1510,1535,1680,1616,1523,1633,1616,1530,1612,1675,1533,1520,1668,1635,1520,1595,1648,1552,1590,1664,1566,1514,1663,1655,1516,1569,1663,1575,1557,1647,1631,1520,1642,1661,1523,1553,1655,1591,1555,1634,1590,1543,1623,1649,1548,1552,1641,1603,1562,1603,1607,1510,1600,1634,1573,1575,1625,1596,1570,1600,1611,1579,1590,1616,1587,1568,1615,1614,1584,1585,1617,1585,1591,1616,1585,1569,1615,1607,1569,1594,1585,1587,1598,1611,1583,1578,1616,1602,1579,1600,1598,1579,1602,1615,1577,1585,1610,1587,1595,1608,1584,1575,1611,1605,1578,1600,1600,1578,1595,1616,1578,1581,1616,1600,1587,1603,1601,1571,1607,1607,1584,1591,1601,1584,1600,1611,1583,1584,1604,1600,1568,1600,1592,1584,1606,1605,1584,1595,1599,1584,1597,1616,1583,1584,1611,1593,1584,1594,1593,1580,1609,1614,1584,1587,1601,1584,1599,1585,1589,1584,1609,1595,1586,1599,1599,1584,1600,1600,1589,1595,1597,1588,1603,1600,1595,1591,1605,1591,1589,1600,1565,1589,1608,1597,1587,1600,1594,1584,1603,1602,1583,1594,1601,1593,1594,1606,1585,1568,1605,1600,1584,1603,1599,1583,1600,1615,1591,1595,1601,1591,1598,1602,1586,1585,1597,1600,1584,1600,1596,1586,1610,1602,1594,1593,1617,1587,1603,1600,1595,1585,1601,1617,1587,1591,1605,1589,1594,1599,1586,1584,1606,1600,1593,1600,1605,1584,1600,1605,1623,1585,1613,1595,1585,1600,1614,1586,1603,1597,1589,1598,1598,1584,1600,1600,1584,1590,1600,1600,1598,1597,1586,1574,1603,1587,1589,1595,1595,1587,1600,1614,1588,1587,1600,1587,1595,1601,1591,1586,1602,1597,1586,1599,1597,1588,1600,1601,1594,1596,1600,1587,1600,1600,1586,1591,1600,1598,1589,1600,1594,1584,1602,1589,1589,1595,1599,1587,1600,1603
1599,1597,1599,1454,1597,1587,1459,1605,1589,1621,1597,1590,1599,1463,1600,1594,1456,1598,1599,1598,1594,1600,1595,1463,1600,1594,1463,1595,1593,1595,1598,1600,1589,1467,1616,1595,1466,1595,1595,1599,1587,1600,1597,1456,1600,1595,1598,1607,1600,1601,1594,1611,1599,1609,1589,1561,1600,1596,1584,1587,1616,1600,1563,1594,1630,1582,1575,1648,1567,1502,1685,1685,1429,1531,1779,1552,1491,1754,1487,1337,1842,1849,1209,1456,1949,1489,1415,1944,1451,1083,2060,2064,943,1392,2166,1399,1360,2160,1331,813,2285,2233,717,1366,2279,1274,1392,2378,1190,663,2424,2240,687,1472,2171,1119,1585,2432,1051,755,2397,2031,896,1713,1829,1005,1856,2321,1001,1075,2211,1649,1288,1984,1447,976,2106,2082,994,1490,1935,1255,1680,2193,1107,1041,2234,1795,1104,1834,1680,1015,1936,2280,974,1168,2182,1584,1287,1993,1495,1011,2000,2102,1072,1378,1986,1455,1468,1976,1430,1161,1915,1879,1275,1552,1759,1424,1620,1854,1415,1391,1792,1650,1485,1684,1575,1423,1728,1730,1424,1565,1702,1500,1598,1770,1463,1429,1792,1701,1399,1616,1711,1450,1611,1801,1449,1379,1814,1730,1353,1598,1756,1459,1556,1826,1473,1328,1825,1793,1312,1517,1822,1503,1488,1812,1521,1310,1819,1838,1313,1475,1849,1535,1476,1790,1559,1338,1760,1826,1359,1472,1792,1579,1488,1736,1584,1398,1701,1760,1446,1502,1720,1590,1491,1675,1699,1605,1552,1633,1607,1527,1610,1653,1566,1561,1619,1606,1579,1587,1604,1599,1581,1590,1613,1611,1574,1616,1614,1590,1588,1620,1579,1566,1633,1611,1549,1586,1636,1582,1571,1639,1585,1533,1639,1651,1535,1563,1661,1591,1594,1638,1601,1520,1658,1664,1522,1552,1670,1599,1558,1638,1598,1526,1629,1654,1535,1554,1654,1599,1557,1622,1600,1535,1622,1641,1559,1586,1627,1600,1571,1616,1602,1573,1604,1621,1578,1573,1616,1605,1573,1600,1613,1586,1599,1611,1587,1573,1625,1614,1573,1593,1632,1591,1587,1609,1585,1573,1573,1616,1578,1591,1607,1583,1592,1616,1584,1579,1615,1607,1583,1600,1597,1585,1603,1616,1579,1586,1619,1589,1585,1611,1587,1571,1616,1613,1584,1595,1600,1579,1591,1616,1582,1573,1634,1600,1573,1603,1600,1581,1600,1616,1573,1578,1617,1600,1575,1602,1600,1577,1610,1616,1583,1587,1606,1597,1594,1600,1598,1584,1603,1603,1589,1594,1595,1600,1598,1649,1597,1589,1594,1585,1600,1572,1594,1619,1597,1589,1599,1609,1584,1591,1606,1593,1590,1601,1590,1586,1616,1603,1609,1591,1595,1589,1601,1605,1584,1584,1621,1599,1589,1600,1598,1586,1603,1599,1591,1590,1599,1590,1599,1600,1589,1579,1600,1578,1594,1602,1593,1629,1600,1617,1588,1609,1600,1621,1605,1604,1589,1589,1602,1589,1589,1604,1589,1585,1604,1603,1586,1599,1604,1584,1623,1603,1588,1584,1599,1595,1575,1601,1602,1591,1599,1602,1594,1590,1600,1595,1593,1600,1598,1585,1595,1599,1579,1599,1602,1584,1618,1600,1590,1587,1599,1596,1596,1600,1591,1584,1600,1604,1585,1598,1596,1591,1600,1595,1585,1587,1601,1616,1591,1616,1595,1574,1601,1601,1593,1600,1594,1616,1600,1600,1591,1597,1602,1591,1597,1599,1594,1589,1600,1598,1597,1598,1593,1587,1600,1603,1595,1591,1599,1586,1597,1600,1586,1585,1603,1598,1595,1607,1591,1585,1602,1612,1587,1595,1601,1590,1600,1601
1600,1587,1585,1601,1598,1603,1598,1615,1591,1584,1605,1599,1587,1595,1599,1587,1593,1603,1589,1588,1602,1600,1589,1597,1594,1590,1597,1603,1591,1587,1607,1595,1584,1584,1595,1594,1589,1609,1586,1588,1606,1600,1600,1585,1591,1602,1597,1596,1600,1617,1590,1595,1600,1590,1591,1583,1598,1599,1584,1599,1605,1584,1584,1616,1584,1551,1645,1652,1494,1546,1723,1599,1477,1677,1619,1415,1726,1824,1269,1409,1947,1618,1318,1796,1633,1175,1874,2093,1023,1219,2240,1634,1132,1968,1621,849,2072,2387,735,1062,2480,1611,1024,2161,1552,646,2244,2518,599,1069,2495,1463,1170,2304,1359,607,2344,2383,675,1319,2234,1247,1509,2348,1151,807,2317,2015,945,1704,1803,1053,1896,2268,959,1157,2192,1566,1332,2067,1361,923,2190,2105,929,1488,1990,1207,1648,2227,1123,970,2240,1879,1072,1748,1765,1099,1817,2181,1115,1175,2090,1671,1296,1838,1602,1175,1815,1969,1264,1406,1844,1552,1519,1801,1502,1362,1744,1734,1443,1598,1647,1479,1651,1734,1471,1504,1702,1584,1548,1679,1563,1478,1681,1693,1483,1554,1681,1584,1533,1657,1611,1495,1635,1675,1505,1531,1713,1648,1459,1605,1693,1510,1573,1738,1520,1424,1747,1733,1399,1545,1753,1531,1520,1756,1535,1392,1746,1763,1397,1521,1759,1558,1518,1732,1569,1417,1705,1728,1456,1521,1711,1557,1547,1674,1590,1489,1643,1665,1530,1554,1648,1614,1577,1600,1617,1617,1570,1584,1627,1602,1562,1600,1625,1579,1584,1611,1585,1552,1627,1641,1547,1581,1647,1600,1569,1615,1605,1554,1616,1639,1562,1563,1629,1612,1562,1601,1627,1574,1571,1623,1594,1563,1623,1630,1552,1568,1647,1600,1535,1610,1616,1563,1595,1648,1577,1551,1639,1629,1547,1587,1637,1575,1573,1653,1585,1523,1636,1662,1535,1565,1653,1584,1552,1629,1609,1519,1617,1682,1534,1545,1662,1616,1535,1607,1616,1543,1596,1664,1535,1527,1679,1627,1534,1603,1651,1552,1606,1653,1547,1549,1649,1618,1558,1605,1610,1565,1607,1629,1571,1575,1616,1604,1584,1614,1594,1584,1601,1600,1587,1601,1593,1584,1616,1600,1584,1600,1600,1590,1605,1616,1581,1573,1620,1598,1571,1610,1607,1573,1601,1626,1569,1581,1614,1591,1594,1613,1613,1575,1614,1611,1587,1590,1601,1595,1593,1599,1597,1589,1595,1597,1600,1593,1595,1599,1600,1584,1602,1605,1582,1594,1610,1593,1585,1607,1591,1578,1616,1616,1563,1585,1622,1591,1584,1616,1573,1579,1616,1610,1577,1597,1606,1584,1603,1610,1595,1579,1616,1600,1597,1600,1575,1584,1603,1611,1587,1593,1600,1587,1600,1600,1584,1597,1600,1579,1599,1600,1585,1590,1607,1598,1585,1616,1597,1579,1602,1595,1580,1590,1609,1589,1591,1603,1590,1584,1608,1603,1594,1591,1561,1587,1616,1602,1585,1595,1595,1595,1575,1603,1577,1586,1602,1600,1595,1598,1588,1590,1605,1603,1591,1584,1603,1600,1591,1598,1613,1590,1611,1612,1535,1590,1622,1597,1606,1603,1599,1579,1605,1600,1589,1594,1598,1591,1597,1603,1589,1588,1601,1599,1594,1587,1590,1571,1601,1601,1591,1600,1596,1591,1602,1602,1588,1594,1600,1592,1598,1600,1585,1588,1603,1600,1605,1599,1589,1585,1597,1607,1590,1588,1602,1595,1590,1602,1591,1587,1606,1600,1586,1600,1594,1589,1600,1603,1589,1597,1599,1590,1601,1589,1589,1601,1601,1599,1595,1599,1587,1568,1601,1601
1616,1595,1588,1595,1593,1596,1591,1589,1599,1591,1599,1595,1600,1584,1591,1600,1589,1600,1598,1584,1597,1595,1589,1590,1595,1593,1590,1603,1596,1584,1598,1586,1585,1595,1595,1593,1589,1594,1598,1594,1594,1591,1611,1597,1600,1590,1595,1604,1584,1590,1609,1598,1593,1594,1605,1589,1590,1593,1591,1593,1591,1600,1591,1580,1600,1619,1558,1566,1654,1634,1503,1593,1661,1535,1591,1724,1486,1451,1802,1723,1333,1611,1785,1437,1586,1911,1349,1214,2044,1860,1083,1588,1919,1259,1616,2186,1167,944,2314,2001,844,1624,2043,1072,1664,2419,991,775,2464,2032,791,1722,1953,945,1804,2454,927,878,2386,1831,1029,1884,1683,939,1952,2255,1005,1227,2071,1511,1456,2013,1339,1105,2042,1856,1218,1697,1618,1175,1943,2074,1057,1328,2033,1471,1449,2062,1311,1005,2154,2001,1007,1568,1920,1227,1665,2176,1183,1061,2126,1839,1159,1710,1744,1214,1738,2031,1277,1282,1909,1664,1410,1731,1590,1361,1716,1769,1454,1557,1648,1520,1644,1683,1481,1532,1677,1552,1608,1714,1483,1460,1749,1653,1463,1637,1661,1456,1646,1756,1483,1459,1747,1648,1487,1616,1666,1517,1583,1702,1567,1479,1668,1692,1477,1515,1724,1626,1466,1623,1672,1495,1593,1744,1501,1439,1749,1690,1411,1581,1722,1499,1566,1777,1513,1415,1744,1723,1425,1559,1705,1527,1565,1719,1535,1459,1691,1683,1487,1570,1664,1570,1562,1648,1634,1535,1566,1617,1619,1583,1574,1613,1618,1574,1598,1628,1567,1552,1648,1632,1550,1584,1633,1570,1570,1647,1587,1525,1664,1647,1554,1571,1654,1589,1564,1633,1599,1535,1618,1646,1552,1553,1646,1616,1547,1601,1623,1574,1584,1647,1579,1545,1641,1649,1533,1578,1649,1599,1557,1628,1600,1532,1630,1657,1535,1552,1659,1602,1552,1617,1612,1548,1606,1648,1555,1552,1647,1618,1549,1591,1632,1571,1584,1633,1594,1531,1626,1638,1549,1572,1649,1609,1553,1629,1606,1568,1612,1649,1552,1535,1649,1630,1545,1584,1621,1558,1600,1641,1564,1547,1641,1622,1549,1597,1622,1570,1591,1627,1584,1558,1611,1616,1568,1584,1611,1595,1582,1602,1602,1582,1581,1611,1596,1577,1607,1613,1575,1583,1619,1600,1574,1600,1602,1574,1599,1626,1573,1562,1627,1605,1568,1609,1613,1598,1595,1629,1584,1551,1621,1611,1573,1593,1606,1584,1597,1611,1587,1581,1593,1603,1584,1595,1604,1596,1581,1595,1600,1594,1584,1600,1611,1586,1597,1609,1581,1581,1616,1606,1573,1598,1606,1578,1596,1609,1582,1521,1623,1630,1571,1601,1612,1552,1598,1611,1584,1568,1615,1614,1580,1600,1601,1585,1594,1610,1590,1585,1598,1600,1575,1597,1604,1600,1589,1595,1601,1599,1579,1594,1595,1585,1616,1610,1587,1580,1614,1603,1575,1600,1601,1583,1601,1615,1583,1575,1613,1594,1578,1621,1601,1595,1600,1611,1584,1584,1603,1637,1591,1566,1597,1584,1595,1599,1591,1595,1599,1595,1598,1599,1585,1595,1600,1597,1597,1606,1584,1584,1606,1603,1579,1600,1600,1586,1606,1614,1596,1581,1614,1602,1629,1598,1603,1586,1599,1616,1584,1584,1599,1600,1583,1600,1594,1587,1606,1601,1594,1598,1600,1595,1595,1600,1594,1599,1595,1584,1601,1602,1584,1586,1599,1584,1597,1605,1585,1588,1607,1590,1585,1600,1600,1570,1598,1613,1584,1584,1616,1599,1587,1602,1593,1583,1619,1607,1585,1591,1600,1595,1585,1601,1614,1591
1599,1600,1598,1601,1599,1600,1598,1579,1616,1591,1552,1605,1597,1598,1598,1616,1602,1581,1609,1595,1584,1600,1595,1596,1597,1609,1599,1585,1605,1598,1583,1600,1597,1599,1600,1606,1600,1579,1614,1599,1581,1591,1599,1601,1593,1610,1610,1627,1587,1589,1602,1599,1600,1600,1600,1595,1599,1605,1596,1591,1603,1602,1584,1599,1616,1596,1579,1616,1616,1552,1622,1668,1510,1507,1751,1659,1388,1615,1727,1456,1614,1846,1377,1303,1980,1793,1161,1620,1879,1281,1632,2135,1174,991,2304,1987,852,1648,2047,1055,1668,2464,951,709,2597,2125,622,1680,2143,887,1712,2640,851,625,2626,2095,686,1760,2011,875,1792,2537,959,819,2368,1919,1008,1792,1790,1075,1772,2160,1232,1234,1920,1661,1463,1744,1546,1405,1712,1673,1573,1696,1451,1439,1856,1691,1364,1712,1639,1293,1812,1972,1183,1333,2032,1604,1325,1872,1595,1135,1889,2058,1143,1319,2041,1596,1313,1861,1619,1183,1804,1997,1247,1342,1949,1643,1353,1760,1675,1328,1682,1885,1401,1378,1829,1695,1399,1632,1713,1456,1596,1789,1501,1413,1754,1723,1436,1618,1709,1527,1578,1724,1534,1467,1710,1687,1479,1589,1648,1545,1594,1696,1552,1512,1680,1637,1534,1623,1613,1532,1637,1671,1525,1552,1663,1600,1563,1641,1594,1549,1639,1658,1547,1573,1647,1590,1577,1632,1600,1552,1623,1647,1570,1584,1638,1606,1570,1604,1621,1584,1591,1633,1637,1559,1581,1637,1593,1549,1638,1653,1535,1564,1659,1599,1561,1643,1593,1545,1644,1661,1535,1535,1649,1587,1582,1645,1581,1550,1644,1642,1557,1590,1621,1583,1601,1632,1578,1571,1627,1611,1594,1612,1605,1584,1605,1616,1594,1600,1605,1585,1612,1613,1584,1594,1616,1597,1598,1616,1588,1581,1616,1614,1584,1601,1609,1591,1600,1625,1595,1584,1605,1618,1585,1591,1612,1601,1586,1603,1606,1593,1602,1616,1595,1575,1626,1614,1569,1596,1622,1591,1648,1625,1584,1570,1631,1621,1558,1598,1622,1582,1602,1637,1575,1563,1645,1619,1568,1598,1621,1573,1603,1635,1577,1567,1634,1618,1575,1613,1607,1583,1609,1626,1581,1587,1617,1600,1585,1612,1601,1584,1606,1614,1597,1598,1607,1595,1594,1605,1595,1598,1617,1600,1614,1602,1603,1598,1601,1603,1594,1603,1599,1598,1603,1605,1599,1598,1602,1596,1600,1614,1600,1578,1600,1598,1603,1602,1598,1594,1601,1600,1603,1603,1601,1591,1620,1600,1597,1600,1604,1590,1627,1610,1586,1591,1616,1595,1600,1614,1593,1584,1601,1607,1589,1600,1606,1585,1600,1619,1584,1590,1619,1600,1591,1610,1594,1586,1615,1612,1584,1602,1607,1591,1607,1607,1586,1587,1607,1589,1599,1572,1599,1603,1604,1607,1591,1600,1597,1594,1603,1607,1597,1594,1600,1597,1607,1603,1590,1593,1614,1602,1587,1606,1578,1586,1578,1605,1587,1599,1600,1594,1605,1605,1586,1595,1612,1600,1595,1609,1605,1593,1601,1613,1596,1587,1584,1604,1600,1603,1600,1590,1610,1603,1587,1591,1602,1603,1599,1611,1597,1591,1602,1604,1594,1603,1598,1595,1603,1606,1599,1597,1603,1606,1601,1610,1594,1601,1600,1590,1594,1602,1597,1600,1603,1600,1590,1600,1602,1598,1605,1600,1596,1594,1602,1600,1583,1602,1600,1596,1582,1606,1593,1599,1600,1594,1600,1607,1594,1597,1605,1600,1596,1605,1595,1593,1611,1601,1595,1597,1594,1584,1600,1610,1591,1585,1609,1590,1596,1606
1595,1595,1605,1588,1587,1596,1601,1595,1587,1602,1591,1585,1600,1599,1589,1595,1594,1600,1596,1601,1591,1593,1591,1619,1599,1600,1594,1594,1591,1584,1598,1586,1590,1599,1594,1595,1603,1590,1593,1591,1595,1587,1598,1600,1600,1588,1571,1601,1600,1590,1565,1600,1600,1593,1597,1597,1585,1598,1600,1593,1587,1600,1601,1584,1595,1616,1575,1554,1654,1641,1488,1534,1707,1563,1522,1705,1550,1406,1785,1787,1280,1529,1905,1497,1417,1898,1487,1136,2005,2018,976,1394,2155,1405,1328,2164,1375,805,2280,2279,655,1300,2407,1297,1232,2384,1311,579,2392,2395,581,1312,2379,1235,1316,2410,1279,658,2292,2243,821,1410,2112,1283,1463,2144,1391,1073,1921,1893,1326,1568,1695,1483,1599,1681,1626,1616,1415,1479,1877,1639,1286,1744,1691,1195,1833,2114,1031,1179,2260,1671,1088,1942,1698,911,1946,2320,903,1088,2325,1653,1082,1974,1695,935,1890,2252,1041,1152,2163,1680,1182,1838,1727,1151,1712,2041,1317,1264,1906,1719,1335,1641,1741,1435,1547,1792,1561,1395,1689,1743,1456,1491,1744,1634,1455,1616,1713,1514,1552,1714,1565,1453,1691,1712,1457,1518,1722,1595,1488,1656,1639,1487,1610,1712,1521,1485,1693,1665,1482,1584,1682,1565,1546,1686,1584,1479,1663,1690,1485,1514,1699,1597,1514,1658,1611,1488,1648,1699,1490,1518,1703,1599,1535,1650,1602,1493,1633,1680,1509,1550,1662,1578,1521,1655,1632,1565,1601,1651,1555,1535,1648,1616,1562,1616,1593,1549,1622,1642,1546,1571,1619,1582,1593,1631,1567,1552,1647,1614,1565,1602,1597,1564,1613,1625,1567,1584,1610,1591,1596,1618,1584,1585,1601,1594,1594,1607,1584,1553,1611,1597,1590,1600,1584,1535,1619,1607,1569,1599,1600,1576,1603,1616,1555,1573,1623,1600,1570,1605,1600,1568,1611,1616,1573,1583,1602,1587,1607,1600,1590,1585,1591,1593,1602,1600,1584,1595,1601,1584,1597,1618,1580,1569,1625,1606,1566,1598,1605,1568,1604,1630,1557,1563,1637,1609,1557,1606,1590,1553,1582,1641,1559,1558,1623,1610,1564,1603,1607,1571,1599,1623,1577,1567,1621,1615,1563,1585,1637,1584,1583,1612,1597,1569,1607,1616,1574,1572,1621,1606,1566,1618,1610,1579,1594,1623,1573,1568,1628,1592,1561,1593,1615,1573,1593,1630,1575,1559,1623,1616,1564,1589,1611,1583,1591,1615,1578,1573,1621,1606,1551,1593,1590,1587,1596,1600,1591,1586,1562,1594,1595,1590,1591,1600,1585,1584,1613,1602,1566,1595,1610,1574,1593,1632,1575,1568,1623,1613,1568,1601,1615,1571,1600,1621,1571,1565,1622,1603,1573,1600,1600,1573,1602,1616,1584,1573,1607,1600,1584,1598,1598,1584,1586,1600,1594,1592,1591,1596,1607,1589,1607,1600,1584,1587,1610,1595,1584,1602,1586,1575,1603,1608,1569,1584,1607,1584,1584,1598,1584,1546,1613,1619,1572,1612,1605,1583,1600,1610,1575,1574,1600,1615,1580,1581,1605,1598,1587,1600,1596,1586,1593,1585,1586,1606,1591,1590,1595,1598,1595,1584,1591,1590,1598,1597,1586,1599,1600,1584,1595,1600,1586,1582,1608,1596,1584,1599,1593,1579,1597,1605,1579,1585,1602,1593,1584,1600,1588,1584,1599,1570,1584,1618,1603,1584,1588,1600,1587,1593,1603,1600,1583,1598,1593,1590,1598,1600,1586,1590,1594,1614,1595,1600,1589,1585,1597,1591,1597,1599,1585,1589,1597,1593,1583,1600,1595,1579,1600,1599,1578,1585
1584,1584,1584,1589,1553,1572,1584,1567,1586,1602,1581,1552,1597,1579,1567,1583,1582,1578,1581,1599,1584,1561,1597,1582,1559,1578,1591,1582,1544,1598,1595,1559,1582,1585,1559,1579,1585,1581,1571,1598,1583,1559,1593,1584,1585,1582,1583,1599,1580,1574,1589,1587,1578,1589,1584,1593,1580,1584,1584,1582,1584,1587,1569,1573,1610,1598,1529,1566,1650,1583,1507,1617,1601,1479,1648,1723,1391,1443,1834,1629,1356,1696,1648,1287,1752,1969,1152,1249,2128,1679,1124,1832,1703,1007,1906,2292,841,1008,2460,1727,894,1995,1743,693,2052,2596,627,832,2636,1731,842,2092,1695,611,2102,2593,679,917,2470,1655,1036,2056,1621,817,1952,2279,1023,1195,2029,1597,1364,1825,1582,1290,1655,1758,1580,1535,1467,1597,1712,1483,1588,1854,1319,1211,2080,1850,1015,1603,1936,1201,1618,2236,1106,891,2321,2000,843,1622,2001,1089,1616,2344,1099,846,2292,1999,889,1600,1983,1163,1558,2208,1245,969,2090,1957,1088,1517,1909,1361,1482,1959,1451,1184,1842,1867,1281,1456,1821,1529,1452,1744,1584,1360,1674,1772,1437,1458,1714,1619,1481,1620,1617,1501,1585,1664,1552,1523,1616,1632,1557,1568,1600,1585,1557,1573,1615,1589,1531,1582,1618,1552,1564,1639,1553,1501,1664,1647,1475,1558,1662,1535,1565,1665,1535,1471,1671,1660,1474,1566,1648,1526,1581,1667,1519,1483,1670,1627,1499,1594,1605,1509,1531,1674,1583,1510,1667,1648,1513,1535,1631,1572,1569,1632,1553,1518,1632,1616,1526,1583,1604,1550,1588,1629,1552,1545,1616,1603,1559,1584,1595,1552,1581,1607,1574,1567,1595,1595,1569,1571,1604,1585,1561,1581,1598,1567,1579,1614,1555,1545,1616,1610,1535,1583,1606,1556,1584,1634,1545,1525,1634,1611,1531,1590,1606,1535,1594,1631,1546,1549,1624,1583,1549,1597,1595,1552,1583,1614,1568,1557,1597,1590,1571,1584,1575,1584,1573,1583,1594,1581,1575,1586,1585,1562,1594,1609,1562,1562,1616,1592,1561,1596,1603,1550,1599,1616,1581,1553,1618,1591,1552,1599,1589,1551,1596,1616,1552,1555,1613,1595,1555,1593,1591,1563,1587,1605,1570,1551,1600,1599,1565,1584,1595,1565,1571,1595,1584,1570,1586,1599,1570,1558,1605,1594,1559,1580,1603,1571,1578,1600,1568,1554,1603,1600,1552,1578,1607,1572,1581,1600,1575,1552,1599,1600,1566,1581,1588,1569,1583,1602,1578,1559,1590,1597,1579,1585,1584,1559,1584,1592,1584,1584,1572,1575,1587,1581,1571,1585,1582,1567,1598,1594,1569,1578,1598,1567,1584,1600,1586,1560,1599,1589,1555,1591,1604,1558,1592,1603,1558,1568,1599,1581,1582,1600,1573,1557,1607,1598,1563,1585,1589,1571,1586,1595,1573,1564,1593,1585,1583,1593,1578,1558,1592,1584,1575,1584,1583,1575,1587,1588,1581,1582,1587,1569,1584,1591,1571,1577,1567,1577,1578,1599,1571,1563,1598,1589,1571,1584,1595,1587,1575,1588,1546,1568,1585,1595,1534,1580,1593,1581,1580,1595,1575,1569,1593,1584,1575,1584,1585,1566,1584,1586,1574,1568,1584,1567,1585,1593,1573,1575,1587,1581,1581,1584,1573,1566,1590,1589,1574,1564,1584,1583,1589,1600,1569,1570,1594,1583,1574,1587,1579,1567,1587,1598,1569,1573,1589,1579,1579,1589,1579,1571,1584,1584,1582,1584,1585,1574,1581,1590,1578,1581,1581,1584,1584,1587,1574,1583,1585,1584,1584,1584,1581,1577,1584,1581,1581,1584
1569,1545,1563,1553,1613,1552,1552,1491,1573,1554,1506,1552,1552,1554,1553,1572,1553,1507,1565,1561,1507,1555,1552,1553,1550,1562,1552,1520,1567,1552,1511,1546,1552,1555,1548,1569,1552,1510,1569,1557,1515,1551,1557,1552,1552,1573,1553,1555,1535,1550,1554,1550,1535,1559,1555,1549,1552,1554,1549,1555,1558,1552,1531,1557,1566,1552,1533,1578,1550,1514,1591,1616,1455,1456,1680,1583,1427,1605,1595,1361,1662,1776,1279,1353,1903,1615,1245,1715,1638,1167,1780,2047,1019,1143,2195,1663,1030,1860,1659,871,1962,2352,783,935,2478,1691,874,1984,1683,679,2017,2509,658,884,2474,1655,945,2025,1615,715,1989,2369,847,1056,2192,1591,1192,1896,1559,1045,1776,1968,1283,1351,1725,1555,1501,1616,1553,1535,1447,1455,1804,1664,1227,1554,1789,1323,1562,1989,1211,1058,2118,1865,947,1579,1907,1139,1586,2195,1119,909,2194,1920,917,1580,1911,1151,1556,2148,1209,974,2067,1879,1058,1510,1863,1303,1475,1940,1393,1155,1831,1830,1246,1448,1787,1485,1418,1719,1566,1333,1632,1749,1411,1393,1706,1627,1395,1556,1664,1463,1488,1694,1503,1392,1664,1669,1424,1490,1670,1534,1475,1637,1551,1431,1602,1655,1456,1475,1643,1562,1483,1599,1572,1467,1572,1616,1497,1510,1606,1589,1499,1554,1581,1482,1552,1597,1521,1510,1585,1574,1517,1554,1567,1522,1553,1585,1529,1521,1584,1559,1520,1562,1584,1511,1527,1574,1527,1503,1583,1582,1499,1551,1570,1521,1553,1594,1517,1508,1598,1570,1522,1571,1555,1511,1584,1597,1518,1522,1589,1535,1520,1584,1520,1504,1590,1573,1519,1559,1554,1511,1572,1588,1509,1525,1582,1535,1545,1587,1521,1511,1588,1558,1517,1555,1558,1511,1566,1581,1510,1523,1578,1552,1529,1572,1535,1517,1573,1574,1521,1549,1567,1535,1549,1569,1535,1535,1559,1558,1550,1551,1552,1552,1535,1551,1559,1558,1535,1558,1562,1559,1549,1565,1527,1549,1580,1569,1518,1547,1574,1523,1549,1595,1520,1507,1590,1555,1511,1579,1570,1518,1554,1594,1515,1515,1585,1572,1514,1553,1552,1522,1535,1584,1535,1520,1589,1570,1520,1547,1573,1535,1505,1569,1551,1527,1555,1573,1531,1533,1568,1555,1520,1551,1565,1535,1535,1574,1535,1522,1580,1585,1515,1535,1575,1547,1535,1584,1535,1525,1574,1578,1522,1535,1575,1533,1543,1571,1551,1520,1565,1568,1535,1544,1579,1543,1597,1563,1554,1534,1563,1555,1557,1552,1554,1552,1549,1545,1560,1552,1533,1552,1556,1535,1552,1567,1534,1520,1573,1577,1522,1554,1565,1533,1558,1608,1525,1530,1575,1555,1529,1559,1554,1530,1558,1570,1527,1534,1567,1552,1530,1558,1530,1535,1545,1555,1554,1550,1568,1549,1562,1552,1552,1552,1547,1535,1562,1553,1546,1552,1552,1533,1558,1567,1533,1535,1569,1586,1535,1571,1552,1526,1566,1559,1535,1546,1570,1531,1547,1568,1567,1545,1558,1565,1535,1527,1569,1558,1535,1552,1555,1547,1551,1562,1546,1546,1549,1552,1547,1554,1552,1553,1535,1553,1557,1551,1552,1552,1554,1552,1543,1558,1543,1549,1561,1555,1551,1555,1557,1535,1552,1565,1534,1535,1551,1550,1535,1571,1546,1533,1559,1557,1535,1546,1559,1535,1549,1561,1547,1530,1568,1563,1546,1556,1555,1557,1552,1574,1535,1535,1555,1531,1543,1557,1549,1547,1554,1552,1548,1549,1552,1547,1557,1553,1555,1552,1548,1548,1559,1552
1553,1557,1553,1552,1520,1552,1551,1553,1557,1565,1557,1526,1566,1526,1521,1554,1545,1558,1553,1561,1558,1528,1562,1547,1521,1552,1498,1556,1553,1563,1552,1531,1556,1550,1525,1552,1552,1561,1553,1562,1555,1534,1556,1552,1555,1556,1552,1555,1552,1552,1561,1562,1547,1525,1563,1535,1552,1563,1552,1557,1552,1568,1552,1575,1565,1579,1510,1520,1616,1575,1463,1562,1622,1478,1549,1683,1419,1387,1770,1677,1280,1560,1753,1366,1545,1893,1294,1155,2032,1826,999,1568,1927,1181,1552,2192,1103,867,2326,1975,718,1600,2085,977,1568,2458,965,660,2477,2067,647,1648,2061,895,1628,2470,951,733,2372,1939,839,1692,1879,999,1648,2212,1157,1045,1994,1731,1264,1665,1635,1296,1617,1756,1462,1485,1498,1509,1712,1577,1393,1666,1550,1278,1793,1879,1108,1340,2011,1490,1275,1941,1482,997,1957,2067,955,1296,2096,1443,1264,2018,1477,965,1928,2054,1035,1301,2009,1467,1298,1883,1535,1107,1773,1932,1223,1331,1856,1562,1352,1706,1615,1315,1613,1783,1411,1381,1713,1625,1398,1553,1663,1456,1493,1668,1535,1419,1621,1648,1443,1475,1662,1568,1466,1596,1589,1466,1569,1651,1490,1472,1632,1602,1475,1552,1600,1510,1547,1612,1527,1488,1597,1588,1502,1547,1584,1531,1549,1588,1506,1513,1573,1584,1518,1535,1581,1549,1547,1576,1548,1523,1577,1568,1522,1552,1573,1534,1557,1581,1523,1521,1535,1559,1565,1519,1595,1552,1524,1584,1561,1497,1597,1589,1495,1535,1588,1531,1549,1601,1519,1501,1606,1586,1500,1546,1571,1509,1574,1633,1507,1506,1601,1558,1522,1582,1552,1501,1584,1595,1503,1535,1584,1544,1557,1588,1525,1523,1595,1574,1523,1559,1549,1529,1555,1578,1518,1535,1564,1555,1559,1562,1547,1547,1565,1557,1551,1557,1552,1554,1553,1563,1551,1553,1551,1556,1555,1559,1550,1568,1546,1525,1568,1567,1533,1557,1565,1535,1557,1571,1525,1534,1586,1553,1527,1568,1546,1520,1574,1584,1520,1530,1587,1551,1534,1578,1563,1513,1582,1585,1513,1532,1586,1546,1543,1579,1546,1516,1583,1584,1519,1543,1577,1549,1546,1573,1549,1526,1568,1567,1532,1549,1568,1550,1549,1562,1559,1535,1557,1562,1535,1547,1574,1558,1535,1553,1552,1550,1552,1562,1552,1535,1567,1565,1534,1551,1563,1552,1571,1567,1552,1535,1568,1563,1547,1551,1563,1549,1554,1567,1535,1552,1568,1553,1552,1559,1549,1527,1564,1564,1550,1553,1554,1532,1562,1566,1546,1552,1559,1550,1557,1568,1549,1532,1573,1562,1545,1557,1555,1535,1565,1577,1543,1535,1573,1552,1552,1573,1550,1531,1567,1571,1534,1558,1561,1535,1555,1567,1549,1535,1565,1553,1552,1552,1557,1558,1560,1569,1554,1552,1553,1553,1558,1562,1552,1563,1551,1551,1565,1559,1535,1559,1557,1535,1558,1569,1547,1535,1572,1557,1527,1557,1562,1535,1575,1568,1535,1552,1571,1580,1535,1555,1567,1552,1550,1565,1551,1546,1583,1559,1552,1557,1558,1550,1559,1561,1520,1552,1559,1557,1557,1555,1590,1552,1557,1558,1557,1558,1553,1552,1555,1552,1552,1560,1554,1554,1555,1564,1550,1553,1554,1545,1558,1570,1548,1599,1555,1561,1551,1555,1552,1546,1553,1565,1552,1552,1563,1554,1553,1562,1552,1550,1558,1557,1550,1560,1557,1532,1556,1567,1550,1553,1562,1552,1554,1563,1550,1552,1562,1568,1553,1557,1554,1542,1567,1566,1535,1553
1531,1546,1553,1535,1535,1509,1563,1341,1515,1546,1344,1534,1550,1555,1545,1511,1558,1329,1520,1535,1343,1549,1543,1553,1547,1514,1553,1339,1520,1546,1345,1546,1548,1535,1535,1517,1559,1343,1517,1543,1345,1544,1535,1557,1555,1549,1535,1535,1554,1533,1546,1552,1546,1531,1535,1552,1548,1535,1556,1546,1520,1535,1579,1543,1513,1567,1558,1495,1567,1614,1459,1461,1682,1600,1381,1568,1648,1408,1578,1779,1328,1280,1907,1689,1149,1607,1776,1264,1628,2064,1103,1010,2222,1841,874,1664,1899,967,1697,2384,861,740,2500,1955,663,1728,1959,791,1776,2552,771,663,2534,1919,736,1800,1853,787,1804,2437,875,855,2270,1766,1046,1778,1666,1023,1744,2047,1215,1248,1795,1582,1463,1681,1488,1423,1598,1523,1629,1681,1295,1406,1851,1523,1353,1796,1463,1113,1920,1971,986,1325,2047,1421,1310,1989,1411,930,2004,2067,943,1304,2069,1406,1321,1975,1439,987,1910,2007,1063,1312,1964,1487,1309,1830,1549,1149,1739,1898,1248,1319,1840,1594,1330,1664,1629,1325,1595,1791,1391,1341,1733,1659,1375,1548,1667,1433,1529,1715,1424,1371,1687,1664,1378,1517,1649,1481,1516,1666,1487,1416,1648,1630,1441,1526,1601,1488,1552,1637,1489,1456,1627,1584,1472,1559,1569,1488,1573,1616,1483,1497,1605,1553,1499,1584,1550,1489,1585,1616,1486,1503,1607,1535,1520,1585,1527,1481,1567,1601,1486,1509,1584,1544,1477,1501,1611,1543,1497,1587,1547,1481,1584,1612,1472,1506,1611,1533,1511,1600,1522,1462,1613,1605,1460,1535,1601,1508,1535,1617,1483,1467,1623,1584,1533,1559,1583,1477,1573,1621,1476,1488,1616,1552,1504,1584,1531,1473,1596,1609,1476,1520,1595,1520,1533,1601,1515,1479,1600,1633,1491,1549,1571,1529,1561,1594,1504,1501,1584,1567,1502,1555,1563,1514,1552,1582,1517,1515,1583,1559,1482,1535,1553,1527,1533,1572,1546,1516,1571,1572,1505,1530,1580,1534,1523,1573,1534,1501,1578,1582,1495,1520,1585,1548,1520,1575,1535,1488,1580,1582,1501,1520,1584,1498,1525,1573,1533,1501,1576,1580,1505,1530,1568,1535,1535,1572,1527,1520,1568,1563,1522,1546,1558,1526,1552,1562,1527,1533,1554,1552,1533,1555,1534,1550,1552,1551,1535,1555,1543,1535,1555,1551,1526,1550,1553,1535,1550,1552,1533,1533,1553,1554,1532,1549,1554,1535,1544,1553,1535,1535,1550,1552,1546,1548,1523,1551,1534,1546,1559,1547,1535,1552,1519,1532,1561,1554,1524,1535,1557,1535,1535,1567,1535,1518,1565,1565,1520,1545,1559,1526,1551,1569,1525,1519,1567,1551,1520,1534,1552,1535,1556,1579,1520,1521,1567,1543,1533,1558,1545,1528,1557,1559,1527,1535,1552,1535,1527,1552,1549,1534,1573,1547,1553,1552,1558,1535,1552,1547,1549,1544,1547,1535,1548,1547,1543,1552,1535,1530,1558,1551,1527,1535,1550,1531,1549,1575,1527,1535,1554,1554,1527,1535,1562,1535,1535,1555,1545,1524,1552,1555,1529,1535,1552,1535,1546,1557,1534,1532,1556,1555,1535,1552,1545,1535,1552,1557,1531,1546,1552,1546,1548,1552,1535,1535,1553,1547,1545,1552,1534,1535,1552,1552,1546,1550,1565,1535,1550,1558,1545,1531,1552,1550,1535,1550,1549,1533,1552,1552,1531,1546,1549,1556,1535,1555,1535,1533,1552,1552,1535,1535,1535,1535,1553,1551,1535,1547,1550,1535,1546,1552,1545,1542,1549,1543,1548,1550,1552,1531
1557,1562,1572,1566,1550,1535,1590,1571,1568,1570,1562,1566,1575,1584,1562,1535,1581,1570,1547,1568,1571,1569,1566,1582,1563,1567,1581,1584,1546,1535,1575,1550,1562,1595,1567,1552,1582,1571,1543,1554,1574,1566,1566,1581,1582,1578,1563,1567,1569,1566,1571,1577,1566,1559,1573,1574,1557,1571,1578,1571,1554,1573,1584,1557,1553,1596,1560,1514,1609,1604,1463,1514,1697,1582,1439,1629,1611,1401,1673,1793,1299,1359,1922,1630,1263,1728,1652,1178,1792,2061,1040,1154,2217,1679,1043,1866,1695,891,1944,2369,759,938,2496,1713,880,1996,1719,691,2028,2528,687,887,2502,1675,947,2048,1635,719,2008,2401,839,1048,2242,1611,1177,1936,1586,1023,1808,2042,1243,1328,1792,1570,1473,1670,1584,1488,1508,1557,1725,1627,1327,1587,1737,1379,1597,1917,1279,1168,2068,1813,1055,1616,1855,1187,1616,2147,1141,997,2152,1874,991,1632,1875,1147,1616,2149,1195,1021,2101,1857,1072,1601,1835,1247,1584,2000,1321,1155,1920,1794,1235,1573,1761,1389,1547,1830,1447,1314,1756,1727,1381,1532,1690,1487,1535,1694,1527,1436,1648,1651,1491,1550,1600,1535,1581,1607,1554,1524,1625,1585,1561,1579,1558,1555,1584,1569,1559,1594,1558,1531,1600,1596,1521,1573,1600,1550,1568,1661,1534,1513,1619,1600,1515,1573,1587,1535,1584,1618,1520,1519,1618,1579,1533,1594,1558,1513,1609,1606,1517,1552,1596,1535,1518,1616,1581,1518,1593,1623,1501,1523,1623,1566,1552,1616,1554,1497,1616,1621,1501,1552,1616,1531,1559,1630,1523,1500,1627,1600,1505,1577,1588,1520,1573,1619,1520,1522,1611,1584,1530,1582,1581,1527,1581,1603,1551,1535,1594,1578,1549,1583,1583,1552,1567,1584,1567,1573,1585,1587,1551,1547,1591,1556,1553,1579,1578,1535,1585,1587,1550,1552,1589,1569,1552,1581,1573,1550,1584,1582,1533,1569,1580,1555,1622,1582,1552,1561,1583,1564,1571,1582,1552,1548,1594,1584,1545,1573,1573,1549,1583,1600,1531,1549,1602,1566,1535,1590,1572,1533,1589,1582,1522,1550,1603,1568,1547,1595,1565,1527,1591,1598,1519,1551,1600,1566,1552,1584,1559,1535,1593,1591,1547,1555,1575,1567,1566,1584,1569,1551,1578,1580,1555,1565,1581,1565,1562,1578,1573,1562,1566,1553,1567,1570,1569,1575,1566,1553,1573,1565,1566,1567,1564,1565,1580,1571,1557,1567,1574,1562,1569,1582,1574,1553,1543,1573,1583,1572,1565,1557,1589,1579,1562,1565,1584,1561,1565,1579,1558,1557,1581,1574,1555,1569,1567,1558,1574,1582,1554,1561,1578,1562,1568,1581,1554,1558,1584,1571,1554,1574,1565,1557,1591,1583,1555,1563,1555,1561,1571,1578,1553,1559,1584,1578,1562,1572,1569,1553,1572,1584,1562,1563,1576,1564,1571,1578,1569,1561,1572,1562,1565,1571,1562,1567,1570,1573,1570,1569,1567,1557,1575,1583,1563,1566,1566,1574,1577,1581,1561,1570,1584,1575,1557,1563,1582,1559,1571,1578,1558,1557,1578,1579,1563,1572,1571,1554,1573,1582,1555,1551,1574,1563,1560,1597,1568,1535,1576,1597,1562,1567,1571,1564,1570,1575,1563,1565,1574,1571,1563,1571,1570,1563,1584,1572,1569,1569,1565,1559,1577,1568,1552,1566,1574,1566,1567,1575,1561,1566,1580,1572,1559,1570,1569,1559,1575,1563,1558,1568,1579,1535,1565,1574,1559,1562,1577,1552,1559,1570,1568,1565,1575,1577,1561,1565,1577,1565,1571,1574,1584,1563
1573,1570,1574,1570,1515,1567,1575,1567,1578,1584,1568,1522,1587,1565,1527,1567,1568,1565,1567,1585,1571,1521,1580,1575,1534,1559,1568,1571,1563,1583,1569,1535,1584,1573,1531,1557,1571,1567,1558,1584,1569,1530,1584,1575,1575,1559,1571,1584,1565,1564,1579,1568,1563,1573,1584,1565,1559,1576,1584,1563,1575,1578,1552,1556,1596,1584,1518,1554,1631,1562,1498,1618,1584,1456,1645,1712,1383,1434,1817,1605,1349,1680,1625,1247,1758,1942,1126,1243,2116,1647,1133,1840,1663,963,1936,2283,803,1012,2444,1667,910,2030,1679,659,2092,2583,587,841,2626,1675,853,2128,1635,575,2138,2603,619,933,2464,1597,1040,2098,1567,767,1984,2276,983,1194,2033,1535,1357,1817,1548,1271,1675,1781,1519,1522,1488,1565,1683,1488,1574,1796,1331,1244,2017,1808,1059,1600,1881,1202,1616,2186,1109,939,2272,1934,891,1632,1951,1078,1628,2286,1093,879,2253,1949,922,1608,1930,1151,1579,2181,1226,991,2080,1905,1085,1538,1872,1309,1508,1960,1403,1180,1849,1830,1265,1488,1779,1474,1476,1757,1535,1353,1680,1729,1424,1483,1680,1565,1504,1629,1586,1481,1598,1635,1525,1523,1600,1584,1557,1561,1579,1579,1535,1552,1611,1584,1516,1574,1599,1531,1573,1630,1518,1497,1649,1607,1487,1584,1610,1483,1583,1664,1489,1482,1653,1610,1488,1600,1584,1486,1614,1661,1472,1501,1651,1567,1520,1629,1535,1474,1548,1644,1520,1475,1649,1597,1487,1575,1611,1503,1584,1652,1503,1489,1643,1595,1507,1592,1582,1502,1595,1627,1515,1523,1625,1571,1533,1594,1623,1524,1582,1603,1552,1535,1589,1584,1545,1560,1589,1569,1547,1581,1579,1555,1583,1598,1532,1535,1614,1582,1526,1580,1585,1529,1585,1614,1520,1525,1663,1584,1520,1585,1552,1525,1577,1611,1527,1535,1602,1574,1522,1584,1571,1547,1581,1584,1559,1556,1559,1581,1568,1567,1571,1578,1555,1563,1586,1571,1550,1573,1574,1552,1581,1595,1535,1545,1600,1579,1535,1583,1584,1507,1579,1615,1535,1534,1610,1583,1528,1590,1588,1535,1567,1602,1552,1533,1600,1584,1531,1563,1591,1557,1544,1596,1562,1535,1583,1595,1532,1552,1578,1574,1529,1582,1578,1552,1571,1598,1550,1535,1597,1584,1530,1569,1589,1552,1559,1600,1554,1522,1600,1610,1533,1535,1589,1564,1565,1600,1555,1527,1593,1591,1533,1569,1586,1554,1568,1590,1556,1545,1583,1585,1562,1563,1580,1562,1556,1577,1554,1560,1563,1575,1567,1559,1573,1583,1557,1559,1575,1578,1559,1577,1571,1553,1573,1585,1552,1555,1593,1565,1554,1575,1571,1550,1579,1589,1550,1547,1586,1591,1563,1584,1566,1550,1584,1580,1554,1567,1577,1561,1567,1573,1559,1567,1573,1563,1567,1573,1562,1571,1568,1562,1560,1578,1557,1555,1582,1569,1559,1584,1567,1551,1584,1584,1552,1557,1584,1558,1567,1585,1554,1543,1589,1584,1552,1571,1591,1574,1551,1578,1569,1553,1579,1574,1553,1563,1578,1573,1561,1572,1567,1563,1578,1589,1559,1557,1570,1552,1565,1563,1568,1561,1567,1587,1571,1567,1565,1566,1568,1570,1573,1573,1558,1563,1577,1571,1565,1570,1553,1557,1577,1575,1551,1567,1579,1565,1595,1582,1563,1557,1582,1581,1554,1571,1574,1556,1569,1584,1560,1552,1582,1572,1558,1589,1568,1559,1575,1575,1558,1568,1573,1565,1570,1559,1562,1565,1571,1566,1569,1572,1564,1562,1579,1573,1563,1569
1567,1566,1568,1571,1434,1567,1563,1571,1577,1578,1568,1439,1581,1566,1442,1574,1566,1571,1566,1581,1573,1452,1573,1566,1442,1567,1565,1572,1562,1583,1571,1453,1580,1566,1428,1563,1572,1569,1569,1578,1568,1451,1582,1569,1571,1567,1574,1578,1555,1562,1572,1567,1564,1571,1546,1567,1567,1571,1567,1564,1571,1579,1555,1556,1589,1584,1520,1562,1625,1557,1519,1614,1566,1485,1654,1742,1392,1456,1789,1580,1392,1712,1583,1279,1775,1907,1152,1307,2061,1586,1217,1858,1586,999,1964,2199,847,1131,2335,1583,1037,2060,1575,709,2132,2459,639,989,2487,1559,1008,2160,1511,625,2164,2453,679,1088,2342,1483,1172,2128,1461,807,2028,2206,1007,1292,1968,1455,1438,1892,1463,1235,1733,1739,1488,1570,1498,1491,1696,1553,1520,1738,1406,1287,1914,1791,1145,1556,1847,1279,1602,2064,1191,1053,2141,1867,1008,1620,1871,1167,1625,2150,1183,1035,2101,1856,1081,1612,1831,1233,1584,2029,1319,1151,1925,1813,1228,1535,1779,1403,1500,1813,1489,1311,1718,1759,1381,1457,1742,1581,1430,1637,1633,1433,1577,1721,1472,1415,1709,1671,1413,1548,1680,1500,1525,1689,1520,1419,1680,1679,1435,1520,1666,1527,1526,1641,1525,1457,1654,1644,1472,1546,1633,1525,1558,1645,1522,1486,1626,1611,1500,1567,1616,1522,1584,1627,1518,1511,1625,1588,1520,1584,1584,1510,1598,1629,1503,1519,1630,1579,1535,1599,1632,1506,1520,1601,1574,1502,1603,1631,1499,1525,1631,1561,1535,1612,1552,1495,1630,1619,1499,1552,1589,1534,1552,1633,1515,1495,1641,1600,1497,1595,1587,1505,1600,1638,1488,1514,1637,1573,1523,1613,1556,1488,1621,1644,1488,1521,1629,1509,1552,1606,1531,1503,1620,1615,1502,1559,1602,1531,1565,1618,1545,1511,1615,1598,1520,1570,1594,1535,1583,1600,1550,1525,1590,1591,1530,1559,1594,1557,1552,1591,1565,1530,1585,1594,1534,1552,1598,1562,1549,1587,1569,1535,1588,1611,1527,1552,1602,1574,1548,1586,1568,1553,1584,1603,1530,1552,1598,1565,1551,1597,1562,1534,1589,1595,1535,1555,1586,1558,1549,1589,1552,1535,1583,1582,1552,1567,1583,1555,1583,1584,1556,1552,1575,1571,1559,1570,1558,1567,1579,1570,1558,1571,1567,1559,1573,1580,1559,1583,1571,1567,1565,1575,1556,1563,1581,1569,1562,1568,1569,1555,1554,1578,1562,1555,1574,1571,1565,1567,1573,1572,1559,1568,1577,1567,1568,1574,1565,1558,1581,1578,1552,1563,1583,1565,1559,1583,1562,1552,1582,1584,1546,1563,1584,1559,1567,1588,1556,1573,1591,1573,1535,1574,1577,1551,1573,1591,1552,1549,1583,1572,1559,1579,1572,1551,1581,1579,1555,1562,1584,1559,1555,1575,1552,1559,1569,1569,1574,1575,1563,1562,1575,1569,1562,1572,1559,1559,1573,1579,1557,1569,1569,1558,1573,1583,1555,1551,1576,1570,1565,1565,1566,1559,1575,1581,1555,1574,1577,1571,1563,1577,1563,1559,1575,1569,1565,1569,1569,1563,1572,1569,1559,1552,1574,1566,1567,1580,1562,1565,1579,1573,1556,1570,1574,1555,1569,1578,1553,1561,1582,1569,1561,1574,1570,1553,1573,1575,1562,1565,1586,1559,1584,1575,1564,1561,1579,1570,1557,1566,1571,1561,1574,1580,1561,1555,1577,1565,1562,1568,1570,1566,1571,1595,1566,1554,1569,1565,1571,1582,1559,1562,1569,1566,1572,1571,1563,1561,1568,1567,1566,1569,1563,1565,1583,1567,1564,1569
1559,1552,1533,1553,1562,1523,1558,1551,1526,1553,1552,1557,1553,1569,1559,1529,1566,1552,1531,1553,1546,1562,1553,1568,1559,1534,1561,1552,1529,1549,1555,1561,1553,1568,1563,1527,1559,1554,1529,1535,1553,1557,1559,1562,1557,1566,1552,1552,1562,1552,1551,1563,1531,1550,1562,1564,1605,1551,1569,1557,1535,1552,1587,1556,1520,1563,1587,1521,1550,1616,1500,1465,1677,1637,1391,1526,1703,1467,1515,1757,1417,1284,1866,1775,1152,1492,1881,1359,1472,1980,1287,1008,2126,1975,867,1467,2071,1202,1456,2258,1135,735,2353,2143,663,1456,2161,1101,1474,2389,1082,671,2368,2121,749,1512,2029,1103,1552,2276,1157,907,2112,1915,1095,1534,1755,1281,1594,1898,1407,1330,1652,1613,1583,1589,1458,1579,1578,1393,1725,1824,1173,1328,2001,1575,1240,1844,1535,1010,1942,2133,903,1185,2199,1521,1184,1984,1489,879,2034,2199,917,1175,2160,1527,1204,1936,1558,983,1856,2084,1094,1237,1991,1601,1265,1752,1645,1223,1653,1883,1351,1301,1787,1659,1350,1572,1686,1459,1493,1708,1535,1392,1636,1705,1424,1452,1699,1597,1429,1590,1632,1457,1557,1680,1495,1425,1659,1648,1457,1520,1638,1523,1511,1621,1561,1467,1587,1642,1488,1490,1621,1586,1488,1569,1600,1509,1547,1614,1526,1486,1615,1654,1486,1520,1618,1545,1520,1600,1552,1490,1600,1619,1489,1515,1611,1554,1521,1589,1552,1503,1567,1600,1557,1535,1567,1593,1546,1550,1564,1559,1552,1558,1555,1569,1535,1551,1583,1563,1530,1563,1568,1520,1572,1599,1520,1518,1600,1565,1517,1586,1568,1502,1587,1613,1494,1517,1602,1552,1520,1597,1551,1494,1598,1611,1493,1522,1603,1549,1531,1614,1552,1499,1584,1600,1515,1535,1591,1553,1535,1579,1555,1525,1582,1584,1531,1533,1575,1558,1561,1566,1584,1534,1567,1583,1530,1534,1585,1571,1526,1557,1569,1535,1563,1584,1532,1535,1585,1567,1522,1565,1571,1529,1561,1587,1531,1526,1583,1564,1535,1562,1559,1549,1572,1590,1533,1550,1577,1583,1551,1570,1552,1535,1565,1564,1550,1561,1557,1550,1570,1564,1551,1554,1554,1552,1569,1567,1535,1552,1573,1555,1505,1573,1550,1535,1574,1571,1534,1553,1575,1549,1555,1578,1543,1527,1583,1573,1533,1554,1569,1531,1561,1580,1545,1534,1578,1568,1549,1571,1564,1551,1555,1567,1557,1547,1570,1563,1546,1554,1569,1553,1550,1566,1553,1546,1563,1574,1551,1535,1571,1569,1525,1559,1569,1547,1562,1577,1535,1535,1584,1567,1526,1567,1568,1529,1562,1584,1535,1530,1584,1561,1535,1549,1563,1589,1570,1577,1533,1526,1577,1561,1548,1568,1551,1545,1566,1568,1534,1555,1562,1552,1553,1562,1552,1554,1552,1554,1559,1558,1561,1556,1552,1547,1568,1572,1552,1550,1573,1552,1552,1563,1552,1546,1576,1559,1534,1552,1568,1552,1555,1552,1547,1545,1570,1567,1549,1554,1561,1552,1552,1561,1557,1552,1562,1561,1555,1557,1553,1577,1566,1557,1552,1530,1554,1550,1565,1564,1548,1552,1565,1552,1555,1566,1551,1549,1565,1565,1550,1559,1561,1547,1563,1571,1547,1535,1574,1565,1566,1559,1524,1549,1561,1567,1547,1551,1530,1554,1552,1559,1559,1552,1563,1559,1549,1555,1563,1555,1555,1563,1554,1553,1565,1553,1557,1557,1552,1547,1563,1558,1552,1535,1559,1535,1567,1559,1543,1558,1559,1557,1559,1566,1546,1554,1568,1554,1552,1565,1569,1545
1559,1559,1555,1565,1554,1546,1570,1566,1552,1555,1568,1555,1571,1562,1559,1550,1562,1561,1551,1559,1559,1558,1555,1564,1553,1556,1559,1567,1552,1581,1557,1545,1558,1552,1562,1553,1557,1576,1552,1553,1580,1554,1557,1554,1569,1571,1552,1552,1565,1559,1556,1563,1563,1554,1564,1565,1557,1552,1495,1568,1555,1551,1591,1569,1520,1554,1611,1530,1521,1615,1533,1454,1664,1675,1361,1469,1776,1526,1408,1731,1520,1274,1822,1895,1104,1344,2032,1515,1262,1929,1483,946,2048,2183,778,1194,2320,1447,1129,2172,1423,631,2258,2429,550,1088,2475,1395,1133,2290,1357,551,2304,2411,593,1184,2307,1327,1272,2240,1329,757,2108,2134,976,1385,1915,1351,1498,1936,1399,1247,1741,1680,1509,1596,1445,1457,1712,1488,1529,1778,1338,1235,1982,1790,1095,1600,1823,1195,1656,2128,1103,1007,2195,1834,976,1686,1811,1073,1697,2196,1095,1003,2149,1807,1069,1672,1790,1168,1621,2058,1264,1145,1930,1776,1233,1562,1747,1387,1506,1806,1489,1328,1696,1723,1404,1467,1707,1582,1433,1600,1632,1462,1509,1682,1466,1421,1650,1680,1414,1494,1686,1553,1472,1635,1581,1433,1610,1681,1467,1467,1682,1597,1489,1579,1607,1488,1555,1635,1522,1487,1612,1609,1500,1535,1609,1554,1521,1588,1577,1520,1569,1605,1525,1495,1597,1555,1519,1559,1584,1571,1559,1586,1549,1522,1583,1583,1535,1549,1573,1561,1550,1566,1569,1552,1535,1548,1589,1578,1526,1559,1584,1535,1558,1609,1520,1509,1618,1589,1489,1561,1599,1515,1569,1629,1499,1488,1639,1599,1488,1579,1545,1494,1595,1643,1488,1488,1634,1584,1490,1584,1578,1488,1598,1637,1488,1497,1631,1573,1511,1591,1568,1498,1587,1616,1507,1519,1606,1583,1520,1575,1573,1520,1571,1577,1531,1529,1584,1575,1533,1562,1583,1546,1553,1587,1551,1528,1583,1589,1520,1547,1600,1553,1555,1581,1563,1527,1554,1589,1531,1553,1584,1549,1552,1583,1559,1523,1581,1575,1535,1555,1575,1554,1558,1589,1553,1552,1570,1562,1553,1578,1561,1553,1571,1574,1559,1568,1552,1554,1568,1566,1549,1562,1568,1549,1566,1582,1535,1535,1584,1571,1535,1569,1562,1535,1575,1592,1530,1533,1589,1569,1534,1590,1566,1553,1579,1595,1527,1534,1591,1574,1546,1575,1561,1535,1573,1590,1545,1535,1584,1569,1535,1620,1571,1558,1558,1583,1552,1543,1574,1581,1535,1552,1581,1558,1552,1577,1566,1527,1568,1584,1596,1535,1603,1566,1549,1579,1558,1534,1584,1589,1527,1543,1587,1559,1543,1579,1566,1535,1577,1582,1547,1552,1576,1550,1557,1567,1562,1557,1565,1563,1562,1549,1554,1579,1566,1559,1559,1570,1553,1554,1571,1559,1551,1570,1552,1535,1572,1584,1526,1550,1584,1563,1535,1583,1557,1531,1577,1580,1531,1549,1578,1555,1553,1583,1555,1549,1576,1569,1547,1553,1574,1555,1558,1562,1558,1547,1565,1570,1574,1558,1567,1557,1562,1559,1561,1566,1554,1554,1571,1562,1549,1565,1570,1566,1565,1564,1551,1557,1577,1575,1552,1593,1562,1549,1565,1584,1547,1544,1583,1566,1553,1568,1563,1549,1566,1574,1557,1555,1572,1556,1571,1567,1555,1552,1584,1567,1566,1559,1563,1555,1554,1566,1561,1563,1562,1552,1569,1562,1552,1554,1563,1557,1565,1571,1552,1552,1573,1565,1553,1566,1565,1549,1569,1570,1551,1550,1578,1558,1553,1570,1560,1543,1584,1571,1553,1557,1568,1553
1561,1554,1527,1557,1552,1552,1565,1567,1558,1523,1569,1553,1529,1553,1553,1568,1565,1552,1563,1523,1565,1552,1535,1561,1553,1562,1553,1567,1561,1535,1566,1557,1535,1553,1559,1558,1557,1559,1551,1527,1567,1557,1526,1557,1552,1565,1554,1568,1567,1574,1552,1551,1568,1553,1552,1562,1565,1552,1552,1562,1568,1545,1552,1584,1535,1516,1609,1603,1457,1524,1671,1535,1478,1650,1525,1387,1714,1748,1271,1431,1855,1513,1371,1804,1488,1151,1898,1975,1007,1310,2107,1467,1257,2009,1424,849,2126,2227,711,1200,2333,1389,1168,2232,1343,607,2296,2397,563,1164,2389,1327,1210,2316,1287,591,2292,2339,685,1312,2192,1264,1378,2224,1275,855,2096,2025,1043,1475,1821,1307,1582,1931,1346,1285,1745,1617,1527,1680,1413,1408,1744,1571,1458,1744,1422,1247,1920,1811,1139,1520,1825,1302,1578,2005,1233,1088,2059,1825,1088,1601,1805,1211,1614,2032,1242,1124,1980,1744,1187,1601,1746,1302,1578,1902,1387,1264,1787,1715,1355,1532,1685,1473,1511,1678,1550,1432,1600,1659,1498,1472,1600,1620,1458,1520,1662,1552,1515,1618,1583,1454,1602,1678,1456,1463,1670,1589,1462,1594,1600,1472,1575,1652,1495,1487,1622,1600,1502,1555,1588,1527,1550,1584,1555,1535,1563,1578,1555,1535,1570,1579,1529,1533,1602,1575,1520,1555,1603,1531,1535,1595,1566,1509,1600,1600,1506,1527,1600,1553,1517,1585,1574,1508,1498,1616,1599,1506,1559,1625,1507,1485,1634,1612,1470,1554,1619,1513,1546,1637,1515,1461,1648,1629,1456,1535,1633,1515,1541,1663,1509,1472,1653,1631,1456,1545,1629,1505,1546,1648,1510,1469,1640,1615,1473,1552,1610,1517,1552,1616,1521,1488,1612,1600,1506,1552,1603,1530,1552,1597,1543,1520,1584,1586,1586,1552,1585,1557,1552,1567,1570,1547,1557,1578,1556,1547,1568,1575,1549,1548,1579,1563,1545,1567,1569,1535,1561,1579,1547,1535,1574,1573,1546,1566,1570,1587,1553,1578,1559,1555,1569,1580,1535,1552,1583,1563,1532,1569,1569,1535,1560,1586,1559,1525,1591,1580,1483,1556,1575,1547,1566,1590,1525,1519,1595,1579,1522,1558,1583,1535,1557,1593,1543,1520,1600,1583,1524,1557,1584,1522,1555,1593,1546,1509,1583,1589,1535,1535,1574,1565,1552,1581,1558,1535,1569,1574,1549,1547,1583,1564,1535,1558,1581,1553,1546,1574,1552,1535,1575,1579,1523,1552,1585,1554,1545,1579,1562,1532,1578,1584,1530,1535,1585,1563,1547,1573,1558,1531,1579,1587,1535,1535,1575,1523,1547,1562,1555,1550,1563,1612,1553,1552,1571,1563,1552,1554,1567,1557,1551,1562,1563,1553,1559,1575,1550,1548,1575,1569,1543,1557,1571,1552,1561,1577,1547,1535,1584,1567,1533,1559,1571,1567,1558,1573,1535,1550,1581,1567,1535,1567,1567,1549,1562,1573,1557,1550,1567,1554,1563,1584,1554,1555,1562,1559,1558,1561,1552,1558,1566,1554,1550,1558,1562,1566,1559,1578,1550,1506,1577,1562,1546,1574,1569,1519,1570,1577,1551,1547,1574,1567,1548,1565,1563,1550,1561,1569,1546,1552,1559,1559,1563,1567,1566,1552,1559,1568,1522,1563,1566,1569,1557,1570,1563,1563,1555,1555,1566,1554,1555,1556,1563,1551,1566,1569,1553,1550,1565,1555,1554,1565,1554,1556,1569,1565,1550,1555,1569,1554,1558,1568,1550,1552,1568,1565,1549,1565,1554,1552,1570,1566,1552,1552,1563,1556,1553,1561,1520,1554,1563,1558
1554,1559,1559,1561,1559,1529,1575,1556,1535,1553,1563,1555,1565,1570,1562,1531,1572,1565,1533,1570,1561,1558,1559,1574,1557,1535,1571,1559,1543,1555,1565,1562,1554,1572,1562,1535,1569,1563,1527,1553,1563,1559,1571,1578,1573,1573,1554,1559,1563,1555,1556,1570,1559,1567,1562,1575,1555,1558,1570,1566,1549,1546,1581,1550,1531,1584,1568,1519,1590,1617,1463,1473,1711,1616,1394,1597,1661,1395,1616,1812,1303,1281,1947,1719,1143,1644,1771,1197,1680,2123,1073,1008,2288,1841,871,1728,1897,919,1776,2452,801,731,2581,1943,659,1808,1938,734,1856,2632,703,638,2604,1899,752,1892,1809,727,1904,2490,821,896,2313,1715,1095,1881,1607,983,1844,2071,1185,1312,1807,1494,1535,1770,1408,1395,1695,1520,1604,1761,1296,1324,1933,1635,1281,1776,1555,1126,1891,2037,1002,1264,2098,1503,1264,1956,1477,978,1964,2084,991,1283,2058,1487,1293,1905,1520,1073,1840,1994,1167,1310,1917,1574,1328,1735,1622,1287,1638,1827,1414,1359,1739,1665,1381,1562,1659,1481,1475,1696,1535,1397,1648,1717,1415,1457,1710,1589,1456,1613,1600,1445,1600,1686,1470,1467,1655,1591,1488,1587,1584,1493,1571,1601,1535,1511,1570,1567,1581,1572,1535,1558,1575,1531,1578,1601,1506,1517,1621,1571,1513,1594,1585,1488,1589,1642,1479,1498,1616,1584,1511,1595,1584,1487,1587,1639,1495,1489,1638,1590,1487,1574,1634,1502,1479,1555,1614,1520,1535,1632,1526,1478,1634,1626,1466,1535,1631,1535,1526,1636,1526,1467,1638,1643,1458,1527,1633,1520,1542,1654,1514,1460,1652,1631,1468,1559,1622,1485,1570,1648,1505,1468,1643,1607,1485,1570,1595,1503,1580,1632,1509,1502,1617,1583,1507,1584,1584,1515,1600,1603,1527,1535,1590,1559,1552,1579,1561,1535,1575,1579,1554,1554,1561,1552,1572,1566,1552,1567,1565,1555,1568,1574,1552,1554,1582,1559,1551,1573,1555,1552,1575,1584,1552,1552,1584,1566,1543,1575,1559,1535,1575,1587,1535,1535,1594,1570,1509,1573,1581,1527,1575,1593,1535,1532,1598,1581,1526,1569,1584,1531,1564,1599,1534,1519,1600,1584,1516,1565,1584,1534,1564,1599,1531,1527,1600,1599,1520,1579,1583,1535,1568,1598,1534,1525,1593,1583,1533,1563,1579,1551,1562,1581,1530,1535,1571,1571,1548,1556,1574,1568,1535,1556,1581,1556,1550,1568,1563,1546,1571,1585,1530,1550,1589,1570,1533,1578,1565,1534,1582,1587,1523,1520,1593,1574,1534,1545,1563,1549,1583,1600,1525,1545,1589,1561,1548,1584,1558,1535,1578,1584,1544,1551,1582,1561,1566,1569,1564,1552,1535,1566,1563,1555,1564,1571,1559,1550,1578,1571,1543,1557,1580,1552,1561,1582,1549,1534,1585,1579,1531,1572,1575,1535,1563,1590,1545,1548,1584,1560,1546,1569,1569,1549,1567,1583,1552,1549,1572,1567,1555,1562,1566,1557,1549,1563,1581,1561,1524,1568,1573,1559,1557,1565,1566,1551,1560,1578,1552,1552,1580,1566,1572,1567,1554,1552,1582,1583,1547,1545,1579,1566,1546,1573,1559,1547,1570,1584,1546,1553,1575,1559,1554,1566,1562,1553,1573,1561,1557,1559,1569,1555,1559,1566,1562,1566,1566,1555,1569,1582,1559,1552,1566,1573,1566,1563,1558,1553,1565,1562,1557,1569,1555,1552,1566,1578,1549,1555,1573,1565,1556,1577,1559,1552,1582,1571,1548,1565,1571,1552,1561,1579,1555,1552,1579,1561,1553,1565,1559,1552
1562,1557,1565,1562,1557,1523,1584,1565,1523,1563,1562,1564,1563,1578,1561,1531,1579,1562,1527,1561,1565,1563,1565,1574,1563,1535,1579,1566,1545,1558,1562,1563,1558,1577,1565,1550,1580,1568,1535,1553,1571,1563,1562,1573,1581,1569,1555,1563,1567,1559,1563,1564,1562,1562,1561,1568,1561,1559,1577,1566,1535,1559,1575,1566,1530,1571,1586,1523,1570,1626,1490,1477,1691,1632,1395,1561,1690,1456,1554,1776,1389,1285,1890,1760,1166,1557,1854,1309,1548,2030,1219,1039,2176,1936,880,1553,2013,1125,1568,2320,1045,747,2432,2083,675,1581,2096,979,1624,2473,949,683,2458,2035,746,1664,1954,955,1698,2369,1013,901,2211,1837,1089,1728,1683,1133,1744,2003,1262,1312,1774,1545,1553,1731,1397,1414,1727,1527,1564,1782,1322,1278,1961,1712,1204,1687,1679,1155,1792,2077,1073,1168,2128,1645,1168,1853,1615,1009,1862,2128,1039,1197,2087,1591,1238,1840,1599,1104,1794,1996,1199,1282,1907,1603,1339,1710,1618,1311,1636,1790,1419,1397,1710,1651,1451,1552,1646,1506,1508,1627,1585,1483,1583,1642,1511,1472,1639,1626,1462,1535,1642,1530,1520,1636,1552,1471,1630,1642,1455,1520,1607,1558,1543,1600,1573,1511,1584,1600,1545,1545,1573,1559,1570,1567,1552,1569,1559,1549,1584,1587,1521,1552,1601,1551,1531,1602,1559,1515,1600,1615,1491,1524,1636,1568,1505,1600,1584,1487,1597,1647,1486,1488,1595,1587,1474,1470,1674,1595,1465,1599,1607,1474,1600,1692,1456,1456,1692,1606,1453,1603,1600,1451,1606,1701,1450,1455,1712,1597,1469,1617,1570,1438,1616,1686,1447,1473,1683,1566,1495,1636,1557,1451,1632,1662,1461,1511,1646,1535,1526,1627,1533,1474,1624,1625,1489,1547,1607,1518,1554,1616,1531,1518,1602,1602,1520,1562,1575,1535,1561,1600,1551,1531,1581,1575,1552,1565,1579,1546,1567,1575,1535,1552,1574,1566,1552,1567,1564,1555,1570,1568,1552,1553,1574,1565,1555,1591,1558,1564,1578,1578,1550,1563,1582,1555,1560,1574,1555,1545,1584,1573,1535,1557,1577,1552,1558,1584,1562,1535,1587,1575,1535,1567,1575,1543,1569,1585,1535,1533,1603,1573,1531,1572,1581,1535,1585,1591,1546,1535,1584,1570,1543,1573,1565,1535,1579,1584,1535,1543,1584,1566,1551,1574,1569,1549,1568,1563,1554,1552,1575,1569,1535,1565,1573,1561,1552,1577,1567,1547,1573,1583,1548,1552,1583,1566,1551,1571,1568,1545,1568,1583,1542,1547,1593,1566,1532,1573,1566,1549,1573,1584,1550,1553,1579,1558,1554,1572,1571,1550,1571,1567,1560,1563,1566,1553,1567,1584,1562,1569,1553,1563,1575,1566,1547,1569,1568,1552,1569,1582,1550,1551,1585,1566,1550,1571,1563,1543,1574,1585,1547,1551,1577,1559,1555,1581,1557,1545,1578,1583,1546,1553,1579,1558,1557,1577,1556,1552,1571,1571,1555,1557,1565,1562,1562,1568,1565,1574,1559,1568,1570,1562,1558,1562,1569,1565,1564,1574,1553,1552,1573,1569,1552,1563,1568,1555,1565,1575,1552,1554,1577,1549,1553,1567,1561,1552,1573,1575,1552,1552,1573,1563,1557,1569,1549,1553,1568,1571,1563,1561,1594,1557,1565,1566,1554,1559,1571,1563,1560,1567,1561,1562,1567,1553,1554,1579,1565,1563,1565,1567,1553,1564,1566,1556,1563,1575,1559,1554,1571,1555,1559,1580,1563,1571,1571,1569,1553,1563,1567,1563,1563,1571,1569,1551,1567,1567,1558,1567,1563,1554
1574,1563,1565,1562,1430,1564,1556,1567,1570,1552,1566,1433,1574,1551,1434,1564,1562,1555,1568,1574,1565,1424,1569,1570,1436,1565,1569,1566,1565,1573,1569,1443,1565,1565,1446,1566,1572,1563,1570,1571,1552,1442,1578,1564,1561,1562,1571,1572,1553,1558,1568,1562,1558,1571,1567,1559,1562,1568,1559,1551,1567,1584,1552,1553,1590,1578,1511,1559,1623,1535,1517,1616,1564,1455,1662,1687,1381,1456,1791,1563,1402,1714,1572,1264,1785,1917,1119,1313,2077,1563,1216,1893,1551,969,1996,2205,811,1142,2348,1533,1057,2112,1523,667,2176,2466,591,1008,2499,1507,1030,2212,1467,579,2222,2463,640,1099,2354,1427,1193,2176,1424,771,2058,2192,974,1317,1953,1425,1482,1921,1438,1218,1742,1745,1472,1574,1498,1479,1701,1556,1520,1734,1394,1281,1938,1779,1122,1572,1842,1257,1616,2096,1157,1029,2182,1859,982,1648,1867,1143,1664,2208,1119,977,2164,1878,1037,1657,1831,1179,1622,2108,1229,1091,2000,1809,1170,1600,1771,1322,1564,1901,1407,1265,1801,1739,1317,1543,1699,1471,1514,1714,1510,1405,1647,1680,1465,1489,1664,1577,1488,1586,1601,1507,1565,1637,1531,1506,1624,1620,1503,1549,1614,1559,1534,1571,1569,1513,1597,1600,1520,1526,1615,1571,1531,1584,1570,1520,1580,1613,1531,1530,1616,1576,1535,1581,1575,1523,1589,1600,1515,1545,1617,1563,1535,1600,1552,1519,1601,1611,1508,1551,1617,1535,1518,1554,1612,1535,1561,1627,1520,1502,1639,1600,1499,1584,1590,1509,1600,1630,1502,1519,1626,1565,1534,1606,1550,1491,1619,1615,1501,1554,1600,1546,1572,1628,1519,1479,1623,1570,1511,1579,1571,1514,1596,1621,1501,1525,1617,1558,1547,1605,1547,1502,1611,1613,1512,1556,1595,1535,1569,1606,1531,1522,1606,1584,1530,1579,1581,1527,1579,1603,1529,1552,1601,1594,1535,1582,1577,1526,1582,1578,1546,1535,1589,1574,1550,1573,1577,1553,1571,1583,1554,1547,1590,1584,1554,1568,1578,1552,1569,1585,1562,1552,1585,1579,1549,1568,1585,1554,1565,1583,1552,1551,1589,1573,1547,1566,1584,1553,1572,1581,1562,1554,1583,1567,1562,1568,1563,1552,1574,1573,1559,1571,1561,1555,1569,1578,1556,1555,1573,1548,1567,1581,1561,1545,1582,1574,1554,1563,1574,1557,1563,1583,1554,1554,1577,1573,1551,1564,1613,1552,1557,1579,1557,1553,1577,1563,1565,1562,1571,1567,1561,1569,1571,1556,1565,1571,1563,1554,1581,1576,1552,1561,1572,1561,1557,1579,1557,1544,1584,1585,1543,1550,1582,1562,1564,1581,1550,1543,1585,1583,1543,1574,1575,1552,1569,1586,1552,1551,1550,1569,1553,1577,1622,1551,1578,1580,1547,1563,1574,1565,1562,1571,1563,1561,1565,1571,1564,1566,1563,1567,1569,1565,1563,1547,1563,1579,1577,1571,1557,1563,1568,1553,1573,1584,1551,1558,1582,1565,1559,1573,1564,1548,1579,1575,1555,1567,1579,1571,1552,1570,1569,1554,1567,1579,1557,1559,1555,1562,1562,1567,1565,1555,1616,1573,1567,1559,1552,1568,1571,1568,1559,1565,1563,1562,1562,1573,1561,1561,1562,1568,1581,1571,1562,1557,1575,1569,1552,1568,1570,1559,1566,1579,1558,1558,1571,1569,1562,1575,1568,1533,1572,1577,1557,1557,1570,1557,1566,1587,1558,1555,1572,1568,1561,1568,1566,1558,1571,1571,1552,1563,1565,1565,1572,1569,1605,1566,1575,1562,1584,1570,1555,1558,1571,1579,1554,1568
1565,1559,1561,1568,1559,1526,1584,1563,1527,1565,1565,1561,1563,1583,1566,1533,1582,1562,1530,1563,1566,1566,1562,1578,1573,1526,1575,1564,1532,1562,1575,1573,1523,1573,1570,1531,1584,1562,1525,1558,1566,1562,1557,1577,1574,1574,1558,1565,1572,1557,1565,1567,1561,1556,1572,1575,1563,1573,1574,1575,1551,1570,1587,1575,1527,1617,1591,1509,1577,1641,1488,1473,1709,1634,1382,1571,1699,1436,1561,1805,1350,1278,1935,1775,1136,1573,1867,1271,1550,2090,1175,982,2242,1945,832,1592,2023,1055,1614,2403,951,695,2513,2093,622,1632,2095,895,1664,2566,867,635,2530,2035,719,1720,1936,879,1757,2428,975,874,2241,1815,1102,1770,1663,1103,1769,2000,1264,1345,1736,1519,1606,1744,1360,1456,1717,1458,1656,1866,1215,1246,2055,1680,1169,1788,1641,1034,1906,2176,919,1133,2239,1603,1136,1961,1567,883,1979,2233,911,1152,2173,1559,1202,1972,1559,999,1870,2090,1106,1265,1974,1587,1322,1773,1607,1247,1680,1846,1383,1382,1742,1613,1451,1603,1623,1482,1547,1649,1573,1488,1584,1635,1519,1486,1638,1625,1472,1529,1648,1548,1508,1625,1573,1455,1604,1648,1488,1545,1648,1578,1491,1584,1600,1502,1563,1634,1531,1503,1611,1602,1511,1552,1602,1551,1546,1594,1582,1520,1584,1600,1511,1534,1584,1570,1548,1580,1594,1535,1582,1584,1552,1567,1565,1555,1579,1574,1552,1567,1567,1546,1531,1594,1520,1523,1601,1609,1499,1547,1613,1546,1531,1615,1529,1497,1625,1610,1488,1571,1599,1516,1581,1646,1491,1493,1648,1586,1501,1574,1578,1483,1616,1641,1472,1511,1648,1551,1525,1649,1533,1472,1636,1643,1473,1533,1630,1527,1552,1639,1524,1477,1638,1617,1486,1559,1607,1522,1561,1626,1531,1502,1618,1600,1513,1557,1600,1535,1557,1606,1552,1520,1594,1600,1523,1552,1586,1558,1547,1584,1574,1525,1583,1597,1533,1523,1597,1575,1530,1567,1582,1533,1571,1597,1545,1535,1589,1582,1543,1569,1578,1552,1568,1584,1557,1550,1522,1571,1603,1565,1569,1565,1559,1563,1567,1567,1557,1571,1574,1558,1565,1579,1552,1550,1586,1584,1535,1562,1589,1534,1562,1595,1547,1520,1596,1588,1520,1567,1591,1547,1567,1595,1543,1525,1600,1588,1522,1563,1587,1553,1557,1591,1551,1535,1596,1584,1562,1554,1593,1558,1552,1569,1575,1547,1569,1582,1555,1544,1583,1582,1535,1554,1589,1559,1552,1584,1562,1528,1588,1591,1521,1551,1598,1584,1552,1598,1555,1517,1597,1591,1526,1580,1591,1553,1552,1595,1553,1535,1584,1585,1535,1559,1584,1553,1563,1584,1555,1547,1585,1574,1562,1565,1581,1558,1551,1568,1568,1566,1556,1562,1573,1565,1558,1577,1557,1552,1582,1578,1552,1567,1578,1553,1565,1558,1552,1554,1585,1580,1545,1589,1573,1557,1571,1583,1552,1552,1579,1568,1555,1570,1566,1554,1566,1574,1553,1559,1570,1569,1562,1556,1555,1570,1563,1564,1566,1575,1553,1561,1567,1565,1563,1574,1566,1550,1611,1581,1551,1553,1584,1559,1555,1576,1550,1546,1586,1584,1535,1557,1601,1554,1565,1584,1555,1535,1583,1580,1552,1563,1573,1554,1561,1577,1554,1529,1576,1571,1555,1600,1570,1563,1565,1587,1555,1563,1563,1552,1562,1569,1563,1566,1567,1555,1575,1569,1555,1559,1578,1558,1559,1573,1562,1552,1600,1572,1549,1570,1573,1553,1582,1575,1549,1552,1578,1574,1552,1577,1567,1549
1568,1565,1559,1564,1563,1567,1535,1569,1559,1559,1566,1581,1563,1549,1579,1555,1549,1535,1558,1567,1563,1578,1567,1551,1573,1563,1552,1563,1559,1565,1562,1576,1573,1551,1570,1562,1552,1562,1559,1566,1559,1573,1567,1552,1574,1569,1573,1566,1570,1565,1562,1554,1568,1578,1554,1567,1570,1561,1553,1569,1563,1567,1557,1557,1565,1566,1571,1585,1534,1555,1625,1599,1472,1553,1649,1514,1524,1679,1486,1390,1758,1728,1285,1492,1821,1441,1472,1869,1391,1144,1989,1919,1006,1441,2025,1329,1424,2128,1247,848,2265,2125,706,1408,2212,1182,1408,2364,1135,635,2412,2211,631,1440,2175,1095,1500,2412,1072,693,2344,2079,832,1572,1934,1095,1641,2220,1153,1015,2042,1773,1249,1706,1583,1243,1744,1841,1354,1489,1623,1414,1737,1790,1271,1450,1806,1437,1554,1899,1289,1168,2022,1791,1130,1645,1767,1169,1708,2096,1134,1110,2096,1721,1153,1746,1691,1153,1748,2056,1183,1206,1977,1659,1284,1718,1633,1255,1681,1872,1345,1363,1775,1601,1438,1648,1585,1425,1604,1684,1502,1503,1609,1569,1566,1580,1563,1557,1554,1554,1589,1590,1520,1552,1602,1557,1549,1594,1555,1511,1597,1610,1511,1535,1616,1557,1518,1587,1589,1521,1559,1614,1552,1513,1602,1604,1513,1535,1613,1564,1521,1591,1584,1518,1585,1622,1520,1518,1616,1591,1509,1568,1600,1523,1558,1606,1551,1513,1600,1601,1522,1493,1611,1523,1520,1581,1614,1590,1503,1571,1612,1526,1557,1625,1522,1488,1645,1614,1474,1558,1616,1519,1568,1647,1511,1474,1654,1616,1479,1566,1607,1497,1584,1650,1491,1502,1648,1597,1498,1600,1584,1495,1605,1637,1490,1534,1625,1561,1534,1610,1551,1500,1616,1605,1507,1552,1599,1531,1569,1614,1520,1520,1598,1580,1529,1583,1570,1525,1594,1600,1532,1545,1591,1557,1561,1591,1552,1531,1587,1584,1548,1564,1582,1552,1565,1582,1552,1550,1587,1602,1549,1566,1571,1553,1567,1584,1553,1552,1585,1567,1555,1570,1573,1552,1570,1583,1557,1551,1578,1573,1535,1571,1567,1552,1565,1584,1530,1549,1581,1573,1552,1569,1575,1552,1572,1591,1542,1549,1587,1568,1552,1581,1567,1543,1582,1585,1535,1551,1584,1535,1555,1566,1564,1546,1584,1535,1545,1565,1582,1554,1569,1584,1556,1551,1574,1571,1555,1574,1555,1555,1581,1575,1565,1566,1581,1563,1568,1568,1567,1562,1571,1565,1568,1563,1561,1559,1570,1567,1566,1571,1567,1546,1570,1575,1558,1569,1569,1553,1568,1582,1546,1563,1581,1566,1561,1579,1557,1551,1594,1573,1550,1566,1567,1554,1574,1579,1552,1558,1569,1562,1562,1574,1569,1555,1573,1573,1523,1570,1568,1559,1568,1580,1552,1557,1573,1557,1563,1575,1552,1559,1577,1573,1555,1569,1559,1552,1581,1580,1552,1575,1572,1519,1565,1588,1554,1558,1574,1569,1561,1571,1563,1554,1570,1578,1559,1558,1571,1561,1567,1570,1564,1552,1571,1584,1555,1552,1574,1557,1563,1571,1562,1558,1568,1565,1557,1571,1567,1552,1567,1575,1557,1564,1564,1557,1558,1571,1552,1555,1571,1568,1552,1570,1567,1555,1571,1570,1554,1562,1572,1562,1566,1570,1557,1553,1572,1570,1561,1560,1559,1554,1568,1584,1561,1554,1567,1561,1559,1569,1557,1563,1573,1563,1559,1569,1563,1562,1572,1565,1558,1563,1573,1561,1558,1568,1558,1557,1569,1567,1567,1569,1568,1552,1573,1569,1554,1563,1567,1557,1570,1574
1568,1564,1577,1563,1535,1565,1564,1555,1566,1585,1556,1546,1581,1574,1552,1557,1535,1558,1559,1584,1557,1552,1581,1561,1549,1562,1563,1563,1563,1581,1558,1548,1581,1567,1549,1561,1567,1559,1563,1577,1562,1545,1578,1553,1569,1582,1559,1574,1561,1550,1567,1564,1553,1563,1563,1565,1561,1566,1563,1561,1562,1570,1563,1547,1574,1583,1522,1527,1627,1589,1488,1565,1649,1493,1553,1698,1453,1399,1776,1699,1285,1552,1776,1392,1542,1898,1315,1151,2033,1862,1002,1530,1954,1215,1544,2170,1123,854,2336,2058,721,1553,2110,1041,1569,2444,973,649,2496,2113,650,1608,2047,923,1680,2496,913,720,2424,1962,869,1728,1835,950,1776,2277,1040,1054,2089,1679,1273,1808,1511,1151,1827,1863,1294,1504,1639,1362,1741,1855,1232,1408,1811,1421,1556,1906,1266,1167,2032,1771,1127,1670,1729,1143,1746,2101,1095,1132,2103,1683,1171,1792,1643,1091,1802,2062,1135,1232,1990,1613,1290,1776,1599,1199,1737,1904,1288,1360,1808,1586,1422,1686,1570,1351,1641,1719,1443,1467,1654,1579,1505,1600,1577,1498,1574,1613,1545,1527,1584,1578,1549,1561,1583,1553,1559,1580,1558,1535,1574,1574,1543,1559,1575,1553,1572,1579,1535,1549,1600,1565,1548,1575,1586,1521,1584,1601,1520,1531,1605,1563,1529,1584,1566,1519,1585,1613,1514,1520,1614,1575,1513,1577,1584,1520,1569,1627,1523,1506,1616,1600,1494,1573,1622,1524,1488,1551,1615,1525,1551,1629,1526,1486,1634,1616,1476,1567,1616,1526,1559,1644,1508,1475,1647,1600,1488,1557,1597,1501,1584,1642,1493,1491,1637,1584,1513,1594,1566,1491,1604,1623,1488,1523,1607,1553,1558,1602,1535,1504,1603,1602,1515,1552,1585,1527,1573,1610,1522,1520,1598,1574,1535,1584,1562,1521,1581,1603,1530,1552,1584,1551,1553,1584,1552,1543,1583,1552,1535,1552,1572,1559,1556,1575,1562,1550,1569,1575,1550,1557,1575,1567,1552,1565,1571,1553,1566,1583,1535,1547,1586,1572,1543,1573,1574,1543,1566,1585,1531,1550,1587,1570,1545,1574,1565,1534,1581,1584,1535,1535,1584,1557,1552,1579,1557,1533,1577,1584,1553,1554,1575,1555,1578,1581,1535,1549,1552,1569,1578,1566,1569,1554,1568,1573,1552,1559,1558,1563,1565,1566,1556,1558,1558,1568,1566,1568,1554,1552,1571,1552,1553,1565,1561,1552,1577,1571,1551,1552,1570,1524,1558,1547,1552,1557,1579,1574,1553,1584,1564,1553,1575,1570,1553,1562,1570,1558,1566,1571,1553,1552,1563,1558,1574,1566,1552,1552,1559,1566,1526,1569,1561,1553,1568,1565,1552,1565,1571,1555,1563,1572,1554,1551,1572,1566,1556,1579,1559,1552,1571,1584,1546,1561,1567,1550,1567,1575,1552,1554,1578,1566,1555,1575,1553,1552,1578,1569,1553,1557,1567,1556,1601,1579,1551,1551,1575,1569,1571,1574,1562,1546,1573,1569,1552,1555,1570,1553,1564,1578,1552,1555,1566,1576,1551,1552,1566,1558,1563,1574,1551,1558,1569,1567,1549,1564,1564,1555,1571,1571,1552,1561,1568,1561,1562,1568,1561,1555,1570,1563,1555,1552,1559,1557,1571,1584,1557,1558,1560,1553,1558,1575,1552,1558,1566,1557,1559,1570,1557,1557,1569,1567,1554,1566,1563,1555,1569,1571,1556,1561,1570,1565,1557,1565,1563,1554,1573,1571,1552,1558,1567,1551,1568,1571,1553,1552,1574,1569,1563,1552,1558,1554,1574,1566,1563,1558,1568,1552,1572,1569,1555,1555
1566,1582,1567,1554,1559,1563,1557,1550,1570,1562,1596,1568,1559,1563,1584,1577,1565,1547,1571,1562,1552,1557,1561,1567,1563,1566,1569,1552,1571,1559,1553,1565,1559,1559,1566,1551,1565,1553,1572,1559,1545,1526,1566,1566,1562,1571,1578,1566,1557,1562,1568,1555,1556,1568,1558,1556,1561,1567,1547,1559,1614,1563,1603,1555,1647,1566,1523,1574,1600,1524,1552,1627,1511,1459,1688,1662,1378,1527,1729,1487,1495,1773,1430,1276,1890,1825,1123,1473,1937,1375,1440,2009,1303,965,2160,2047,799,1424,2160,1227,1393,2304,1151,661,2410,2240,587,1396,2259,1107,1432,2450,1061,589,2444,2195,669,1509,2084,1043,1600,2374,1069,813,2230,1887,1047,1664,1719,1119,1751,2033,1207,1302,1803,1510,1575,1826,1296,1327,1872,1571,1429,1840,1393,1123,2033,1905,1008,1525,1902,1202,1620,2168,1099,960,2225,1873,952,1680,1843,1069,1706,2221,1083,1008,2150,1799,1088,1697,1761,1155,1661,2041,1259,1175,1917,1739,1275,1602,1711,1385,1551,1780,1483,1362,1668,1681,1440,1506,1680,1583,1461,1584,1650,1489,1524,1662,1534,1427,1654,1680,1434,1488,1682,1563,1485,1646,1546,1446,1600,1681,1457,1481,1664,1583,1497,1600,1587,1488,1587,1629,1519,1511,1609,1575,1531,1578,1568,1535,1571,1587,1555,1563,1575,1562,1563,1575,1553,1555,1570,1578,1557,1575,1561,1547,1584,1584,1530,1552,1595,1553,1535,1599,1613,1517,1546,1610,1549,1488,1621,1631,1475,1535,1629,1554,1543,1634,1525,1469,1645,1634,1456,1550,1632,1518,1552,1662,1502,1456,1664,1631,1456,1562,1629,1495,1568,1664,1473,1467,1659,1607,1473,1575,1600,1493,1583,1650,1495,1488,1634,1599,1495,1584,1588,1514,1578,1614,1519,1508,1610,1586,1525,1568,1584,1530,1565,1597,1552,1525,1592,1586,1535,1552,1578,1558,1552,1586,1545,1530,1582,1594,1526,1535,1593,1571,1534,1581,1570,1533,1580,1599,1535,1534,1595,1569,1535,1580,1569,1543,1577,1595,1547,1550,1584,1568,1552,1562,1567,1571,1569,1595,1558,1552,1570,1554,1561,1562,1564,1570,1561,1563,1575,1562,1559,1570,1569,1555,1569,1582,1565,1554,1590,1569,1563,1568,1559,1553,1552,1583,1552,1553,1581,1574,1552,1568,1575,1562,1554,1575,1557,1551,1573,1573,1554,1555,1579,1555,1551,1562,1574,1569,1563,1574,1553,1562,1585,1565,1534,1554,1584,1549,1554,1585,1552,1525,1594,1584,1529,1552,1585,1548,1577,1590,1535,1524,1600,1587,1529,1563,1600,1550,1547,1585,1549,1535,1586,1577,1548,1562,1571,1552,1563,1575,1557,1552,1571,1569,1563,1535,1568,1573,1563,1547,1580,1559,1552,1565,1566,1525,1569,1583,1549,1553,1586,1569,1549,1576,1568,1549,1581,1584,1535,1547,1584,1563,1559,1584,1569,1546,1579,1581,1569,1559,1578,1555,1562,1575,1553,1551,1569,1569,1559,1573,1565,1557,1567,1566,1557,1554,1572,1557,1569,1571,1552,1557,1574,1566,1553,1571,1565,1550,1569,1569,1551,1582,1580,1563,1557,1570,1559,1547,1579,1570,1552,1557,1572,1557,1566,1574,1559,1551,1567,1567,1555,1568,1569,1559,1571,1567,1559,1557,1563,1563,1565,1567,1570,1565,1567,1555,1586,1571,1551,1559,1573,1562,1581,1573,1562,1560,1579,1568,1553,1562,1572,1552,1566,1579,1552,1552,1577,1572,1553,1568,1568,1549,1570,1558,1553,1547,1572,1566,1554,1570,1563,1552,1579,1573,1555,1559
1577,1570,1564,1568,1566,1560,1563,1549,1575,1559,1543,1571,1562,1568,1563,1575,1556,1547,1573,1557,1520,1570,1557,1571,1555,1575,1567,1551,1567,1559,1549,1565,1557,1567,1562,1572,1564,1550,1569,1563,1552,1525,1562,1561,1557,1572,1571,1579,1555,1552,1569,1557,1565,1567,1565,1558,1565,1562,1561,1555,1571,1568,1552,1557,1563,1573,1495,1561,1606,1535,1544,1619,1503,1462,1712,1667,1381,1488,1758,1527,1435,1733,1500,1269,1826,1870,1133,1381,1987,1458,1327,1936,1453,981,2054,2115,830,1280,2251,1395,1221,2188,1367,693,2256,2352,609,1200,2359,1328,1232,2304,1271,607,2314,2314,657,1298,2211,1235,1392,2288,1231,784,2176,2059,974,1504,1855,1233,1621,2020,1261,1200,1871,1657,1427,1714,1434,1309,1818,1695,1361,1660,1535,1263,1837,1875,1152,1445,1884,1399,1490,1964,1303,1100,2016,1873,1093,1554,1840,1259,1591,2020,1287,1135,1979,1777,1204,1612,1692,1296,1604,1892,1363,1291,1803,1680,1388,1589,1632,1430,1584,1698,1495,1465,1616,1600,1527,1552,1582,1558,1534,1564,1598,1571,1520,1543,1594,1501,1561,1613,1529,1507,1610,1591,1517,1558,1591,1531,1553,1595,1553,1531,1575,1587,1552,1550,1565,1574,1559,1548,1590,1582,1520,1552,1603,1549,1535,1598,1552,1504,1611,1609,1497,1522,1618,1553,1520,1610,1572,1488,1589,1626,1504,1516,1623,1575,1504,1584,1593,1507,1558,1629,1610,1491,1549,1629,1526,1487,1629,1623,1472,1531,1635,1535,1530,1654,1521,1465,1648,1650,1456,1527,1639,1579,1531,1651,1517,1459,1650,1635,1458,1547,1627,1506,1552,1650,1514,1467,1641,1619,1476,1558,1622,1508,1561,1634,1520,1487,1622,1595,1500,1563,1593,1524,1559,1614,1532,1515,1600,1595,1519,1555,1586,1552,1535,1591,1555,1531,1579,1589,1534,1549,1584,1566,1549,1574,1562,1535,1553,1586,1533,1547,1571,1565,1545,1568,1564,1547,1573,1574,1553,1555,1578,1561,1569,1569,1567,1555,1573,1565,1562,1566,1554,1555,1574,1563,1553,1571,1563,1549,1580,1581,1543,1553,1583,1558,1552,1584,1557,1521,1585,1571,1532,1552,1584,1516,1552,1589,1553,1535,1584,1584,1543,1556,1584,1552,1556,1579,1552,1535,1575,1574,1549,1552,1574,1554,1545,1569,1552,1553,1559,1569,1560,1552,1569,1568,1553,1554,1582,1563,1552,1569,1566,1547,1566,1578,1544,1551,1584,1574,1552,1583,1566,1543,1579,1600,1535,1552,1584,1565,1546,1581,1554,1535,1570,1579,1547,1555,1578,1560,1558,1579,1555,1552,1565,1566,1552,1564,1552,1552,1559,1569,1563,1563,1562,1563,1569,1570,1555,1565,1559,1558,1563,1573,1552,1565,1570,1566,1554,1548,1552,1547,1574,1575,1546,1610,1569,1555,1563,1577,1552,1553,1575,1565,1558,1570,1559,1549,1568,1567,1555,1561,1577,1555,1575,1571,1555,1558,1581,1563,1568,1567,1555,1558,1573,1573,1553,1569,1572,1567,1554,1567,1552,1551,1574,1566,1550,1563,1567,1561,1565,1575,1557,1550,1574,1566,1555,1557,1559,1558,1565,1579,1554,1553,1568,1533,1566,1567,1558,1554,1567,1566,1561,1554,1561,1523,1565,1565,1557,1567,1566,1563,1568,1566,1556,1557,1568,1559,1561,1570,1558,1555,1570,1564,1557,1567,1569,1555,1567,1577,1552,1562,1574,1563,1555,1573,1554,1557,1567,1571,1554,1569,1569,1558,1574,1565,1552,1552,1569,1567,1559,1571,1561,1559,1574,1570,1553,1562
1566,1565,1557,1567,1531,1565,1566,1555,1569,1577,1565,1552,1578,1559,1552,1569,1565,1555,1559,1582,1563,1555,1579,1562,1558,1559,1567,1559,1559,1577,1562,1559,1574,1558,1559,1563,1568,1562,1563,1583,1562,1534,1581,1575,1571,1561,1569,1577,1563,1553,1561,1566,1554,1569,1574,1564,1571,1566,1565,1557,1582,1575,1561,1550,1587,1584,1525,1532,1630,1584,1478,1579,1630,1488,1564,1698,1446,1399,1783,1682,1296,1571,1750,1381,1571,1904,1293,1178,2044,1830,1036,1592,1904,1183,1600,2192,1087,891,2336,1982,769,1616,2033,995,1640,2442,949,697,2484,2031,720,1676,1973,913,1712,2460,926,784,2368,1902,926,1746,1791,995,1765,2201,1115,1123,1991,1659,1343,1760,1521,1264,1743,1758,1426,1610,1515,1406,1794,1712,1293,1570,1680,1306,1712,1957,1149,1234,2067,1635,1202,1824,1599,1057,1875,2112,1014,1212,2099,1581,1202,1882,1578,1055,1851,2059,1119,1262,1984,1579,1298,1786,1605,1209,1706,1904,1318,1342,1809,1629,1385,1632,1646,1407,1577,1717,1487,1411,1675,1658,1440,1527,1658,1543,1506,1631,1552,1477,1613,1641,1507,1514,1618,1565,1529,1591,1555,1523,1584,1584,1565,1579,1527,1535,1616,1578,1515,1595,1578,1504,1603,1649,1463,1498,1678,1581,1482,1626,1571,1449,1637,1671,1439,1478,1697,1559,1477,1643,1572,1439,1634,1686,1455,1479,1670,1571,1489,1616,1582,1469,1603,1652,1587,1501,1584,1648,1508,1504,1619,1578,1503,1568,1602,1531,1552,1620,1535,1505,1616,1607,1501,1550,1614,1551,1547,1606,1550,1501,1606,1615,1520,1545,1616,1535,1554,1614,1546,1497,1616,1597,1507,1563,1589,1535,1566,1614,1527,1520,1600,1587,1523,1579,1576,1535,1578,1609,1546,1554,1585,1577,1552,1571,1559,1550,1583,1583,1552,1559,1569,1555,1571,1578,1557,1557,1573,1562,1561,1571,1570,1555,1555,1567,1523,1567,1561,1554,1566,1583,1558,1557,1573,1569,1552,1565,1571,1557,1565,1569,1561,1552,1575,1575,1546,1561,1583,1552,1558,1558,1559,1552,1578,1584,1535,1547,1587,1561,1550,1579,1566,1534,1581,1589,1533,1551,1590,1563,1549,1581,1567,1526,1600,1590,1526,1550,1597,1557,1552,1584,1559,1526,1589,1589,1535,1551,1586,1556,1552,1563,1559,1523,1580,1589,1549,1566,1574,1569,1556,1573,1572,1551,1561,1577,1575,1552,1552,1573,1547,1562,1583,1559,1558,1573,1559,1548,1580,1584,1550,1549,1584,1563,1554,1577,1568,1535,1584,1580,1552,1554,1582,1563,1562,1579,1554,1549,1575,1579,1552,1567,1569,1557,1569,1574,1555,1561,1573,1557,1565,1567,1554,1561,1572,1558,1563,1567,1562,1552,1577,1568,1552,1563,1568,1552,1567,1577,1551,1555,1577,1566,1563,1570,1549,1551,1581,1578,1551,1559,1571,1554,1565,1582,1556,1554,1572,1562,1555,1568,1558,1555,1571,1572,1558,1562,1558,1558,1568,1583,1557,1553,1586,1566,1557,1560,1562,1551,1569,1575,1552,1558,1574,1559,1563,1570,1557,1552,1579,1569,1552,1559,1566,1554,1563,1584,1553,1552,1578,1558,1556,1570,1559,1553,1568,1573,1555,1559,1569,1555,1561,1569,1556,1557,1565,1565,1563,1563,1582,1554,1559,1567,1555,1566,1566,1558,1573,1568,1558,1556,1567,1562,1560,1573,1557,1558,1572,1564,1559,1565,1562,1553,1570,1569,1553,1520,1574,1558,1566,1566,1557,1553,1569,1570,1555,1567,1563,1554,1551,1575,1557,1564
