1598,1603,1597,1598,1597,1815,1659,1592,1830,1603,1586,1601,1602,1611,1600,1824,1603,1600,1817,1599,1600,1599,1593,1606,1599,1813,1605,1598,1803,1595,1599,1605,1598,1620,1601,1802,1595,1611,1791,1597,1600,1598,1600,1605,1609,1600,1600,1600,1602,1585,1602,1600,1591,1590,1593,1599,1592,1598,1601,1594,1595,1600,1600,1584,1605,1618,1574,1555,1663,1632,1493,1584,1694,1535,1553,1713,1523,1408,1798,1777,1293,1517,1866,1475,1483,1908,1424,1154,2032,1979,1003,1447,2094,1359,1424,2176,1291,839,2316,2201,695,1392,2307,1233,1365,2405,1207,611,2440,2342,607,1369,2323,1203,1389,2416,1237,673,2314,2250,816,1398,2146,1329,1408,2137,1459,1013,1913,2007,1255,1394,1882,1607,1365,1647,1812,1475,1383,1772,1744,1328,1624,1984,1307,1148,2128,1937,961,1524,2087,1278,1462,2227,1265,839,2286,2170,795,1421,2207,1285,1385,2268,1326,813,2208,2195,871,1380,2160,1381,1360,2121,1457,961,2000,2102,1083,1349,2029,1535,1347,1878,1615,1203,1764,1964,1313,1356,1888,1679,1361,1664,1719,1409,1591,1821,1488,1377,1763,1745,1401,1535,1749,1552,1517,1716,1603,1426,1680,1747,1461,1483,1742,1632,1472,1644,1648,1491,1616,1728,1509,1481,1712,1663,1474,1600,1665,1523,1584,1696,1550,1477,1691,1684,1487,1571,1670,1552,1575,1681,1553,1487,1681,1671,1488,1583,1659,1552,1589,1682,1535,1502,1604,1648,1533,1514,1678,1635,1523,1615,1618,1521,1631,1674,1528,1548,1659,1599,1565,1637,1584,1529,1646,1645,1546,1582,1631,1570,1600,1642,1567,1553,1639,1613,1566,1610,1599,1554,1611,1629,1564,1584,1616,1593,1587,1618,1582,1581,1607,1613,1584,1600,1598,1598,1600,1600,1587,1595,1598,1578,1600,1600,1585,1598,1604,1597,1599,1610,1586,1584,1610,1601,1584,1596,1606,1590,1594,1606,1591,1581,1612,1611,1598,1584,1618,1600,1579,1598,1608,1573,1600,1630,1575,1565,1634,1616,1552,1598,1622,1569,1598,1646,1565,1542,1653,1607,1535,1592,1634,1516,1600,1661,1551,1532,1666,1632,1529,1601,1632,1552,1604,1659,1556,1530,1658,1627,1531,1600,1623,1562,1600,1654,1555,1551,1648,1629,1555,1597,1616,1569,1596,1631,1582,1562,1618,1616,1570,1586,1616,1588,1584,1611,1600,1573,1603,1617,1585,1572,1616,1605,1577,1590,1615,1599,1593,1614,1586,1577,1616,1614,1573,1584,1616,1586,1589,1614,1590,1578,1613,1611,1553,1593,1603,1594,1600,1606,1600,1584,1601,1600,1595,1597,1599,1595,1599,1596,1601,1600,1587,1590,1609,1594,1589,1600,1595,1582,1614,1611,1577,1585,1616,1584,1594,1614,1584,1569,1617,1615,1574,1598,1612,1583,1602,1619,1571,1572,1616,1601,1584,1601,1600,1584,1601,1615,1581,1586,1603,1597,1584,1603,1592,1589,1598,1603,1591,1599,1598,1600,1594,1600,1599,1600,1591,1599,1601,1589,1594,1595,1613,1595,1587,1605,1591,1585,1605,1602,1585,1593,1603,1586,1598,1605,1584,1585,1603,1600,1585,1595,1597,1583,1599,1663,1586,1648,1603,1598,1591,1596,1591,1589,1600,1600,1590,1594,1600,1591,1596,1600,1594,1597,1597,1600,1594,1600,1595,1600,1609,1600,1598,1600,1607,1591,1600,1598,1591,1589,1598,1585,1595,1599,1587,1589,1600,1596,1592,1597,1595,1584,1600,1589,1585,1569,1598,1573,1595,1606,1587,1566,1603,1596,1586,1600,1600,1589,1600,1602,1596,1588
1596,1598,1595,1594,1593,1578,1614,1594,1577,1597,1594,1594,1593,1609,1595,1584,1613,1591,1584,1598,1599,1600,1598,1611,1601,1591,1606,1591,1583,1594,1599,1600,1594,1608,1596,1584,1608,1595,1583,1593,1600,1591,1585,1610,1607,1600,1594,1600,1597,1590,1602,1601,1590,1595,1600,1600,1591,1595,1600,1597,1587,1595,1611,1585,1584,1616,1590,1555,1647,1691,1499,1548,1728,1602,1479,1679,1615,1423,1726,1817,1314,1406,1946,1627,1319,1792,1639,1183,1872,2096,1039,1217,2256,1645,1103,1968,1627,875,2065,2393,732,1014,2521,1651,960,2124,1650,651,2156,2576,633,950,2557,1631,985,2144,1627,687,2090,2477,813,1072,2332,1621,1142,1976,1669,1006,1818,2138,1234,1243,1936,1719,1332,1634,1786,1488,1424,1716,1769,1429,1507,1842,1517,1247,1893,1961,1107,1346,2119,1583,1231,1926,1627,1009,1938,2221,974,1150,2258,1723,1117,1910,1711,989,1872,2254,1041,1114,2212,1743,1127,1808,1783,1123,1728,2144,1219,1148,2063,1808,1189,1654,1825,1316,1589,1973,1401,1231,1902,1831,1262,1545,1820,1475,1498,1835,1535,1315,1779,1814,1357,1479,1805,1565,1487,1746,1587,1391,1709,1776,1427,1487,1744,1601,1501,1677,1601,1457,1666,1724,1486,1519,1690,1600,1543,1655,1591,1507,1639,1665,1534,1566,1636,1590,1584,1633,1584,1555,1625,1616,1559,1594,1606,1584,1600,1616,1591,1584,1614,1594,1594,1605,1607,1578,1595,1616,1583,1575,1618,1607,1578,1600,1599,1578,1632,1623,1565,1572,1598,1602,1574,1603,1603,1566,1616,1635,1562,1580,1633,1593,1578,1627,1586,1551,1638,1636,1535,1585,1629,1569,1601,1658,1554,1535,1664,1626,1535,1609,1611,1531,1632,1671,1520,1535,1673,1599,1552,1648,1590,1503,1661,1677,1503,1559,1681,1581,1565,1670,1575,1497,1657,1670,1502,1563,1663,1569,1572,1662,1574,1503,1649,1661,1520,1572,1658,1580,1566,1643,1593,1527,1632,1654,1535,1564,1650,1600,1555,1617,1609,1552,1605,1653,1559,1555,1649,1616,1552,1602,1625,1570,1630,1643,1573,1552,1638,1626,1557,1591,1627,1577,1587,1630,1587,1568,1622,1625,1566,1587,1621,1590,1586,1619,1595,1574,1614,1613,1580,1584,1614,1597,1584,1614,1602,1583,1600,1606,1588,1584,1601,1604,1584,1591,1610,1599,1586,1600,1600,1585,1598,1614,1581,1587,1614,1605,1581,1602,1617,1583,1626,1616,1583,1584,1616,1604,1583,1603,1601,1578,1601,1616,1579,1584,1613,1601,1590,1601,1600,1582,1601,1609,1584,1598,1600,1591,1600,1606,1594,1595,1597,1600,1601,1599,1600,1595,1600,1585,1605,1605,1585,1591,1615,1599,1589,1603,1649,1583,1612,1611,1584,1595,1597,1595,1590,1614,1587,1584,1612,1603,1583,1601,1600,1585,1606,1607,1586,1585,1606,1598,1588,1605,1591,1583,1602,1602,1591,1575,1600,1595,1595,1599,1591,1598,1597,1599,1599,1601,1594,1597,1602,1595,1589,1600,1598,1595,1605,1597,1590,1585,1601,1575,1591,1612,1595,1585,1603,1601,1587,1599,1601,1591,1597,1601,1591,1593,1611,1600,1597,1599,1598,1594,1602,1600,1591,1595,1600,1598,1597,1603,1593,1595,1602,1610,1595,1593,1597,1589,1605,1594,1592,1584,1600,1591,1595,1601,1590,1594,1606,1602,1589,1600,1600,1589,1600,1600,1591,1599,1603,1600,1589,1601,1589,1589,1600,1599,1589,1601,1597,1591,1601,1600,1590,1597,1594,1599,1599,1603,1588,1594
1597,1598,1600,1598,1600,1591,1593,1566,1616,1591,1581,1598,1593,1594,1595,1615,1597,1584,1611,1634,1584,1581,1598,1600,1596,1595,1600,1571,1610,1597,1584,1597,1590,1600,1587,1606,1598,1584,1611,1595,1584,1594,1599,1600,1589,1611,1669,1603,1588,1600,1587,1594,1598,1603,1593,1595,1598,1599,1590,1600,1603,1600,1584,1600,1612,1588,1583,1616,1586,1553,1642,1669,1494,1552,1726,1613,1477,1683,1619,1419,1730,1825,1308,1401,1957,1631,1312,1800,1643,1169,1869,2101,1009,1216,2247,1647,1122,1976,1645,862,2064,2409,720,1011,2536,1651,948,2128,1651,643,2161,2586,631,948,2555,1631,985,2153,1623,671,2092,2470,827,1068,2316,1646,1161,1926,1667,1030,1808,2114,1263,1265,1899,1710,1364,1620,1776,1526,1418,1671,1791,1471,1464,1822,1569,1242,1872,1987,1107,1301,2147,1634,1185,1898,1680,1019,1898,2234,991,1121,2266,1719,1094,1873,1746,1019,1824,2240,1087,1104,2184,1775,1127,1766,1799,1172,1686,2105,1295,1173,2000,1811,1243,1626,1809,1373,1569,1920,1458,1293,1825,1802,1351,1524,1789,1522,1503,1754,1578,1403,1697,1761,1449,1498,1726,1607,1505,1658,1619,1491,1623,1697,1529,1529,1661,1608,1552,1600,1616,1567,1595,1631,1590,1569,1610,1609,1589,1583,1610,1607,1574,1590,1623,1598,1582,1606,1600,1571,1616,1626,1535,1578,1627,1601,1582,1611,1600,1579,1611,1616,1581,1590,1615,1590,1584,1609,1584,1582,1629,1616,1569,1600,1616,1575,1614,1633,1547,1558,1648,1603,1558,1618,1603,1535,1632,1650,1535,1562,1650,1602,1557,1632,1602,1549,1627,1648,1550,1563,1648,1610,1553,1584,1610,1569,1601,1646,1574,1568,1636,1600,1553,1587,1639,1583,1579,1632,1595,1535,1653,1648,1535,1562,1657,1599,1555,1632,1577,1527,1633,1667,1527,1555,1669,1602,1554,1627,1600,1535,1627,1661,1545,1555,1649,1600,1562,1632,1600,1554,1611,1635,1568,1573,1627,1594,1583,1601,1609,1584,1600,1610,1594,1586,1601,1613,1586,1584,1616,1606,1579,1593,1616,1590,1585,1616,1598,1571,1618,1616,1568,1583,1623,1596,1584,1616,1599,1569,1616,1623,1568,1586,1628,1600,1582,1616,1600,1574,1607,1622,1584,1580,1616,1602,1581,1603,1603,1588,1593,1616,1591,1571,1610,1609,1584,1584,1610,1599,1584,1609,1605,1581,1602,1616,1594,1582,1630,1601,1588,1601,1610,1574,1614,1629,1577,1570,1626,1605,1579,1611,1600,1573,1611,1633,1572,1581,1626,1607,1587,1614,1594,1555,1616,1615,1584,1586,1607,1593,1598,1609,1591,1586,1603,1599,1595,1601,1594,1594,1602,1598,1584,1605,1597,1587,1616,1602,1597,1597,1595,1589,1604,1601,1584,1589,1617,1597,1600,1603,1587,1584,1605,1601,1589,1600,1600,1586,1603,1600,1587,1590,1606,1585,1590,1596,1598,1585,1604,1602,1590,1597,1600,1581,1598,1603,1597,1591,1598,1598,1600,1603,1595,1600,1602,1600,1593,1606,1601,1566,1600,1616,1589,1597,1601,1595,1600,1608,1594,1586,1600,1602,1587,1598,1600,1588,1616,1605,1585,1591,1590,1600,1594,1600,1578,1588,1600,1603,1601,1599,1599,1599,1594,1602,1597,1591,1603,1598,1596,1600,1598,1593,1600,1605,1595,1596,1600,1597,1598,1601,1591,1597,1600,1600,1598,1604,1599,1589,1606,1602,1600,1600,1600,1588,1601,1606,1584,1594,1604,1599,1598,1600,1591,1587,1605,1605,1585,1600,1606,1594,1590,1602
1598,1594,1578,1608,1600,1580,1596,1600,1593,1599,1600,1601,1581,1593,1599,1597,1597,1600,1598,1586,1590,1603,1585,1593,1605,1600,1588,1597,1599,1587,1568,1600,1584,1598,1602,1599,1597,1591,1599,1584,1597,1601,1584,1595,1607,1600,1597,1599,1605,1603,1591,1591,1601,1591,1594,1614,1600,1587,1584,1603,1597,1580,1613,1617,1561,1567,1664,1618,1508,1604,1660,1523,1599,1730,1473,1426,1823,1725,1314,1601,1793,1403,1610,1953,1311,1184,2100,1867,1042,1616,1949,1201,1636,2256,1089,887,2413,2023,749,1656,2103,979,1680,2540,910,650,2640,2149,586,1676,2163,882,1680,2642,910,606,2581,2135,688,1670,2091,991,1622,2439,1127,830,2240,2017,1010,1568,1942,1315,1488,1992,1531,1216,1729,1879,1424,1386,1808,1761,1287,1456,1969,1634,1221,1744,1802,1221,1688,2128,1162,1031,2257,1931,914,1650,2015,1139,1592,2310,1159,854,2316,2070,850,1552,2096,1203,1498,2266,1279,881,2192,2096,912,1446,2096,1359,1408,2096,1447,1013,1984,2063,1103,1362,2030,1535,1344,1884,1611,1185,1795,1986,1259,1328,1941,1663,1335,1736,1687,1299,1680,1896,1391,1373,1842,1697,1392,1634,1697,1439,1608,1792,1482,1423,1738,1691,1458,1593,1677,1527,1562,1699,1562,1488,1660,1671,1524,1558,1664,1591,1546,1633,1616,1535,1616,1664,1549,1527,1661,1629,1527,1602,1636,1552,1594,1675,1552,1584,1669,1602,1551,1595,1674,1633,1525,1602,1628,1535,1614,1667,1535,1530,1666,1623,1549,1615,1616,1556,1618,1669,1549,1552,1646,1613,1555,1617,1609,1557,1609,1641,1579,1559,1635,1616,1526,1598,1619,1583,1584,1627,1591,1552,1626,1637,1555,1559,1655,1597,1552,1631,1610,1520,1642,1677,1510,1535,1683,1603,1526,1648,1603,1503,1650,1697,1495,1523,1699,1599,1524,1648,1600,1481,1649,1693,1504,1527,1685,1600,1535,1638,1611,1515,1626,1673,1527,1531,1666,1616,1545,1616,1627,1547,1599,1653,1559,1545,1653,1639,1546,1584,1658,1583,1558,1638,1595,1535,1623,1647,1552,1556,1650,1600,1554,1616,1606,1553,1602,1650,1557,1545,1646,1614,1553,1601,1623,1566,1589,1623,1579,1556,1626,1622,1561,1582,1629,1587,1579,1615,1599,1565,1600,1630,1553,1569,1649,1615,1555,1597,1626,1581,1584,1626,1584,1552,1630,1633,1552,1581,1632,1587,1575,1631,1587,1552,1626,1636,1554,1569,1639,1590,1579,1677,1595,1547,1619,1626,1557,1585,1627,1594,1579,1614,1595,1568,1605,1622,1575,1584,1616,1599,1583,1600,1595,1584,1584,1607,1604,1580,1601,1611,1581,1586,1616,1597,1579,1609,1597,1578,1611,1618,1572,1579,1621,1600,1579,1599,1598,1574,1614,1622,1569,1584,1619,1594,1589,1616,1590,1575,1612,1616,1559,1585,1609,1590,1578,1616,1584,1579,1611,1602,1587,1601,1599,1588,1605,1605,1595,1595,1603,1599,1601,1601,1585,1590,1600,1598,1589,1600,1598,1595,1600,1600,1593,1590,1600,1595,1595,1600,1594,1588,1603,1601,1595,1600,1603,1589,1583,1602,1613,1589,1603,1602,1589,1600,1596,1589,1600,1605,1595,1593,1599,1599,1593,1600,1591,1595,1598,1623,1596,1562,1599,1572,1599,1591,1595,1603,1598,1594,1606,1597,1595,1600,1597,1594,1600,1600,1589,1592,1602,1591,1600,1603,1600,1580,1606,1600,1593,1593,1614,1589,1597,1603,1589,1594,1605,1600,1587,1599,1595,1585,1600,1601,1595,1597,1600,1600
1598,1597,1591,1574,1616,1597,1575,1595,1593,1600,1595,1616,1595,1578,1613,1593,1582,1591,1599,1600,1600,1581,1600,1583,1606,1594,1582,1595,1597,1600,1595,1610,1605,1584,1603,1597,1578,1590,1581,1598,1584,1609,1599,1582,1635,1599,1601,1590,1597,1614,1591,1586,1600,1600,1586,1600,1600,1599,1589,1603,1611,1579,1591,1612,1587,1551,1648,1653,1497,1551,1725,1591,1488,1680,1607,1411,1739,1819,1297,1416,1950,1612,1338,1824,1605,1155,1904,2096,977,1248,2247,1599,1169,2024,1583,835,2132,2395,685,1072,2534,1567,994,2218,1567,575,2258,2629,543,960,2638,1575,965,2268,1583,567,2208,2579,663,1008,2461,1599,1072,2092,1655,847,1920,2288,1089,1153,2086,1727,1228,1712,1808,1355,1468,1872,1621,1307,1652,1921,1389,1239,1994,1916,1050,1436,2126,1461,1280,2061,1519,903,2095,2283,818,1171,2368,1559,1102,2084,1622,797,2040,2393,837,1066,2382,1671,1059,1968,1698,912,1884,2320,997,1065,2240,1777,1088,1785,1818,1133,1692,2150,1247,1129,2064,1841,1169,1614,1861,1345,1549,1968,1424,1216,1892,1862,1267,1506,1847,1487,1487,1824,1550,1323,1770,1818,1367,1488,1785,1580,1483,1690,1604,1429,1670,1745,1471,1491,1719,1620,1500,1639,1636,1517,1602,1691,1545,1505,1675,1653,1502,1577,1680,1575,1555,1659,1573,1503,1648,1677,1504,1529,1687,1599,1529,1647,1605,1495,1648,1691,1600,1530,1648,1691,1502,1530,1686,1601,1545,1649,1591,1503,1643,1677,1514,1552,1665,1591,1553,1643,1594,1527,1634,1654,1545,1561,1647,1598,1557,1617,1608,1550,1605,1657,1565,1553,1648,1616,1543,1593,1626,1559,1599,1649,1557,1533,1659,1636,1520,1598,1642,1552,1591,1673,1552,1516,1677,1648,1525,1600,1693,1533,1603,1691,1533,1514,1680,1644,1517,1605,1637,1535,1603,1673,1549,1520,1658,1631,1534,1598,1629,1562,1589,1651,1580,1552,1626,1632,1558,1574,1637,1599,1561,1607,1616,1567,1600,1641,1568,1551,1638,1629,1535,1584,1647,1569,1579,1647,1578,1527,1647,1651,1521,1570,1651,1586,1568,1650,1584,1527,1642,1671,1526,1578,1654,1586,1562,1639,1590,1535,1631,1649,1547,1543,1647,1617,1568,1650,1607,1552,1607,1642,1565,1563,1635,1614,1562,1599,1621,1578,1587,1627,1586,1555,1627,1628,1561,1584,1635,1595,1569,1619,1597,1559,1619,1637,1555,1564,1643,1599,1568,1616,1605,1554,1616,1638,1563,1565,1635,1602,1571,1615,1607,1562,1606,1623,1577,1577,1622,1609,1579,1600,1612,1581,1595,1613,1594,1579,1607,1613,1582,1585,1616,1600,1584,1602,1587,1579,1607,1616,1585,1575,1622,1605,1569,1600,1605,1582,1603,1623,1573,1573,1622,1605,1581,1599,1603,1568,1605,1619,1580,1584,1613,1600,1585,1615,1596,1579,1607,1605,1584,1593,1600,1592,1600,1602,1597,1588,1602,1597,1598,1600,1589,1593,1602,1597,1590,1600,1600,1584,1598,1616,1589,1597,1610,1601,1594,1599,1600,1586,1607,1602,1587,1588,1601,1593,1597,1604,1595,1589,1611,1599,1600,1595,1597,1590,1601,1602,1596,1595,1603,1593,1598,1600,1596,1596,1599,1595,1597,1620,1596,1589,1602,1603,1598,1600,1600,1597,1601,1601,1591,1597,1602,1596,1595,1601,1597,1593,1589,1600,1579,1599,1600,1593,1599,1603,1587,1590,1597,1597,1593,1601,1600,1587,1606,1606,1589,1598,1598,1594,1600,1605,1589,1590,1606,1601
1598,1596,1599,1599,1597,1597,1601,1596,1593,1615,1593,1599,1609,1600,1602,1600,1600,1599,1595,1613,1598,1599,1607,1600,1589,1599,1600,1599,1599,1611,1600,1600,1613,1600,1602,1590,1603,1597,1591,1611,1599,1594,1611,1616,1603,1599,1600,1600,1592,1589,1605,1602,1595,1605,1600,1605,1587,1592,1601,1594,1599,1601,1584,1588,1616,1601,1555,1606,1630,1565,1597,1675,1584,1485,1792,1702,1371,1555,1789,1497,1529,1842,1443,1247,1970,1903,1088,1492,2023,1375,1460,2123,1296,906,2288,2150,723,1428,2279,1200,1408,2448,1135,555,2576,2405,503,1377,2431,1107,1384,2608,1103,506,2555,2398,559,1402,2302,1155,1408,2420,1279,723,2260,2192,971,1392,2032,1451,1369,1920,1658,1257,1603,1881,1562,1328,1722,1898,1291,1262,2112,1850,967,1553,2110,1265,1449,2274,1243,759,2388,2275,619,1392,2383,1239,1305,2433,1266,571,2412,2421,599,1264,2415,1325,1256,2326,1375,673,2220,2354,803,1225,2288,1495,1206,2074,1587,938,1928,2193,1089,1220,2100,1667,1245,1798,1726,1222,1696,1998,1341,1276,1907,1758,1323,1616,1767,1439,1563,1822,1517,1367,1757,1759,1397,1521,1750,1575,1505,1681,1631,1473,1625,1715,1526,1502,1684,1652,1501,1584,1680,1569,1535,1670,1571,1501,1654,1700,1493,1518,1714,1616,1499,1642,1631,1488,1648,1722,1478,1493,1728,1634,1489,1658,1618,1479,1664,1739,1471,1561,1675,1590,1468,1518,1712,1583,1545,1691,1557,1469,1696,1696,1477,1575,1679,1552,1587,1698,1535,1490,1696,1671,1502,1584,1649,1551,1598,1685,1551,1514,1673,1645,1521,1598,1646,1557,1584,1667,1557,1521,1642,1660,1514,1572,1680,1581,1551,1659,1595,1503,1662,1689,1489,1535,1707,1598,1524,1664,1599,1482,1663,1714,1479,1532,1718,1603,1515,1662,1615,1488,1650,1712,1501,1514,1703,1616,1518,1623,1637,1518,1610,1683,1550,1518,1670,1648,1527,1587,1662,1571,1556,1657,1601,1519,1645,1680,1520,1535,1683,1616,1522,1627,1634,1523,1612,1695,1527,1505,1699,1649,1497,1600,1661,1546,1588,1687,1555,1497,1680,1655,1502,1583,1668,1571,1569,1664,1583,1503,1658,1668,1520,1555,1669,1597,1547,1637,1609,1535,1616,1665,1549,1546,1664,1626,1533,1603,1635,1566,1589,1662,1578,1529,1655,1650,1526,1579,1655,1584,1562,1657,1587,1522,1648,1679,1521,1563,1665,1597,1558,1648,1593,1518,1643,1664,1530,1573,1657,1584,1565,1633,1597,1535,1632,1648,1552,1573,1641,1600,1578,1621,1600,1563,1623,1628,1590,1579,1627,1603,1584,1595,1621,1587,1587,1613,1594,1578,1609,1617,1573,1579,1621,1600,1573,1611,1603,1571,1610,1632,1567,1557,1630,1585,1580,1618,1600,1570,1615,1634,1574,1579,1625,1595,1588,1614,1594,1578,1616,1616,1585,1588,1606,1594,1600,1605,1594,1589,1596,1603,1579,1597,1602,1601,1597,1595,1603,1602,1599,1587,1611,1602,1587,1597,1605,1587,1606,1613,1593,1584,1628,1602,1588,1602,1606,1581,1600,1619,1582,1587,1619,1600,1587,1608,1600,1584,1613,1616,1579,1586,1618,1596,1589,1613,1598,1584,1612,1613,1582,1584,1614,1601,1590,1616,1598,1589,1606,1613,1589,1586,1609,1600,1589,1603,1603,1593,1581,1610,1594,1589,1613,1609,1587,1591,1583,1597,1601,1603,1602,1583,1606,1616,1581,1587,1616,1599,1583,1606,1600,1582,1602,1616,1577,1585,1616,1591,1586,1615
1587,1597,1605,1596,1600,1597,1606,1585,1602,1608,1591,1599,1614,1591,1603,1600,1600,1588,1600,1600,1589,1600,1603,1596,1600,1597,1596,1594,1595,1601,1593,1607,1601,1606,1596,1602,1601,1589,1598,1597,1592,1595,1606,1600,1589,1595,1600,1612,1589,1593,1602,1598,1595,1600,1600,1591,1602,1600,1575,1587,1599,1600,1571,1587,1641,1595,1558,1616,1648,1552,1611,1680,1504,1479,1766,1687,1374,1596,1769,1453,1586,1893,1363,1215,2044,1846,1059,1557,1973,1237,1580,2208,1135,848,2416,2113,683,1600,2199,1003,1600,2624,895,523,2752,2301,495,1594,2288,855,1600,2793,807,501,2736,2289,522,1616,2192,911,1613,2592,1063,688,2341,2096,948,1582,1942,1275,1519,2000,1520,1242,1680,1814,1550,1431,1682,1816,1343,1309,2066,1830,977,1525,2103,1286,1442,2268,1229,752,2416,2272,623,1380,2381,1199,1332,2480,1183,547,2437,2415,567,1307,2385,1263,1296,2392,1327,651,2284,2337,759,1280,2266,1414,1265,2132,1507,911,1985,2170,1066,1290,2073,1583,1305,1856,1639,1200,1754,1968,1319,1337,1873,1680,1365,1672,1695,1414,1616,1792,1487,1427,1727,1683,1473,1584,1669,1549,1567,1665,1601,1525,1613,1649,1579,1554,1632,1629,1551,1581,1650,1599,1551,1616,1619,1533,1616,1671,1525,1530,1683,1662,1511,1622,1625,1516,1630,1691,1500,1516,1702,1617,1523,1648,1603,1486,1664,1705,1477,1533,1686,1581,1471,1553,1687,1554,1574,1712,1531,1478,1710,1680,1473,1594,1664,1520,1610,1712,1513,1488,1705,1648,1493,1614,1638,1520,1606,1698,1521,1502,1686,1641,1517,1595,1650,1549,1581,1677,1573,1499,1667,1671,1494,1553,1690,1584,1533,1664,1599,1479,1673,1711,1471,1509,1732,1598,1495,1678,1614,1466,1664,1748,1459,1488,1744,1619,1478,1664,1627,1466,1648,1739,1475,1487,1730,1635,1488,1620,1632,1499,1604,1712,1520,1485,1682,1666,1481,1584,1682,1564,1554,1674,1587,1488,1650,1693,1493,1523,1702,1615,1507,1625,1636,1506,1621,1713,1515,1490,1709,1667,1488,1597,1664,1520,1585,1703,1549,1486,1695,1670,1487,1556,1679,1562,1559,1680,1579,1491,1666,1680,1501,1551,1680,1591,1543,1644,1606,1515,1627,1679,1520,1535,1673,1620,1520,1627,1636,1546,1600,1648,1555,1520,1666,1647,1520,1585,1657,1567,1575,1677,1573,1529,1661,1657,1519,1535,1661,1580,1568,1657,1584,1520,1648,1653,1530,1573,1650,1583,1571,1644,1581,1543,1623,1642,1547,1584,1633,1587,1551,1641,1594,1571,1609,1622,1580,1586,1605,1601,1584,1597,1609,1600,1584,1605,1597,1578,1608,1613,1569,1578,1627,1593,1571,1611,1605,1567,1614,1635,1563,1573,1638,1602,1574,1616,1601,1563,1621,1634,1567,1575,1622,1599,1573,1616,1605,1569,1604,1618,1569,1584,1617,1594,1587,1609,1599,1584,1600,1610,1586,1587,1609,1615,1584,1595,1614,1600,1567,1589,1606,1596,1585,1611,1600,1575,1597,1618,1566,1578,1619,1593,1578,1613,1595,1565,1613,1617,1563,1583,1621,1600,1581,1616,1591,1569,1616,1631,1567,1584,1615,1583,1584,1616,1595,1579,1615,1616,1579,1588,1616,1599,1586,1603,1595,1582,1602,1607,1584,1587,1605,1605,1588,1595,1626,1587,1599,1603,1600,1588,1600,1613,1573,1585,1613,1597,1581,1602,1601,1579,1606,1618,1578,1583,1616,1601,1580,1608,1598,1579,1602,1623,1569,1584,1638,1603,1580,1610
1599,1590,1600,1591,1599,1569,1612,1591,1559,1600,1616,1594,1597,1605,1586,1571,1587,1591,1575,1604,1593,1599,1593,1600,1600,1583,1599,1593,1573,1598,1597,1600,1597,1600,1603,1563,1603,1569,1575,1590,1599,1597,1594,1602,1603,1605,1588,1596,1611,1591,1586,1602,1600,1595,1598,1600,1593,1590,1599,1601,1582,1596,1613,1586,1571,1617,1598,1547,1634,1665,1490,1515,1741,1616,1444,1664,1658,1408,1690,1851,1302,1353,1993,1669,1220,1765,1735,1162,1812,2165,1015,1111,2338,1727,970,1925,1795,835,1968,2502,720,878,2646,1779,762,2056,1847,625,2002,2688,653,800,2657,1779,809,2060,1811,691,1936,2538,877,936,2352,1767,1042,1845,1810,1086,1657,2112,1377,1200,1841,1799,1342,1469,1868,1664,1250,1574,1968,1503,1298,1914,1631,1075,1908,2192,945,1136,2368,1693,962,1953,1799,839,1909,2457,834,912,2486,1808,861,1908,1887,863,1805,2448,967,900,2371,1878,917,1770,1939,1055,1643,2268,1211,993,2138,1919,1072,1584,1936,1311,1494,2036,1442,1147,1910,1929,1227,1472,1899,1509,1424,1822,1591,1299,1735,1854,1371,1431,1818,1621,1434,1686,1646,1424,1633,1771,1479,1456,1733,1659,1472,1607,1666,1521,1578,1690,1565,1495,1660,1661,1515,1565,1665,1583,1550,1639,1605,1533,1615,1649,1535,1525,1665,1613,1535,1618,1616,1530,1616,1668,1523,1534,1643,1609,1547,1632,1600,1520,1549,1673,1584,1512,1655,1667,1503,1559,1658,1576,1578,1663,1559,1510,1669,1650,1526,1586,1634,1552,1600,1662,1552,1525,1652,1621,1553,1606,1603,1558,1598,1641,1569,1564,1611,1606,1573,1589,1603,1583,1586,1606,1599,1582,1599,1613,1584,1574,1622,1618,1552,1593,1622,1580,1584,1639,1572,1555,1648,1632,1522,1569,1645,1575,1574,1650,1561,1521,1648,1648,1520,1565,1649,1581,1568,1648,1580,1521,1651,1659,1518,1554,1654,1599,1584,1632,1607,1529,1617,1664,1545,1535,1666,1627,1520,1601,1637,1549,1597,1671,1535,1510,1669,1648,1505,1586,1653,1553,1582,1680,1553,1500,1673,1663,1506,1569,1662,1564,1574,1663,1570,1503,1663,1664,1515,1565,1670,1578,1558,1648,1589,1523,1637,1650,1470,1563,1639,1589,1568,1626,1590,1550,1616,1632,1562,1565,1621,1600,1573,1601,1613,1579,1594,1613,1591,1553,1613,1619,1570,1586,1623,1600,1569,1607,1602,1569,1603,1632,1563,1568,1635,1614,1566,1606,1609,1567,1600,1637,1546,1569,1618,1610,1567,1600,1603,1567,1601,1623,1575,1571,1615,1607,1580,1597,1605,1596,1593,1607,1595,1585,1606,1600,1584,1584,1609,1601,1577,1600,1603,1583,1589,1618,1583,1573,1631,1611,1584,1599,1607,1571,1603,1621,1572,1567,1626,1602,1566,1602,1591,1566,1601,1623,1567,1579,1616,1591,1582,1613,1590,1569,1610,1611,1581,1584,1613,1591,1591,1604,1590,1580,1601,1602,1584,1597,1600,1593,1589,1595,1598,1600,1574,1597,1599,1595,1589,1599,1598,1585,1602,1602,1584,1589,1607,1599,1584,1603,1598,1584,1603,1605,1581,1595,1607,1601,1584,1613,1590,1584,1602,1610,1583,1595,1605,1591,1595,1605,1589,1584,1599,1596,1585,1595,1597,1589,1552,1600,1597,1595,1594,1599,1616,1598,1597,1595,1600,1595,1600,1599,1593,1591,1602,1595,1597,1598,1596,1586,1603,1602,1586,1589,1605,1585,1598,1599,1590,1585,1610,1577,1580,1599,1600,1585,1595,1614,1581,1584
1594,1594,1600,1596,1594,1566,1609,1600,1571,1600,1594,1599,1607,1616,1600,1573,1609,1597,1582,1591,1601,1600,1593,1610,1603,1575,1607,1600,1571,1584,1600,1597,1590,1616,1600,1573,1600,1600,1575,1598,1600,1599,1592,1611,1611,1601,1598,1597,1598,1595,1601,1602,1600,1595,1600,1600,1594,1595,1600,1597,1589,1586,1600,1585,1584,1616,1548,1557,1648,1645,1491,1567,1705,1565,1523,1700,1552,1409,1777,1793,1295,1475,1901,1531,1424,1872,1491,1152,1994,2032,995,1365,2163,1458,1319,2116,1397,832,2256,2288,671,1264,2402,1359,1227,2344,1343,592,2378,2448,577,1222,2434,1339,1296,2364,1349,629,2272,2369,757,1264,2261,1421,1284,2128,1519,944,1926,2125,1167,1299,1974,1649,1302,1706,1802,1411,1452,1824,1655,1314,1674,1942,1317,1242,2051,1857,1066,1557,2011,1323,1460,2128,1343,944,2160,2114,895,1396,2169,1382,1349,2144,1439,903,2092,2177,955,1313,2154,1495,1281,2001,1583,1022,1897,2124,1121,1264,2067,1651,1261,1796,1715,1223,1708,2001,1313,1265,1938,1755,1279,1621,1790,1392,1570,1886,1467,1301,1840,1805,1328,1525,1801,1515,1507,1786,1552,1361,1744,1791,1399,1497,1766,1578,1491,1712,1593,1430,1680,1744,1462,1499,1726,1605,1506,1662,1619,1473,1639,1714,1499,1482,1696,1639,1514,1628,1626,1513,1622,1694,1520,1516,1682,1635,1520,1615,1631,1522,1619,1687,1518,1513,1618,1617,1511,1520,1684,1622,1521,1635,1607,1520,1634,1690,1520,1531,1672,1600,1552,1638,1591,1525,1632,1658,1535,1571,1633,1591,1584,1630,1584,1558,1622,1618,1575,1595,1602,1587,1590,1609,1598,1590,1590,1601,1600,1591,1600,1610,1584,1580,1622,1615,1563,1599,1615,1573,1601,1635,1565,1557,1648,1615,1555,1602,1616,1563,1612,1657,1563,1557,1649,1613,1553,1610,1616,1562,1602,1641,1569,1556,1637,1616,1558,1594,1619,1581,1582,1631,1569,1555,1637,1637,1552,1569,1645,1600,1559,1616,1616,1551,1614,1650,1552,1551,1658,1618,1547,1604,1625,1546,1613,1659,1548,1543,1664,1598,1532,1600,1629,1522,1609,1627,1553,1547,1658,1629,1535,1603,1625,1553,1602,1655,1555,1549,1647,1618,1552,1603,1615,1565,1617,1644,1624,1561,1637,1616,1569,1598,1617,1577,1593,1619,1584,1578,1614,1610,1581,1595,1611,1595,1590,1607,1600,1584,1600,1613,1584,1586,1611,1602,1585,1597,1601,1585,1603,1613,1569,1584,1611,1602,1585,1595,1571,1587,1595,1600,1595,1585,1602,1600,1597,1598,1598,1599,1597,1599,1598,1600,1587,1600,1600,1590,1595,1606,1587,1584,1613,1602,1582,1600,1605,1581,1600,1627,1575,1584,1620,1618,1577,1616,1601,1579,1615,1628,1575,1584,1623,1597,1585,1614,1585,1572,1618,1619,1575,1588,1610,1585,1593,1615,1599,1575,1618,1607,1583,1597,1595,1589,1599,1616,1587,1585,1609,1601,1584,1600,1600,1597,1587,1595,1603,1595,1572,1597,1581,1595,1604,1603,1587,1591,1602,1601,1588,1604,1599,1588,1600,1605,1585,1590,1607,1600,1588,1601,1600,1589,1602,1600,1588,1584,1605,1589,1595,1605,1593,1590,1601,1606,1587,1599,1603,1594,1603,1605,1589,1591,1614,1600,1593,1600,1599,1591,1623,1603,1634,1589,1659,1596,1601,1600,1590,1596,1601,1601,1587,1598,1595,1594,1599,1604,1589,1597,1601,1594,1595,1600,1591,1585,1600,1655,1586,1653,1598,1584,1600,1570,1584,1600
1591,1590,1543,1594,1617,1596,1597,1603,1596,1583,1605,1605,1583,1598,1607,1599,1595,1600,1582,1585,1611,1606,1585,1600,1610,1599,1594,1600,1599,1584,1600,1607,1585,1592,1609,1602,1594,1601,1600,1584,1599,1613,1575,1602,1615,1610,1599,1600,1602,1610,1584,1587,1600,1594,1589,1600,1599,1584,1600,1605,1589,1575,1616,1616,1554,1573,1652,1607,1519,1619,1629,1503,1631,1733,1450,1438,1835,1685,1337,1650,1739,1357,1676,1970,1243,1206,2121,1797,1080,1713,1855,1119,1770,2289,976,939,2448,1902,803,1828,1955,848,1850,2604,759,697,2700,1999,643,1864,2013,731,1862,2710,753,656,2642,1997,719,1840,1978,843,1773,2512,999,846,2314,1942,1001,1680,1909,1214,1552,2076,1453,1178,1808,1889,1347,1408,1867,1713,1263,1552,1954,1531,1296,1843,1686,1151,1816,2155,1062,1109,2288,1799,977,1792,1879,1009,1765,2362,1003,909,2378,1935,894,1728,1959,1055,1678,2342,1119,912,2273,1975,951,1627,1975,1207,1568,2184,1299,1039,2078,1959,1104,1552,1936,1383,1488,1975,1459,1179,1888,1904,1249,1470,1872,1519,1464,1821,1563,1317,1750,1829,1360,1479,1782,1575,1498,1734,1589,1413,1701,1745,1443,1526,1707,1574,1529,1691,1562,1490,1673,1675,1504,1584,1649,1562,1586,1665,1558,1531,1648,1629,1549,1601,1616,1565,1600,1647,1568,1562,1627,1615,1567,1600,1613,1584,1590,1620,1597,1570,1575,1615,1601,1578,1601,1630,1570,1569,1634,1616,1557,1599,1627,1563,1597,1627,1579,1547,1639,1602,1553,1595,1634,1575,1584,1631,1589,1552,1621,1630,1559,1575,1627,1598,1579,1616,1614,1569,1616,1637,1623,1559,1627,1627,1567,1591,1639,1574,1584,1648,1571,1529,1655,1649,1518,1574,1662,1571,1574,1661,1571,1493,1666,1664,1504,1561,1668,1572,1574,1680,1569,1497,1664,1666,1504,1568,1665,1578,1565,1651,1589,1511,1647,1662,1549,1554,1666,1599,1559,1631,1623,1531,1616,1658,1535,1535,1663,1626,1529,1601,1639,1553,1590,1659,1566,1520,1664,1647,1520,1579,1657,1552,1577,1649,1582,1554,1654,1660,1520,1565,1665,1581,1568,1648,1585,1520,1627,1655,1520,1565,1653,1590,1548,1633,1594,1535,1625,1648,1552,1577,1630,1599,1575,1618,1600,1567,1605,1627,1578,1579,1621,1599,1582,1600,1608,1584,1588,1611,1593,1584,1601,1607,1582,1584,1617,1610,1580,1611,1603,1574,1600,1645,1582,1579,1626,1604,1575,1600,1606,1574,1600,1620,1581,1577,1616,1609,1581,1602,1594,1584,1608,1606,1589,1584,1593,1600,1594,1591,1601,1593,1591,1599,1601,1594,1600,1600,1585,1584,1601,1608,1582,1589,1615,1589,1591,1616,1590,1582,1616,1612,1579,1598,1614,1587,1595,1616,1583,1573,1617,1609,1579,1600,1599,1582,1604,1616,1582,1585,1603,1603,1585,1606,1598,1586,1591,1606,1589,1596,1605,1600,1598,1609,1596,1595,1605,1600,1593,1595,1601,1598,1600,1598,1610,1596,1602,1600,1598,1600,1588,1598,1603,1597,1599,1600,1591,1591,1600,1601,1587,1599,1599,1589,1602,1600,1589,1584,1603,1595,1595,1610,1598,1595,1605,1600,1588,1587,1602,1590,1599,1604,1593,1590,1608,1601,1595,1600,1601,1585,1616,1602,1588,1595,1602,1595,1596,1600,1593,1591,1601,1600,1599,1601,1594,1590,1600,1599,1588,1615,1596,1593,1597,1607,1594,1594,1605,1595,1591,1600,1597,1586,1600,1601,1585,1599,1600,1589
1586,1586,1590,1587,1585,1576,1604,1595,1582,1584,1599,1586,1596,1583,1587,1590,1591,1600,1583,1591,1595,1620,1590,1599,1595,1598,1589,1599,1584,1582,1597,1600,1594,1563,1600,1584,1589,1598,1584,1589,1600,1591,1592,1587,1602,1601,1581,1584,1600,1591,1586,1590,1585,1586,1617,1597,1637,1584,1594,1603,1577,1580,1615,1601,1550,1594,1631,1567,1565,1648,1558,1487,1699,1702,1408,1520,1776,1547,1477,1766,1518,1296,1866,1872,1154,1425,2003,1483,1376,1979,1439,1006,2112,2131,839,1328,2253,1383,1282,2240,1343,699,2320,2358,611,1257,2407,1311,1274,2368,1279,601,2368,2365,656,1314,2285,1279,1361,2298,1311,783,2168,2151,976,1417,1983,1373,1488,1979,1462,1195,1781,1789,1455,1526,1634,1583,1573,1561,1680,1697,1362,1463,1894,1609,1319,1774,1631,1201,1853,2045,1094,1255,2130,1631,1237,1892,1635,1040,1897,2170,1041,1191,2158,1649,1200,1872,1665,1087,1822,2126,1151,1225,2045,1693,1258,1754,1707,1251,1694,1959,1335,1281,1876,1718,1343,1636,1718,1415,1592,1810,1475,1386,1746,1710,1433,1568,1693,1521,1562,1700,1550,1469,1664,1666,1506,1568,1634,1566,1586,1636,1564,1553,1614,1598,1582,1615,1577,1547,1632,1603,1551,1602,1597,1527,1625,1648,1521,1535,1655,1588,1551,1630,1578,1509,1644,1663,1509,1553,1651,1575,1568,1643,1566,1519,1636,1642,1529,1571,1610,1569,1590,1626,1607,1554,1585,1654,1579,1575,1594,1595,1587,1597,1584,1586,1593,1583,1600,1598,1568,1575,1613,1589,1574,1601,1599,1568,1599,1607,1580,1575,1613,1586,1583,1598,1591,1573,1599,1600,1584,1580,1594,1598,1582,1585,1600,1599,1581,1586,1598,1578,1594,1585,1574,1568,1614,1604,1564,1600,1600,1566,1601,1617,1569,1562,1621,1597,1569,1603,1588,1559,1602,1620,1561,1570,1594,1584,1581,1613,1558,1567,1611,1605,1572,1587,1597,1578,1597,1606,1583,1582,1600,1586,1589,1598,1587,1572,1595,1584,1583,1593,1595,1584,1597,1597,1582,1611,1598,1585,1588,1599,1582,1583,1600,1594,1585,1590,1585,1582,1600,1598,1587,1585,1587,1589,1594,1596,1593,1585,1595,1588,1589,1594,1584,1587,1591,1591,1585,1594,1584,1584,1598,1595,1580,1591,1598,1583,1591,1601,1575,1581,1605,1596,1579,1597,1591,1574,1591,1606,1566,1582,1600,1589,1584,1604,1585,1571,1602,1602,1574,1592,1591,1581,1598,1601,1556,1580,1602,1590,1593,1597,1584,1577,1600,1597,1580,1591,1591,1583,1597,1602,1577,1584,1600,1585,1586,1574,1583,1577,1601,1597,1581,1568,1586,1583,1594,1600,1581,1584,1598,1584,1589,1595,1584,1579,1596,1591,1574,1593,1579,1584,1585,1598,1584,1590,1578,1583,1595,1590,1580,1585,1586,1589,1589,1599,1581,1583,1599,1589,1585,1594,1587,1581,1598,1600,1575,1591,1597,1584,1595,1600,1583,1584,1601,1594,1585,1600,1595,1552,1587,1600,1584,1584,1598,1598,1582,1587,1589,1583,1586,1598,1584,1583,1590,1587,1584,1587,1587,1586,1591,1600,1584,1601,1591,1584,1593,1588,1586,1584,1590,1585,1595,1591,1587,1584,1595,1593,1584,1591,1587,1584,1606,1597,1584,1590,1605,1590,1590,1600,1586,1584,1597,1595,1584,1591,1590,1583,1590,1595,1581,1585,1594,1578,1589,1594,1584,1591,1595,1611,1585,1587,1587,1594,1598,1593,1585,1584,1599,1587,1586,1598,1584,1583,1591,1591,1587,1588,1591,1584
1599,1598,1576,1599,1597,1584,1609,1591,1584,1600,1594,1600,1596,1603,1598,1584,1602,1596,1583,1579,1590,1606,1598,1600,1598,1585,1600,1597,1584,1595,1594,1595,1595,1600,1597,1557,1600,1593,1584,1568,1595,1600,1593,1600,1602,1600,1597,1598,1600,1589,1595,1601,1598,1591,1599,1598,1597,1595,1610,1593,1588,1594,1616,1585,1584,1615,1601,1552,1621,1659,1507,1523,1724,1630,1456,1638,1666,1440,1665,1814,1355,1361,1937,1704,1258,1716,1744,1223,1750,2082,1115,1141,2233,1787,1029,1808,1815,983,1868,2384,875,909,2496,1853,853,1889,1861,827,1926,2517,827,868,2465,1823,944,1908,1783,895,1866,2352,1045,1059,2160,1749,1220,1774,1713,1247,1655,1906,1487,1398,1648,1694,1574,1510,1691,1756,1335,1361,2011,1744,1131,1680,1872,1203,1682,2212,1098,960,2352,1950,863,1692,1991,1023,1696,2410,1023,830,2402,2001,851,1682,1983,1067,1664,2333,1139,927,2228,1954,1018,1618,1923,1246,1574,2092,1363,1136,1945,1875,1251,1531,1830,1473,1498,1812,1567,1351,1707,1783,1451,1478,1735,1631,1485,1622,1674,1520,1571,1690,1590,1494,1655,1685,1519,1525,1686,1630,1499,1591,1669,1553,1552,1670,1591,1488,1657,1696,1486,1502,1719,1623,1484,1642,1637,1484,1633,1742,1478,1473,1744,1651,1456,1629,1660,1462,1626,1725,1487,1456,1735,1655,1472,1630,1645,1487,1630,1720,1488,1495,1699,1622,1511,1633,1678,1602,1552,1648,1597,1533,1633,1660,1547,1584,1625,1587,1587,1622,1578,1563,1622,1615,1571,1600,1601,1578,1605,1616,1582,1583,1606,1594,1593,1602,1616,1588,1569,1606,1616,1583,1611,1611,1575,1582,1628,1602,1566,1612,1602,1563,1618,1643,1552,1566,1648,1605,1554,1618,1600,1524,1628,1625,1535,1558,1650,1599,1564,1634,1598,1535,1628,1648,1549,1566,1639,1596,1577,1622,1596,1561,1609,1629,1567,1580,1616,1605,1571,1602,1596,1586,1589,1600,1604,1586,1600,1613,1586,1575,1615,1615,1571,1584,1622,1589,1584,1620,1591,1575,1615,1617,1568,1554,1627,1600,1579,1587,1600,1573,1603,1619,1573,1577,1617,1600,1581,1598,1613,1584,1594,1616,1589,1577,1613,1616,1575,1584,1617,1600,1577,1605,1607,1581,1600,1622,1577,1569,1632,1600,1565,1591,1615,1580,1600,1637,1582,1563,1627,1616,1567,1600,1619,1574,1600,1623,1574,1563,1618,1616,1575,1596,1615,1575,1600,1612,1585,1579,1606,1607,1587,1594,1601,1591,1581,1600,1599,1595,1590,1606,1623,1589,1601,1611,1584,1585,1615,1597,1586,1599,1600,1574,1609,1618,1573,1587,1614,1597,1586,1611,1588,1582,1609,1627,1579,1599,1606,1578,1597,1618,1584,1584,1611,1600,1591,1602,1588,1584,1604,1603,1573,1598,1600,1589,1611,1603,1590,1591,1578,1591,1605,1607,1586,1584,1606,1600,1585,1600,1597,1584,1602,1607,1584,1590,1607,1591,1594,1607,1587,1570,1603,1606,1587,1584,1603,1600,1594,1603,1595,1587,1600,1607,1591,1586,1598,1592,1598,1602,1590,1594,1600,1595,1598,1584,1594,1590,1597,1594,1595,1607,1599,1593,1600,1596,1591,1597,1600,1593,1605,1600,1590,1593,1605,1593,1595,1607,1601,1585,1609,1603,1583,1599,1605,1588,1600,1612,1584,1589,1610,1601,1589,1600,1600,1584,1601,1607,1584,1587,1604,1596,1596,1607,1594,1589,1601,1605,1589,1594,1600,1591,1597,1603,1589,1596,1599,1596,1588,1600,1589,1589
1600,1595,1595,1574,1605,1602,1584,1598,1599,1594,1599,1611,1594,1581,1613,1599,1582,1590,1589,1598,1588,1610,1600,1578,1600,1597,1584,1595,1600,1597,1598,1604,1600,1582,1613,1600,1584,1591,1600,1587,1594,1613,1593,1579,1611,1600,1600,1597,1599,1603,1594,1596,1602,1599,1586,1600,1603,1590,1590,1597,1606,1575,1597,1600,1583,1563,1648,1644,1493,1568,1709,1583,1514,1690,1580,1424,1752,1792,1311,1461,1904,1563,1369,1840,1535,1175,1938,2032,1031,1336,2165,1505,1274,2064,1471,872,2180,2293,723,1212,2411,1443,1157,2268,1431,623,2306,2483,592,1109,2480,1435,1154,2296,1431,635,2240,2418,743,1190,2305,1471,1242,2115,1552,919,1932,2147,1156,1296,1963,1633,1350,1718,1744,1415,1483,1774,1683,1392,1584,1878,1441,1262,1957,1939,1067,1400,2118,1487,1290,2032,1507,931,2080,2239,863,1229,2298,1534,1184,2082,1567,829,2032,2294,912,1173,2240,1603,1194,1968,1639,1007,1872,2165,1131,1217,2069,1685,1255,1766,1719,1259,1670,1965,1395,1296,1870,1747,1344,1589,1766,1478,1526,1784,1559,1385,1712,1773,1431,1488,1757,1615,1472,1648,1648,1477,1614,1740,1520,1474,1699,1647,1488,1578,1679,1562,1552,1667,1595,1499,1639,1682,1520,1524,1689,1621,1505,1619,1648,1521,1600,1689,1529,1497,1716,1657,1489,1594,1655,1535,1594,1693,1533,1495,1687,1659,1502,1598,1647,1535,1606,1681,1631,1520,1629,1676,1506,1543,1663,1611,1570,1628,1595,1550,1632,1643,1549,1578,1631,1585,1585,1633,1575,1558,1628,1627,1565,1601,1610,1573,1600,1621,1583,1570,1616,1600,1571,1601,1616,1575,1584,1610,1600,1577,1601,1621,1577,1571,1635,1609,1555,1601,1618,1567,1595,1648,1569,1547,1652,1632,1530,1598,1634,1561,1598,1663,1557,1521,1658,1638,1525,1610,1637,1563,1595,1651,1573,1535,1648,1632,1552,1586,1622,1583,1591,1628,1587,1563,1618,1626,1582,1579,1632,1603,1570,1597,1611,1591,1587,1615,1597,1568,1628,1623,1584,1574,1633,1601,1571,1611,1598,1567,1615,1630,1568,1571,1631,1615,1565,1599,1616,1574,1597,1626,1583,1567,1625,1613,1566,1606,1621,1588,1583,1622,1598,1573,1611,1621,1575,1595,1625,1603,1569,1603,1616,1575,1598,1622,1582,1568,1633,1614,1553,1596,1630,1584,1609,1626,1584,1564,1628,1621,1557,1594,1623,1582,1587,1625,1584,1571,1622,1615,1573,1595,1609,1585,1598,1616,1583,1565,1611,1606,1589,1561,1600,1587,1597,1610,1597,1589,1600,1598,1600,1598,1597,1599,1591,1591,1603,1601,1585,1599,1619,1589,1597,1612,1564,1584,1611,1605,1584,1600,1615,1585,1605,1614,1584,1585,1609,1598,1595,1604,1597,1584,1603,1604,1590,1598,1601,1600,1601,1602,1589,1571,1600,1600,1600,1601,1589,1592,1600,1601,1596,1601,1594,1589,1606,1600,1589,1602,1602,1584,1607,1607,1586,1600,1621,1595,1584,1599,1603,1585,1603,1613,1584,1586,1612,1598,1581,1607,1600,1584,1616,1606,1584,1594,1605,1595,1588,1610,1595,1584,1603,1605,1586,1596,1602,1590,1595,1609,1597,1594,1600,1604,1595,1596,1598,1596,1595,1601,1600,1597,1595,1600,1600,1598,1596,1613,1591,1600,1614,1600,1590,1599,1598,1591,1600,1603,1587,1587,1604,1600,1593,1600,1599,1584,1600,1613,1596,1586,1605,1593,1584,1601,1595,1586,1602,1604,1586,1595,1603,1586,1597,1606,1591,1587,1600,1600
1606,1598,1600,1600,1591,1595,1602,1605,1600,1599,1600,1589,1594,1600,1593,1597,1600,1613,1597,1586,1597,1645,1598,1573,1599,1601,1600,1600,1598,1597,1601,1598,1597,1600,1599,1598,1601,1601,1591,1596,1603,1594,1595,1593,1603,1602,1589,1590,1599,1600,1594,1600,1591,1571,1594,1602,1591,1589,1600,1649,1582,1588,1618,1596,1566,1601,1618,1561,1600,1663,1553,1503,1697,1674,1424,1580,1744,1499,1564,1808,1443,1315,1924,1827,1177,1549,1920,1374,1518,2064,1295,1034,2204,2013,885,1522,2113,1201,1518,2346,1133,741,2448,2195,662,1506,2215,1103,1524,2480,1087,676,2442,2187,747,1552,2113,1131,1556,2339,1229,819,2160,2012,1085,1534,1891,1371,1510,1920,1559,1314,1665,1781,1551,1456,1674,1761,1367,1377,1936,1780,1152,1569,1959,1350,1497,2110,1301,963,2210,2090,853,1457,2157,1275,1432,2262,1279,817,2253,2179,839,1414,2149,1303,1411,2192,1367,907,2112,2112,1009,1408,2047,1438,1397,1984,1511,1127,1870,1966,1250,1405,1895,1583,1412,1762,1614,1344,1662,1830,1437,1424,1776,1671,1443,1615,1682,1501,1584,1717,1555,1470,1680,1680,1494,1552,1670,1583,1552,1634,1613,1535,1601,1630,1570,1520,1638,1641,1535,1583,1639,1590,1555,1622,1613,1552,1610,1655,1552,1535,1663,1622,1529,1605,1630,1549,1604,1670,1535,1532,1669,1618,1535,1616,1613,1527,1632,1665,1530,1555,1662,1605,1530,1626,1642,1574,1594,1658,1556,1522,1663,1629,1533,1605,1617,1535,1619,1667,1534,1562,1664,1616,1551,1632,1605,1535,1619,1655,1547,1562,1647,1609,1559,1615,1616,1563,1596,1632,1579,1563,1632,1646,1552,1583,1648,1587,1570,1625,1606,1534,1625,1657,1527,1551,1672,1612,1543,1619,1615,1527,1614,1678,1533,1535,1689,1619,1530,1616,1620,1533,1615,1668,1550,1535,1656,1619,1551,1604,1626,1561,1598,1644,1583,1555,1627,1622,1566,1620,1629,1597,1571,1620,1602,1572,1600,1637,1577,1558,1638,1618,1553,1595,1631,1579,1587,1633,1583,1550,1632,1632,1548,1584,1647,1587,1576,1632,1589,1552,1628,1632,1553,1583,1631,1594,1579,1621,1600,1559,1616,1632,1571,1578,1619,1601,1577,1609,1603,1581,1597,1616,1585,1591,1611,1616,1579,1590,1615,1596,1584,1609,1599,1584,1599,1621,1579,1582,1621,1604,1570,1603,1653,1582,1612,1621,1585,1574,1623,1605,1581,1612,1601,1578,1604,1621,1581,1583,1616,1600,1587,1600,1594,1585,1602,1610,1589,1590,1600,1590,1597,1599,1595,1595,1593,1598,1603,1599,1590,1601,1584,1587,1614,1600,1584,1589,1613,1591,1585,1613,1585,1583,1614,1611,1574,1595,1603,1584,1600,1616,1579,1580,1616,1601,1581,1587,1597,1574,1606,1614,1578,1589,1612,1591,1587,1613,1589,1575,1606,1600,1583,1586,1597,1583,1600,1599,1591,1581,1600,1599,1597,1602,1596,1594,1600,1594,1600,1603,1589,1591,1605,1615,1586,1597,1606,1584,1595,1613,1590,1589,1608,1616,1584,1598,1602,1587,1597,1604,1588,1585,1611,1599,1590,1597,1595,1587,1600,1605,1593,1591,1585,1591,1591,1599,1593,1596,1597,1594,1591,1598,1590,1590,1598,1595,1595,1600,1598,1589,1604,1600,1588,1595,1600,1590,1598,1614,1588,1584,1601,1593,1587,1591,1599,1584,1603,1605,1585,1587,1611,1597,1589,1606,1594,1587,1607,1606,1582,1595,1584,1591,1605,1605,1591,1584,1599,1599,1590,1605,1594,1587
1596,1594,1595,1596,1593,1600,1594,1581,1602,1601,1599,1589,1598,1597,1600,1591,1589,1598,1600,1599,1600,1597,1599,1600,1599,1600,1607,1590,1600,1600,1595,1600,1586,1597,1600,1594,1600,1596,1589,1603,1590,1597,1601,1599,1595,1600,1603,1607,1587,1597,1600,1597,1596,1600,1597,1597,1600,1600,1595,1598,1602,1616,1584,1590,1619,1594,1562,1614,1635,1570,1591,1663,1551,1501,1711,1680,1422,1568,1755,1513,1530,1798,1495,1318,1906,1835,1168,1527,1947,1399,1475,2032,1355,1034,2160,2030,880,1488,2159,1247,1433,2304,1219,751,2378,2217,674,1461,2271,1159,1424,2412,1191,679,2384,2207,739,1488,2167,1183,1468,2304,1295,885,2116,2035,1084,1507,1918,1392,1486,1914,1553,1305,1657,1777,1559,1467,1654,1728,1454,1407,1888,1781,1185,1533,1975,1415,1424,2016,1421,1021,2096,2085,919,1398,2171,1382,1330,2152,1434,892,2112,2173,923,1346,2143,1431,1318,2066,1503,991,1968,2096,1103,1346,2031,1547,1337,1873,1631,1212,1740,1937,1334,1363,1872,1659,1382,1674,1710,1423,1588,1798,1507,1410,1741,1722,1439,1552,1726,1557,1517,1683,1604,1469,1646,1712,1505,1521,1686,1607,1518,1607,1643,1530,1584,1653,1577,1523,1634,1648,1535,1566,1649,1598,1554,1617,1619,1552,1594,1654,1559,1533,1652,1631,1533,1597,1622,1557,1609,1658,1564,1526,1658,1629,1529,1600,1621,1553,1613,1659,1551,1547,1633,1606,1551,1555,1617,1600,1579,1629,1585,1551,1628,1636,1552,1585,1621,1582,1591,1632,1581,1558,1629,1616,1567,1600,1610,1584,1593,1616,1586,1567,1616,1602,1575,1589,1621,1607,1575,1600,1615,1580,1600,1629,1571,1558,1643,1620,1545,1594,1630,1563,1600,1650,1555,1533,1648,1639,1523,1600,1633,1552,1595,1668,1552,1534,1665,1635,1534,1605,1619,1552,1606,1654,1555,1549,1648,1616,1556,1607,1613,1582,1600,1639,1583,1565,1618,1619,1582,1592,1613,1594,1589,1601,1611,1585,1596,1615,1594,1577,1616,1621,1571,1587,1626,1599,1584,1614,1600,1569,1613,1626,1569,1574,1627,1616,1577,1614,1600,1578,1605,1621,1577,1578,1617,1602,1579,1602,1611,1585,1596,1609,1590,1584,1611,1638,1579,1588,1616,1600,1582,1600,1606,1582,1600,1616,1565,1573,1619,1610,1572,1598,1627,1584,1600,1627,1533,1568,1614,1616,1535,1599,1615,1578,1600,1627,1579,1571,1626,1614,1570,1601,1605,1578,1603,1623,1578,1575,1616,1600,1582,1601,1599,1577,1607,1616,1584,1591,1603,1594,1600,1601,1591,1593,1600,1600,1598,1598,1595,1597,1594,1591,1611,1603,1579,1586,1603,1600,1586,1602,1595,1585,1611,1605,1582,1593,1604,1587,1599,1613,1585,1583,1615,1603,1575,1600,1600,1586,1603,1609,1587,1589,1605,1602,1593,1569,1593,1594,1600,1601,1595,1600,1596,1593,1600,1600,1599,1600,1591,1587,1602,1600,1584,1595,1618,1591,1596,1607,1600,1584,1598,1602,1583,1586,1607,1599,1585,1606,1597,1584,1600,1607,1584,1586,1605,1590,1600,1602,1591,1586,1607,1601,1566,1595,1600,1594,1598,1601,1591,1593,1600,1598,1598,1602,1591,1595,1607,1597,1595,1598,1598,1587,1600,1600,1587,1599,1598,1593,1600,1600,1591,1593,1599,1598,1581,1600,1598,1589,1574,1600,1588,1598,1600,1588,1600,1603,1593,1593,1611,1600,1593,1599,1601,1591,1598,1600,1590,1591,1601,1597,1594,1597,1593,1590,1600,1598,1595,1586
1600,1599,1597,1590,1605,1597,1595,1610,1594,1598,1600,1583,1594,1610,1602,1599,1599,1599,1598,1657,1599,1613,1596,1600,1600,1600,1600,1599,1599,1598,1589,1602,1591,1601,1625,1600,1595,1594,1599,1593,1651,1607,1583,1600,1609,1601,1599,1600,1602,1607,1590,1586,1603,1600,1593,1601,1601,1594,1591,1614,1600,1571,1601,1604,1574,1569,1651,1635,1507,1581,1696,1562,1542,1700,1552,1424,1776,1772,1315,1503,1865,1519,1435,1872,1459,1187,1970,1977,1040,1416,2114,1424,1378,2112,1365,890,2229,2216,739,1344,2315,1323,1306,2340,1283,643,2390,2385,595,1296,2384,1287,1300,2400,1287,629,2322,2327,739,1332,2241,1335,1355,2208,1413,900,2026,2110,1115,1382,1934,1531,1392,1808,1664,1363,1578,1792,1613,1419,1627,1808,1438,1329,1931,1842,1136,1482,2020,1452,1378,2017,1457,999,2080,2147,919,1308,2205,1477,1276,2085,1503,909,2048,2214,954,1259,2177,1553,1264,1977,1579,1035,1882,2113,1119,1265,2033,1649,1292,1784,1701,1266,1681,1945,1381,1321,1871,1731,1335,1600,1767,1471,1535,1792,1547,1384,1730,1773,1418,1495,1761,1597,1483,1691,1630,1459,1646,1734,1491,1485,1712,1642,1493,1613,1649,1527,1584,1691,1564,1511,1648,1653,1527,1571,1658,1591,1552,1630,1616,1547,1617,1660,1571,1547,1664,1633,1530,1603,1632,1555,1594,1652,1553,1533,1658,1632,1535,1600,1622,1555,1606,1653,1637,1552,1622,1648,1557,1558,1647,1605,1587,1619,1606,1566,1617,1632,1569,1585,1614,1586,1592,1616,1584,1576,1611,1603,1585,1595,1600,1574,1603,1599,1590,1594,1602,1589,1597,1584,1599,1600,1591,1597,1607,1594,1588,1602,1587,1583,1616,1615,1570,1591,1623,1584,1599,1629,1579,1562,1634,1621,1552,1591,1626,1577,1598,1634,1570,1563,1641,1621,1554,1595,1617,1569,1599,1638,1578,1552,1634,1605,1569,1584,1616,1574,1597,1612,1584,1571,1610,1609,1579,1588,1611,1597,1589,1600,1602,1585,1594,1614,1589,1584,1616,1613,1581,1591,1616,1596,1585,1611,1596,1571,1616,1616,1574,1584,1614,1600,1585,1612,1598,1584,1610,1606,1584,1599,1610,1595,1591,1603,1595,1587,1597,1604,1591,1599,1593,1594,1598,1634,1600,1617,1590,1594,1603,1599,1590,1601,1600,1585,1603,1607,1567,1589,1600,1600,1589,1606,1602,1579,1600,1614,1603,1587,1613,1588,1595,1605,1591,1584,1603,1605,1587,1597,1600,1595,1599,1596,1588,1609,1600,1605,1596,1605,1590,1607,1604,1599,1596,1599,1589,1587,1610,1600,1588,1599,1597,1584,1610,1609,1570,1584,1613,1595,1598,1612,1572,1582,1599,1606,1565,1595,1616,1586,1599,1604,1587,1584,1611,1598,1591,1596,1599,1584,1604,1601,1589,1607,1602,1586,1600,1605,1591,1600,1600,1605,1598,1661,1591,1598,1600,1599,1591,1600,1594,1591,1603,1600,1591,1600,1600,1590,1600,1602,1563,1590,1593,1591,1587,1587,1599,1598,1601,1619,1586,1579,1602,1601,1587,1603,1591,1590,1603,1601,1587,1597,1599,1598,1588,1607,1599,1591,1578,1598,1581,1601,1600,1591,1603,1598,1595,1600,1600,1585,1601,1607,1589,1591,1600,1597,1598,1603,1589,1587,1611,1601,1587,1600,1599,1588,1602,1610,1586,1593,1608,1600,1591,1603,1630,1584,1623,1607,1600,1596,1603,1595,1531,1605,1598,1586,1607,1602,1586,1601,1599,1593,1594,1603,1582,1593,1600,1600,1600,1602,1595,1596,1600,1599
1593,1597,1597,1594,1599,1598,1589,1567,1616,1600,1575,1599,1598,1599,1596,1616,1595,1577,1616,1597,1582,1595,1605,1600,1593,1614,1598,1584,1613,1597,1583,1584,1602,1587,1605,1610,1634,1577,1618,1599,1577,1589,1599,1593,1593,1607,1611,1602,1589,1600,1600,1586,1599,1602,1591,1584,1603,1602,1590,1595,1604,1595,1587,1600,1616,1584,1585,1615,1591,1555,1639,1649,1500,1551,1723,1610,1481,1664,1617,1446,1719,1814,1328,1407,1936,1630,1322,1778,1646,1199,1856,2075,1061,1228,2218,1653,1144,1936,1655,913,2022,2365,799,1040,2480,1667,979,2076,1663,719,2100,2512,711,988,2480,1647,1042,2096,1631,763,2032,2381,913,1126,2214,1603,1232,1920,1647,1147,1766,2005,1358,1358,1786,1669,1466,1589,1714,1618,1396,1554,1856,1591,1345,1755,1682,1247,1792,2053,1135,1200,2181,1743,1102,1808,1783,1063,1809,2250,1055,1064,2242,1799,1067,1777,1818,1104,1728,2188,1181,1104,2109,1814,1159,1657,1831,1275,1602,1999,1398,1227,1893,1822,1311,1541,1811,1502,1488,1783,1586,1371,1698,1795,1424,1457,1776,1645,1451,1641,1665,1482,1613,1739,1520,1461,1705,1682,1478,1572,1680,1565,1552,1671,1598,1506,1626,1670,1545,1534,1655,1630,1535,1599,1647,1568,1574,1643,1589,1530,1641,1661,1524,1552,1680,1606,1535,1637,1619,1520,1620,1675,1520,1531,1677,1603,1544,1633,1601,1521,1638,1668,1534,1552,1633,1605,1543,1568,1635,1587,1584,1627,1583,1559,1616,1614,1565,1600,1596,1585,1621,1611,1584,1596,1588,1585,1604,1609,1583,1593,1605,1584,1600,1616,1584,1581,1616,1600,1585,1611,1591,1578,1615,1613,1584,1644,1597,1568,1610,1612,1573,1590,1615,1584,1600,1620,1572,1569,1636,1607,1565,1610,1603,1562,1616,1638,1583,1566,1648,1596,1565,1621,1600,1559,1619,1631,1566,1584,1622,1591,1584,1616,1600,1574,1600,1615,1589,1584,1603,1605,1587,1574,1609,1600,1581,1604,1614,1599,1586,1616,1584,1562,1616,1620,1558,1589,1625,1585,1584,1628,1585,1558,1627,1629,1567,1587,1629,1584,1579,1623,1597,1569,1618,1621,1573,1584,1617,1597,1584,1610,1600,1582,1600,1616,1584,1584,1616,1600,1584,1586,1611,1601,1584,1613,1600,1586,1606,1616,1574,1583,1619,1611,1571,1603,1611,1575,1607,1625,1577,1573,1623,1606,1568,1606,1603,1575,1609,1626,1575,1575,1619,1602,1585,1603,1603,1578,1603,1615,1585,1587,1604,1598,1591,1604,1593,1582,1598,1613,1600,1636,1586,1600,1600,1597,1599,1608,1584,1582,1610,1603,1584,1602,1600,1582,1600,1617,1579,1584,1616,1600,1587,1603,1595,1578,1606,1615,1594,1585,1616,1596,1592,1611,1595,1582,1613,1602,1591,1596,1600,1591,1598,1600,1599,1597,1597,1600,1599,1598,1594,1601,1594,1610,1603,1616,1584,1597,1605,1589,1601,1603,1584,1585,1609,1601,1585,1600,1599,1579,1609,1609,1598,1579,1613,1613,1583,1574,1605,1595,1590,1608,1590,1584,1608,1588,1586,1598,1600,1587,1602,1607,1594,1595,1603,1599,1595,1601,1589,1594,1594,1600,1602,1600,1600,1591,1601,1601,1595,1597,1600,1589,1601,1603,1587,1591,1601,1594,1598,1607,1586,1586,1605,1601,1590,1601,1601,1604,1601,1619,1590,1584,1609,1607,1590,1634,1598,1585,1601,1606,1587,1586,1603,1594,1600,1605,1593,1585,1605,1600,1595,1600,1601,1589,1597,1602,1600,1596,1615,1599,1598,1600
1597,1595,1599,1599,1599,1569,1617,1588,1567,1601,1587,1594,1594,1616,1600,1570,1613,1588,1573,1602,1591,1600,1595,1600,1600,1573,1613,1589,1579,1598,1590,1605,1595,1611,1601,1573,1587,1594,1574,1595,1601,1600,1598,1613,1613,1610,1585,1600,1601,1588,1594,1606,1601,1586,1601,1599,1593,1589,1604,1600,1582,1599,1617,1594,1568,1603,1616,1554,1619,1659,1515,1513,1727,1648,1425,1622,1689,1461,1641,1825,1383,1345,1956,1744,1227,1661,1799,1275,1689,2091,1168,1102,2234,1859,976,1728,1917,1043,1764,2387,943,848,2496,1967,779,1780,1973,891,1804,2525,881,787,2494,1936,853,1824,1887,933,1800,2400,1043,976,2216,1835,1143,1744,1765,1213,1675,1985,1414,1328,1743,1695,1526,1579,1641,1639,1472,1475,1843,1722,1258,1585,1858,1387,1553,2003,1318,1098,2126,1968,988,1520,2007,1295,1504,2168,1297,957,2150,2039,981,1482,2036,1339,1460,2102,1399,1057,2000,2012,1126,1426,1966,1495,1402,1882,1581,1232,1772,1915,1328,1389,1866,1651,1381,1678,1711,1411,1600,1819,1475,1383,1782,1744,1409,1552,1744,1531,1502,1734,1571,1424,1698,1734,1456,1517,1718,1595,1518,1658,1615,1497,1631,1693,1535,1552,1654,1657,1545,1584,1631,1569,1575,1606,1606,1563,1603,1638,1566,1556,1645,1625,1546,1589,1639,1574,1584,1641,1591,1535,1639,1639,1558,1585,1647,1582,1589,1632,1589,1559,1615,1621,1593,1589,1600,1607,1599,1591,1597,1603,1586,1583,1615,1614,1570,1587,1625,1584,1584,1628,1583,1552,1639,1628,1551,1582,1630,1570,1597,1642,1559,1551,1648,1619,1556,1614,1607,1557,1616,1634,1557,1570,1631,1582,1591,1618,1577,1563,1635,1627,1570,1607,1600,1567,1618,1635,1558,1572,1626,1590,1584,1627,1586,1552,1616,1623,1567,1590,1625,1579,1562,1622,1585,1565,1621,1611,1574,1594,1614,1587,1589,1615,1600,1583,1600,1605,1589,1586,1610,1595,1581,1600,1613,1600,1585,1611,1593,1584,1606,1619,1579,1584,1617,1595,1582,1606,1594,1575,1606,1617,1583,1582,1618,1595,1601,1601,1585,1583,1602,1613,1590,1586,1603,1598,1591,1597,1596,1599,1591,1601,1601,1598,1589,1600,1600,1585,1603,1609,1584,1584,1615,1610,1576,1568,1601,1579,1607,1616,1574,1580,1619,1598,1575,1611,1600,1573,1611,1616,1572,1581,1616,1598,1575,1607,1600,1577,1605,1613,1582,1591,1616,1589,1591,1603,1596,1590,1597,1599,1595,1598,1595,1600,1600,1585,1601,1606,1584,1594,1607,1595,1596,1591,1593,1584,1609,1604,1579,1589,1611,1587,1591,1615,1584,1583,1616,1606,1585,1599,1603,1584,1614,1616,1584,1591,1609,1595,1597,1603,1589,1589,1600,1600,1594,1601,1593,1588,1602,1590,1586,1600,1598,1584,1606,1619,1584,1593,1605,1588,1596,1600,1584,1575,1617,1595,1587,1594,1595,1595,1600,1613,1582,1584,1614,1598,1585,1606,1596,1584,1594,1615,1587,1584,1606,1613,1584,1599,1598,1583,1601,1607,1585,1600,1598,1594,1598,1602,1591,1596,1599,1595,1589,1600,1589,1591,1603,1600,1591,1599,1572,1586,1605,1602,1591,1600,1600,1594,1596,1603,1595,1591,1603,1600,1591,1604,1595,1590,1600,1602,1590,1555,1602,1595,1591,1606,1593,1567,1604,1602,1599,1558,1600,1595,1604,1603,1591,1590,1600,1596,1599,1597,1600,1593,1590,1598,1593,1600,1591,1592,1589,1600,1602,1596,1616,1595,1600,1605,1585,1590
1597,1591,1600,1568,1601,1595,1581,1601,1595,1595,1600,1609,1597,1567,1615,1598,1582,1596,1587,1598,1588,1611,1598,1574,1611,1596,1575,1589,1605,1596,1594,1604,1600,1577,1605,1602,1576,1585,1600,1594,1589,1616,1593,1577,1616,1603,1600,1591,1600,1610,1587,1584,1609,1611,1586,1585,1607,1586,1586,1605,1611,1591,1595,1621,1583,1553,1648,1642,1491,1563,1701,1583,1555,1689,1584,1421,1758,1799,1321,1446,1913,1579,1382,1830,1553,1175,1929,2039,1035,1310,2176,1535,1238,2042,1511,873,2150,2327,721,1176,2432,1489,1115,2225,1471,623,2289,2512,577,1088,2515,1491,1104,2288,1471,615,2240,2453,717,1152,2345,1491,1207,2128,1535,891,1973,2189,1107,1280,1984,1619,1347,1762,1712,1372,1534,1794,1643,1408,1590,1808,1477,1314,1897,1888,1129,1414,2085,1535,1266,1953,1582,999,1988,2239,922,1168,2288,1616,1136,1984,1651,915,1944,2298,957,1110,2258,1695,1120,1881,1732,1047,1793,2192,1150,1143,2112,1778,1166,1705,1811,1269,1616,2003,1381,1218,1911,1837,1264,1535,1847,1473,1481,1836,1551,1301,1774,1845,1351,1423,1830,1597,1443,1723,1625,1389,1681,1799,1440,1447,1769,1639,1466,1653,1648,1471,1631,1731,1505,1488,1695,1641,1506,1609,1638,1533,1602,1682,1580,1524,1648,1641,1526,1584,1646,1573,1573,1634,1595,1551,1622,1644,1551,1566,1645,1598,1569,1619,1597,1557,1622,1645,1599,1534,1623,1632,1552,1585,1623,1582,1598,1635,1566,1565,1632,1611,1573,1609,1597,1575,1616,1626,1565,1584,1619,1589,1595,1613,1581,1558,1617,1604,1584,1597,1597,1577,1610,1614,1581,1590,1601,1582,1612,1616,1577,1586,1613,1590,1584,1626,1569,1563,1648,1615,1559,1616,1602,1552,1624,1648,1546,1567,1651,1599,1563,1633,1589,1535,1640,1647,1535,1570,1648,1587,1570,1634,1594,1547,1623,1650,1554,1575,1616,1605,1573,1610,1604,1569,1600,1626,1582,1566,1627,1616,1562,1585,1632,1585,1587,1620,1600,1555,1595,1635,1543,1571,1646,1600,1570,1618,1602,1552,1614,1649,1551,1558,1647,1611,1554,1613,1610,1554,1615,1658,1554,1563,1635,1611,1563,1606,1610,1584,1600,1632,1577,1553,1622,1616,1569,1596,1619,1585,1584,1616,1599,1573,1597,1619,1583,1579,1618,1605,1570,1601,1614,1582,1591,1626,1581,1571,1622,1616,1569,1590,1619,1591,1588,1616,1585,1555,1626,1586,1568,1591,1613,1584,1591,1617,1584,1570,1610,1615,1579,1592,1603,1584,1585,1604,1597,1591,1600,1609,1599,1587,1601,1601,1585,1584,1606,1601,1583,1600,1599,1584,1611,1611,1578,1583,1623,1597,1583,1606,1600,1574,1606,1618,1574,1585,1616,1594,1586,1614,1591,1573,1610,1606,1582,1584,1605,1584,1594,1590,1584,1589,1605,1581,1586,1600,1600,1591,1599,1600,1593,1593,1594,1590,1605,1600,1600,1596,1599,1589,1594,1601,1589,1596,1603,1590,1584,1602,1602,1588,1596,1605,1586,1583,1605,1600,1585,1601,1600,1583,1621,1605,1607,1589,1609,1593,1599,1604,1567,1585,1591,1601,1587,1599,1601,1587,1597,1600,1590,1589,1597,1599,1595,1600,1598,1591,1599,1603,1598,1599,1595,1577,1599,1600,1593,1600,1590,1604,1600,1601,1585,1599,1600,1591,1598,1610,1589,1586,1610,1600,1600,1598,1600,1584,1577,1606,1578,1584,1589,1598,1584,1601,1600,1583,1601,1607,1585,1591,1605,1591,1598,1603,1587,1586,1600,1585
1601,1595,1598,1597,1475,1600,1596,1597,1606,1600,1599,1520,1610,1595,1488,1658,1597,1603,1598,1603,1599,1488,1606,1600,1483,1600,1598,1600,1598,1600,1597,1490,1608,1600,1472,1594,1595,1597,1587,1603,1600,1490,1615,1600,1603,1597,1603,1609,1589,1587,1605,1597,1590,1603,1600,1594,1600,1600,1597,1575,1600,1587,1581,1589,1624,1599,1554,1606,1625,1565,1597,1664,1530,1497,1717,1683,1417,1579,1751,1491,1560,1821,1433,1297,1941,1834,1157,1552,1929,1359,1540,2085,1271,1005,2232,2027,848,1523,2129,1175,1520,2378,1107,707,2480,2224,624,1520,2247,1083,1514,2496,1075,635,2474,2224,695,1506,2171,1130,1504,2362,1247,831,2172,2085,1037,1472,1972,1413,1424,1920,1618,1263,1648,1873,1495,1349,1764,1843,1279,1349,2058,1735,1099,1673,1936,1219,1594,2218,1170,907,2333,2079,779,1552,2161,1151,1500,2384,1173,734,2368,2209,751,1460,2199,1232,1422,2292,1311,813,2196,2174,909,1387,2128,1399,1358,2070,1493,1035,1929,2064,1136,1343,1998,1590,1328,1808,1663,1267,1706,1923,1367,1345,1856,1713,1358,1625,1742,1457,1562,1793,1520,1391,1739,1745,1427,1520,1742,1584,1502,1686,1616,1467,1639,1749,1503,1489,1710,1648,1487,1600,1671,1532,1579,1690,1557,1488,1670,1684,1488,1553,1667,1583,1543,1665,1595,1491,1664,1697,1493,1531,1693,1595,1546,1659,1595,1495,1659,1683,1505,1552,1662,1582,1531,1572,1647,1570,1566,1655,1558,1530,1653,1629,1552,1607,1609,1555,1616,1647,1553,1565,1635,1594,1579,1619,1589,1590,1619,1622,1569,1588,1615,1589,1588,1610,1599,1584,1594,1610,1584,1584,1601,1617,1567,1581,1641,1607,1558,1616,1607,1550,1625,1657,1534,1546,1679,1605,1545,1635,1603,1509,1648,1683,1501,1529,1689,1600,1529,1651,1599,1505,1650,1682,1515,1546,1673,1600,1549,1647,1605,1524,1621,1664,1550,1573,1643,1610,1559,1611,1617,1566,1598,1623,1593,1558,1616,1627,1567,1574,1642,1602,1558,1604,1616,1559,1595,1648,1566,1535,1670,1631,1527,1591,1638,1563,1593,1657,1567,1521,1654,1645,1523,1585,1648,1567,1583,1653,1572,1530,1649,1653,1533,1595,1643,1557,1579,1641,1593,1534,1629,1640,1551,1571,1643,1597,1566,1621,1609,1554,1613,1637,1557,1558,1600,1616,1552,1600,1623,1570,1599,1633,1573,1550,1634,1632,1552,1591,1629,1579,1586,1641,1577,1554,1635,1629,1556,1593,1619,1579,1589,1644,1584,1568,1622,1613,1574,1600,1614,1584,1591,1615,1585,1584,1607,1600,1588,1600,1601,1599,1582,1595,1601,1598,1584,1601,1586,1590,1614,1611,1582,1584,1616,1605,1579,1601,1603,1583,1607,1618,1570,1584,1619,1604,1586,1611,1600,1575,1616,1615,1573,1589,1614,1590,1589,1611,1599,1578,1595,1606,1564,1594,1600,1588,1593,1607,1589,1594,1600,1599,1597,1597,1600,1598,1598,1591,1589,1600,1586,1585,1600,1605,1586,1600,1602,1586,1600,1609,1584,1584,1612,1597,1590,1606,1601,1583,1610,1615,1639,1589,1602,1590,1587,1616,1587,1584,1612,1605,1579,1595,1601,1587,1600,1606,1587,1587,1609,1600,1586,1600,1600,1587,1600,1607,1587,1587,1603,1586,1594,1592,1593,1594,1600,1600,1597,1594,1598,1593,1597,1600,1596,1599,1596,1594,1601,1600,1597,1597,1615,1597,1573,1601,1595,1593,1605,1600,1593,1600,1598,1591,1602,1603,1585,1589,1609,1597,1593,1608
1587,1589,1583,1543,1616,1586,1550,1588,1597,1585,1588,1612,1596,1559,1613,1590,1558,1584,1595,1597,1581,1605,1591,1554,1606,1595,1559,1584,1598,1593,1583,1609,1594,1555,1605,1595,1557,1583,1595,1591,1582,1613,1585,1563,1619,1600,1601,1582,1595,1605,1586,1575,1601,1597,1584,1589,1600,1584,1581,1600,1597,1587,1596,1616,1569,1543,1648,1648,1482,1564,1697,1553,1516,1700,1535,1398,1772,1790,1291,1472,1902,1519,1420,1875,1483,1141,1994,2026,979,1364,2157,1435,1323,2128,1375,815,2272,2285,656,1266,2399,1339,1232,2368,1319,559,2408,2478,535,1188,2481,1327,1186,2384,1357,561,2304,2430,688,1204,2330,1427,1217,2144,1552,877,1924,2173,1135,1227,2015,1695,1232,1664,1862,1405,1370,1856,1693,1226,1680,2054,1227,1088,2210,1967,848,1516,2186,1233,1393,2322,1239,679,2394,2326,583,1310,2411,1263,1256,2412,1303,562,2368,2431,609,1225,2396,1359,1216,2280,1427,703,2166,2346,827,1216,2253,1519,1216,2029,1601,983,1884,2151,1127,1232,2053,1667,1254,1760,1728,1261,1650,1955,1383,1280,1867,1767,1310,1569,1783,1467,1506,1794,1547,1343,1739,1791,1379,1471,1791,1593,1441,1688,1629,1411,1655,1771,1433,1430,1767,1660,1437,1631,1666,1472,1610,1750,1477,1440,1742,1679,1438,1597,1681,1488,1590,1734,1498,1443,1736,1676,1423,1587,1674,1501,1591,1728,1502,1456,1722,1670,1493,1600,1718,1655,1479,1603,1637,1491,1627,1712,1495,1474,1711,1639,1488,1617,1631,1499,1621,1699,1495,1498,1687,1627,1500,1622,1621,1517,1610,1680,1523,1511,1671,1628,1507,1600,1641,1520,1585,1667,1553,1486,1664,1645,1490,1546,1666,1563,1552,1666,1569,1485,1664,1682,1472,1544,1695,1569,1529,1674,1563,1463,1650,1701,1457,1527,1703,1583,1520,1677,1584,1470,1663,1706,1473,1520,1693,1585,1520,1650,1598,1489,1636,1680,1511,1520,1673,1616,1517,1616,1631,1533,1587,1684,1552,1574,1658,1648,1501,1563,1662,1575,1545,1648,1589,1498,1646,1680,1497,1520,1687,1600,1517,1633,1619,1488,1630,1690,1488,1501,1696,1620,1502,1626,1622,1500,1617,1692,1514,1500,1683,1630,1506,1611,1623,1521,1601,1680,1531,1520,1659,1616,1520,1586,1629,1557,1584,1648,1573,1528,1633,1628,1547,1568,1633,1584,1558,1618,1598,1553,1600,1632,1545,1552,1623,1610,1552,1598,1616,1562,1591,1641,1565,1543,1634,1616,1543,1585,1617,1570,1584,1637,1567,1547,1629,1616,1551,1582,1614,1626,1581,1630,1580,1560,1615,1613,1567,1583,1609,1584,1582,1606,1594,1575,1589,1611,1563,1578,1583,1600,1575,1594,1601,1578,1590,1615,1579,1564,1613,1610,1562,1586,1609,1559,1586,1611,1575,1555,1619,1608,1555,1590,1603,1568,1591,1618,1566,1565,1617,1600,1572,1590,1600,1567,1600,1618,1574,1575,1609,1598,1578,1600,1593,1575,1597,1603,1590,1583,1591,1598,1581,1584,1596,1591,1582,1584,1595,1583,1586,1590,1593,1583,1592,1595,1582,1584,1600,1589,1583,1587,1589,1579,1594,1600,1584,1580,1600,1591,1578,1597,1585,1575,1586,1600,1579,1575,1601,1585,1581,1597,1589,1578,1593,1601,1583,1583,1603,1587,1590,1591,1595,1567,1593,1586,1585,1597,1597,1584,1587,1575,1591,1591,1586,1598,1598,1590,1591,1596,1589,1584,1599,1598,1584,1586,1607,1588,1599,1601,1591,1581,1611,1605,1589,1589,1600,1584
1593,1584,1588,1595,1583,1584,1599,1600,1584,1591,1594,1589,1593,1597,1589,1585,1582,1595,1590,1588,1599,1588,1578,1593,1586,1591,1589,1593,1585,1595,1598,1594,1589,1589,1594,1588,1585,1601,1584,1590,1600,1591,1591,1573,1600,1600,1579,1584,1600,1591,1585,1595,1590,1585,1589,1599,1589,1585,1606,1595,1579,1586,1648,1591,1565,1606,1600,1552,1617,1659,1497,1501,1738,1647,1423,1623,1681,1435,1647,1850,1335,1313,1984,1744,1182,1677,1805,1217,1717,2156,1083,1040,2330,1855,892,1778,1919,895,1820,2508,803,748,2646,1983,646,1840,2015,751,1840,2698,755,635,2668,2019,673,1814,1999,821,1728,2553,971,767,2364,2005,903,1622,2003,1214,1467,2113,1473,1079,1840,2016,1232,1277,2032,1791,1081,1549,2075,1406,1281,2004,1569,887,2030,2290,807,1048,2454,1679,928,2016,1763,753,1976,2539,759,848,2544,1838,822,1912,1887,831,1817,2483,895,850,2384,1919,905,1728,1959,1071,1616,2268,1215,965,2128,1968,1051,1525,1967,1361,1448,1994,1474,1136,1881,1949,1211,1394,1936,1579,1363,1792,1635,1279,1712,1917,1338,1360,1867,1673,1366,1652,1691,1392,1627,1822,1439,1382,1805,1694,1403,1607,1695,1470,1591,1755,1501,1426,1734,1681,1450,1584,1679,1511,1574,1712,1523,1466,1693,1676,1472,1571,1678,1535,1564,1704,1546,1456,1689,1664,1467,1562,1683,1545,1561,1694,1532,1458,1564,1691,1520,1451,1718,1691,1433,1558,1695,1502,1584,1732,1501,1431,1737,1691,1431,1584,1680,1491,1586,1734,1488,1439,1731,1675,1450,1585,1669,1505,1586,1717,1521,1457,1718,1677,1470,1573,1701,1545,1552,1680,1574,1473,1669,1687,1472,1526,1699,1587,1506,1650,1611,1477,1642,1712,1480,1488,1726,1627,1476,1634,1638,1495,1617,1729,1490,1473,1715,1655,1470,1603,1657,1500,1585,1705,1513,1471,1690,1664,1479,1569,1677,1552,1535,1677,1574,1481,1669,1680,1506,1525,1679,1598,1508,1632,1621,1495,1625,1698,1502,1488,1702,1638,1473,1602,1654,1507,1594,1707,1516,1479,1701,1667,1465,1579,1669,1517,1575,1711,1530,1472,1690,1679,1472,1569,1677,1549,1566,1680,1563,1478,1665,1671,1488,1557,1668,1570,1555,1651,1587,1505,1639,1664,1521,1552,1653,1599,1535,1614,1611,1535,1597,1651,1552,1535,1646,1626,1531,1584,1633,1555,1574,1648,1574,1520,1643,1648,1520,1574,1648,1583,1564,1637,1581,1523,1635,1648,1525,1565,1643,1581,1568,1634,1566,1534,1627,1636,1535,1571,1623,1575,1577,1616,1582,1552,1616,1616,1567,1583,1614,1587,1584,1602,1598,1578,1598,1606,1581,1584,1607,1600,1575,1585,1605,1581,1584,1603,1583,1567,1607,1612,1571,1583,1623,1582,1584,1615,1579,1556,1617,1616,1553,1585,1616,1575,1575,1621,1570,1557,1616,1607,1563,1593,1603,1566,1597,1617,1566,1570,1613,1600,1574,1595,1599,1572,1575,1594,1600,1579,1575,1602,1590,1582,1599,1600,1591,1587,1604,1587,1583,1593,1594,1579,1594,1602,1578,1577,1607,1599,1573,1591,1595,1581,1591,1625,1577,1562,1610,1590,1569,1606,1599,1584,1589,1614,1575,1569,1613,1600,1571,1594,1600,1573,1595,1611,1579,1573,1610,1600,1583,1596,1562,1579,1584,1609,1582,1582,1567,1602,1581,1594,1595,1583,1590,1604,1585,1583,1595,1598,1584,1584,1600,1587,1584,1590,1595,1579,1587,1614,1581,1575,1602,1584,1574,1596
1597,1599,1600,1600,1601,1593,1601,1595,1613,1600,1603,1600,1597,1595,1600,1606,1590,1604,1613,1600,1605,1593,1595,1598,1600,1611,1597,1609,1607,1605,1614,1595,1600,1596,1595,1606,1597,1603,1610,1597,1607,1593,1600,1597,1597,1621,1603,1616,1596,1584,1595,1563,1599,1622,1599,1597,1601,1600,1597,1600,1608,1600,1585,1598,1609,1588,1590,1617,1563,1555,1626,1649,1505,1552,1724,1600,1512,1680,1613,1424,1733,1810,1316,1425,1933,1613,1344,1810,1614,1187,1898,2078,1040,1261,2214,1599,1176,2000,1591,859,2096,2329,741,1098,2467,1581,1048,2162,1563,667,2194,2496,659,1074,2445,1527,1140,2202,1495,731,2148,2350,866,1228,2170,1495,1344,2029,1509,1087,1872,1961,1327,1472,1731,1535,1591,1682,1600,1617,1475,1535,1857,1695,1278,1616,1783,1297,1701,2064,1175,1102,2204,1834,1042,1744,1847,1083,1764,2275,1059,1005,2288,1855,1015,1768,1859,1083,1721,2240,1119,1067,2142,1835,1104,1705,1829,1233,1648,2058,1340,1213,1936,1798,1295,1603,1776,1434,1561,1835,1518,1369,1748,1753,1435,1525,1728,1584,1510,1679,1616,1488,1614,1700,1521,1519,1663,1634,1533,1595,1625,1574,1577,1631,1604,1565,1600,1635,1586,1561,1623,1630,1553,1570,1651,1619,1550,1611,1623,1553,1612,1662,1550,1534,1674,1633,1525,1601,1635,1554,1611,1648,1545,1515,1667,1620,1535,1632,1611,1547,1633,1676,1543,1558,1635,1591,1551,1584,1625,1575,1605,1647,1558,1566,1648,1584,1568,1627,1594,1559,1634,1647,1546,1582,1643,1600,1581,1641,1581,1552,1634,1632,1554,1585,1625,1586,1581,1627,1575,1571,1600,1622,1574,1584,1610,1610,1571,1600,1600,1584,1590,1621,1593,1556,1630,1631,1553,1577,1642,1590,1577,1635,1589,1551,1634,1651,1549,1571,1637,1586,1580,1647,1584,1556,1639,1600,1562,1585,1624,1585,1589,1622,1589,1573,1606,1615,1579,1597,1607,1596,1603,1600,1606,1597,1600,1599,1608,1596,1605,1606,1598,1582,1616,1616,1578,1593,1617,1585,1597,1617,1589,1571,1622,1617,1573,1587,1616,1594,1600,1623,1583,1575,1626,1671,1574,1599,1601,1583,1600,1622,1582,1585,1616,1603,1584,1606,1600,1588,1602,1612,1590,1593,1603,1600,1600,1601,1590,1595,1595,1595,1601,1598,1589,1611,1603,1597,1600,1603,1594,1584,1613,1603,1588,1600,1602,1589,1603,1611,1584,1586,1611,1597,1587,1610,1599,1575,1610,1614,1595,1594,1601,1593,1600,1602,1597,1594,1617,1600,1607,1606,1585,1597,1616,1600,1610,1607,1586,1585,1620,1603,1586,1603,1600,1584,1607,1614,1584,1594,1613,1597,1597,1614,1587,1563,1615,1616,1584,1615,1604,1588,1607,1600,1584,1584,1616,1595,1596,1613,1593,1581,1614,1604,1589,1600,1603,1590,1586,1612,1599,1589,1627,1594,1589,1604,1591,1585,1623,1602,1604,1599,1597,1590,1603,1603,1591,1599,1605,1597,1599,1606,1595,1589,1602,1606,1580,1594,1595,1595,1598,1606,1584,1593,1598,1601,1615,1600,1599,1587,1603,1603,1598,1594,1602,1599,1599,1605,1594,1594,1607,1606,1595,1600,1600,1597,1604,1610,1587,1600,1600,1600,1600,1607,1595,1587,1610,1600,1599,1601,1603,1587,1606,1606,1591,1595,1607,1599,1606,1609,1602,1591,1612,1605,1577,1597,1597,1592,1604,1606,1589,1594,1606,1600,1597,1606,1600,1590,1606,1601,1595,1598,1601,1595,1600,1602,1587,1599,1601,1597,1600,1603
1603,1599,1597,1597,1601,1583,1601,1611,1584,1600,1601,1599,1600,1603,1601,1575,1600,1597,1591,1597,1600,1600,1600,1599,1600,1588,1600,1606,1590,1597,1605,1595,1597,1600,1601,1586,1601,1600,1559,1597,1602,1604,1590,1602,1602,1604,1592,1599,1600,1599,1599,1602,1597,1599,1600,1602,1598,1595,1603,1603,1586,1589,1618,1601,1566,1614,1629,1571,1596,1668,1535,1488,1724,1681,1421,1579,1754,1503,1558,1812,1443,1303,1932,1841,1168,1535,1938,1375,1529,2070,1295,1013,2224,2033,863,1520,2131,1195,1520,2365,1119,715,2472,2207,645,1520,2218,1071,1564,2512,1039,654,2490,2160,733,1616,2066,1041,1658,2398,1103,885,2230,1927,1104,1690,1769,1214,1714,2015,1359,1349,1775,1611,1611,1713,1456,1519,1710,1491,1681,1855,1273,1315,2053,1686,1232,1829,1655,1095,1916,2187,977,1189,2245,1630,1169,1984,1615,931,1996,2261,955,1184,2224,1606,1216,1984,1607,1014,1917,2159,1097,1253,2069,1631,1296,1840,1645,1207,1766,1970,1311,1346,1884,1657,1392,1699,1680,1395,1635,1807,1439,1437,1744,1671,1471,1616,1654,1520,1603,1698,1549,1511,1663,1638,1550,1605,1614,1566,1615,1627,1579,1585,1605,1597,1615,1628,1556,1571,1638,1595,1583,1635,1575,1546,1648,1646,1523,1589,1649,1567,1588,1662,1559,1527,1664,1643,1550,1597,1619,1561,1635,1649,1563,1568,1638,1602,1584,1613,1594,1566,1616,1615,1579,1606,1619,1592,1600,1619,1577,1564,1646,1616,1552,1610,1615,1558,1616,1649,1552,1558,1648,1613,1562,1619,1605,1552,1619,1643,1557,1569,1635,1602,1575,1613,1603,1570,1600,1588,1586,1579,1609,1615,1579,1587,1613,1603,1582,1597,1615,1587,1587,1618,1587,1564,1628,1619,1561,1589,1616,1583,1582,1631,1584,1566,1619,1627,1568,1590,1616,1590,1584,1620,1594,1581,1607,1615,1584,1584,1610,1600,1583,1590,1614,1588,1584,1601,1600,1574,1606,1618,1575,1573,1633,1606,1575,1606,1601,1565,1610,1634,1565,1556,1642,1606,1566,1614,1605,1559,1609,1642,1554,1568,1623,1603,1613,1616,1600,1562,1613,1633,1569,1582,1629,1600,1585,1616,1597,1575,1614,1617,1584,1590,1608,1594,1598,1607,1591,1584,1603,1575,1592,1597,1597,1589,1600,1590,1591,1602,1597,1591,1606,1605,1584,1595,1603,1591,1600,1611,1591,1591,1609,1599,1599,1600,1617,1590,1605,1607,1616,1597,1604,1601,1598,1601,1601,1599,1596,1600,1601,1600,1589,1600,1600,1589,1602,1606,1589,1590,1611,1604,1593,1607,1597,1585,1611,1602,1583,1598,1606,1588,1599,1613,1586,1584,1616,1603,1585,1606,1600,1583,1614,1616,1573,1585,1617,1595,1598,1615,1605,1579,1616,1609,1582,1600,1603,1584,1609,1614,1584,1591,1614,1597,1594,1615,1577,1584,1612,1615,1585,1619,1600,1580,1599,1614,1591,1584,1616,1600,1598,1605,1594,1585,1609,1602,1597,1600,1600,1594,1600,1600,1598,1593,1600,1595,1595,1597,1600,1597,1600,1600,1591,1598,1597,1593,1583,1600,1569,1598,1602,1600,1609,1606,1597,1587,1603,1600,1587,1600,1600,1587,1600,1603,1586,1594,1605,1597,1591,1600,1593,1590,1604,1606,1590,1597,1605,1586,1597,1609,1593,1570,1610,1600,1591,1597,1600,1584,1604,1611,1591,1614,1603,1595,1598,1606,1590,1590,1605,1603,1593,1600,1595,1595,1584,1605,1599,1595,1611,1593,1595,1607,1596,1596,1614,1600,1595,1602,1595,1597
1595,1599,1596,1598,1600,1584,1603,1616,1589,1599,1600,1600,1597,1598,1598,1589,1600,1611,1587,1584,1607,1600,1600,1598,1599,1590,1600,1603,1590,1600,1599,1600,1608,1599,1600,1587,1585,1610,1597,1601,1589,1605,1598,1600,1602,1603,1591,1600,1603,1598,1599,1602,1598,1595,1601,1602,1597,1596,1603,1603,1586,1587,1618,1594,1567,1603,1636,1578,1581,1658,1564,1473,1710,1694,1429,1546,1771,1548,1507,1777,1507,1317,1873,1859,1185,1471,1977,1471,1430,1984,1421,1039,2116,2089,890,1394,2196,1361,1356,2241,1307,755,2320,2277,686,1358,2303,1277,1376,2356,1247,695,2346,2253,765,1394,2159,1231,1488,2268,1279,909,2131,2011,1111,1552,1840,1343,1616,1947,1430,1341,1735,1665,1596,1659,1488,1548,1695,1515,1666,1826,1298,1331,1994,1722,1217,1744,1722,1187,1815,2128,1090,1171,2189,1711,1158,1856,1706,1063,1856,2188,1089,1168,2142,1711,1216,1842,1690,1153,1778,2070,1237,1271,1966,1697,1328,1715,1694,1345,1659,1862,1445,1391,1774,1691,1447,1607,1703,1524,1599,1699,1588,1503,1644,1674,1535,1552,1651,1618,1552,1597,1635,1583,1568,1630,1613,1567,1591,1646,1584,1552,1634,1649,1535,1559,1670,1653,1528,1616,1629,1527,1606,1709,1527,1509,1701,1647,1492,1606,1654,1520,1607,1707,1522,1488,1696,1654,1495,1603,1663,1522,1604,1693,1527,1505,1677,1643,1523,1601,1629,1557,1599,1662,1627,1552,1596,1637,1595,1561,1629,1618,1584,1582,1633,1611,1570,1593,1622,1595,1577,1619,1599,1558,1619,1637,1555,1568,1645,1603,1567,1626,1600,1552,1619,1636,1552,1568,1631,1598,1572,1620,1593,1563,1615,1626,1575,1584,1616,1599,1585,1605,1587,1586,1594,1599,1597,1595,1587,1599,1606,1584,1610,1614,1575,1584,1609,1603,1575,1615,1574,1574,1616,1626,1575,1584,1627,1601,1586,1616,1601,1575,1616,1619,1578,1586,1616,1605,1589,1623,1601,1588,1610,1621,1584,1586,1613,1602,1590,1600,1603,1590,1599,1604,1595,1588,1606,1608,1584,1598,1612,1598,1594,1607,1602,1584,1617,1612,1577,1595,1616,1593,1598,1616,1587,1574,1616,1616,1567,1597,1610,1584,1596,1619,1583,1571,1621,1606,1568,1600,1605,1598,1599,1643,1579,1596,1622,1600,1579,1601,1610,1583,1606,1622,1583,1584,1611,1603,1590,1601,1598,1593,1598,1605,1600,1591,1599,1600,1575,1600,1616,1603,1591,1599,1606,1600,1584,1601,1600,1589,1609,1612,1584,1585,1616,1600,1591,1623,1600,1591,1606,1614,1580,1584,1613,1589,1591,1606,1593,1582,1606,1606,1584,1594,1593,1595,1598,1607,1595,1596,1600,1600,1619,1601,1584,1598,1615,1591,1591,1606,1588,1589,1605,1596,1594,1609,1593,1584,1610,1609,1578,1595,1611,1590,1599,1622,1584,1584,1615,1611,1586,1600,1600,1584,1600,1615,1585,1587,1586,1600,1584,1605,1603,1591,1603,1601,1595,1600,1600,1594,1599,1607,1589,1605,1605,1614,1597,1601,1600,1598,1612,1602,1587,1596,1604,1587,1601,1613,1572,1584,1615,1600,1586,1601,1603,1584,1584,1611,1581,1584,1603,1591,1600,1601,1597,1584,1602,1613,1585,1597,1600,1593,1594,1609,1587,1597,1605,1600,1593,1598,1598,1601,1601,1601,1598,1611,1600,1599,1600,1594,1594,1599,1601,1595,1603,1602,1596,1594,1610,1598,1596,1600,1599,1593,1614,1600,1600,1599,1600,1595,1600,1603,1588,1593,1603,1600,1593,1601,1596,1591
1594,1598,1603,1596,1559,1583,1603,1594,1587,1602,1587,1599,1601,1607,1601,1586,1603,1595,1593,1595,1593,1599,1595,1601,1598,1593,1599,1591,1587,1600,1597,1609,1595,1589,1600,1590,1601,1595,1588,1595,1600,1599,1593,1602,1602,1605,1598,1598,1601,1593,1599,1603,1598,1591,1555,1600,1596,1598,1569,1600,1591,1600,1615,1611,1561,1599,1639,1578,1579,1658,1567,1505,1703,1707,1423,1553,1771,1558,1499,1775,1513,1329,1870,1873,1187,1448,1975,1475,1415,1986,1423,1042,2112,2095,887,1392,2221,1359,1364,2240,1291,759,2321,2284,688,1348,2338,1275,1376,2356,1227,703,2348,2235,773,1448,2139,1227,1510,2274,1247,916,2140,1988,1121,1590,1812,1307,1652,1964,1392,1354,1755,1629,1594,1711,1442,1497,1727,1547,1610,1822,1375,1301,1996,1757,1206,1698,1751,1218,1769,2116,1127,1167,2160,1743,1166,1811,1723,1103,1824,2154,1134,1195,2096,1695,1246,1805,1683,1199,1757,2005,1294,1328,1904,1667,1386,1700,1669,1403,1634,1797,1497,1484,1698,1663,1517,1588,1650,1584,1552,1623,1639,1564,1563,1647,1611,1534,1621,1666,1547,1533,1674,1634,1527,1600,1650,1554,1572,1664,1584,1508,1656,1676,1511,1535,1692,1611,1517,1632,1634,1520,1612,1705,1521,1505,1706,1661,1490,1605,1658,1527,1600,1699,1534,1489,1698,1655,1501,1600,1647,1535,1605,1680,1547,1519,1667,1630,1535,1610,1627,1559,1610,1645,1600,1570,1611,1611,1589,1591,1598,1593,1611,1606,1588,1600,1598,1575,1619,1621,1555,1583,1622,1592,1582,1626,1586,1557,1609,1633,1563,1584,1621,1584,1586,1635,1585,1557,1625,1627,1563,1595,1622,1586,1587,1616,1591,1579,1615,1623,1584,1584,1615,1601,1584,1591,1603,1600,1599,1619,1591,1581,1616,1614,1573,1591,1622,1590,1586,1615,1584,1578,1618,1618,1574,1587,1616,1585,1595,1613,1590,1573,1616,1610,1570,1598,1613,1600,1599,1632,1589,1587,1613,1602,1585,1584,1607,1589,1595,1604,1598,1589,1600,1600,1599,1584,1605,1603,1589,1583,1603,1598,1591,1603,1599,1586,1610,1610,1581,1586,1610,1600,1584,1610,1649,1579,1609,1616,1584,1584,1619,1600,1584,1610,1600,1579,1613,1617,1579,1584,1616,1599,1586,1611,1597,1582,1611,1617,1584,1573,1607,1594,1591,1603,1600,1603,1601,1600,1597,1616,1601,1595,1591,1591,1607,1602,1587,1598,1603,1594,1586,1613,1551,1582,1612,1607,1578,1598,1583,1584,1607,1618,1581,1583,1613,1606,1581,1604,1603,1583,1606,1616,1583,1583,1616,1594,1590,1604,1596,1600,1601,1603,1591,1596,1595,1610,1600,1607,1591,1594,1595,1593,1605,1601,1587,1590,1611,1591,1597,1614,1585,1584,1610,1609,1552,1600,1602,1584,1615,1616,1589,1582,1616,1599,1589,1611,1592,1584,1606,1616,1581,1595,1600,1598,1594,1611,1591,1585,1601,1606,1587,1602,1600,1598,1599,1597,1600,1605,1593,1591,1603,1603,1587,1597,1600,1597,1595,1607,1593,1589,1607,1601,1585,1600,1601,1586,1611,1610,1587,1584,1618,1600,1591,1601,1593,1583,1600,1611,1586,1589,1585,1591,1601,1609,1610,1585,1613,1601,1588,1599,1600,1589,1610,1604,1599,1599,1610,1594,1567,1601,1595,1587,1608,1599,1590,1601,1598,1589,1606,1603,1586,1589,1611,1591,1597,1589,1589,1588,1606,1612,1591,1599,1601,1589,1603,1616,1593,1590,1607,1595,1591,1606,1599,1589,1605,1600,1587,1601,1615,1595
1599,1583,1596,1600,1604,1600,1600,1600,1599,1589,1600,1610,1599,1599,1611,1602,1599,1599,1600,1599,1578,1610,1597,1601,1607,1600,1600,1591,1600,1599,1594,1603,1593,1598,1605,1602,1599,1595,1600,1593,1591,1609,1592,1589,1611,1582,1602,1601,1600,1600,1591,1583,1609,1597,1588,1601,1608,1591,1587,1601,1614,1587,1584,1611,1601,1557,1618,1654,1507,1526,1699,1623,1456,1643,1653,1445,1670,1826,1347,1374,1947,1695,1265,1721,1726,1232,1781,2093,1105,1156,2240,1755,1053,1856,1778,931,1920,2373,831,944,2513,1791,877,1984,1783,735,2028,2592,703,858,2584,1757,916,2064,1706,717,2066,2493,797,1026,2349,1631,1170,2032,1565,943,1961,2142,1145,1358,1899,1499,1552,1853,1457,1364,1744,1645,1602,1728,1391,1424,1887,1623,1406,1821,1519,1227,1969,2000,1051,1382,2069,1419,1421,2080,1375,977,2128,2074,979,1444,2055,1351,1472,2106,1366,1021,2044,1995,1117,1481,1933,1409,1479,1950,1455,1218,1840,1855,1337,1504,1774,1535,1508,1731,1595,1445,1648,1712,1535,1523,1648,1648,1535,1594,1655,1623,1530,1610,1653,1563,1566,1664,1584,1508,1654,1679,1511,1535,1694,1607,1514,1633,1634,1511,1611,1696,1501,1494,1698,1659,1489,1590,1678,1552,1505,1680,1558,1489,1677,1678,1493,1564,1667,1567,1557,1671,1572,1503,1661,1670,1518,1569,1654,1579,1585,1656,1574,1535,1640,1643,1558,1594,1621,1581,1586,1602,1591,1582,1613,1601,1587,1606,1586,1565,1620,1609,1572,1598,1614,1578,1609,1636,1557,1569,1643,1602,1569,1616,1603,1552,1628,1642,1556,1569,1638,1591,1579,1619,1591,1557,1606,1629,1565,1581,1625,1594,1585,1617,1595,1573,1606,1616,1584,1588,1610,1603,1587,1591,1610,1594,1591,1571,1600,1584,1603,1617,1582,1584,1618,1601,1578,1602,1613,1575,1613,1621,1575,1579,1590,1607,1573,1606,1604,1575,1604,1622,1579,1579,1596,1603,1565,1606,1607,1573,1615,1621,1581,1583,1616,1601,1574,1602,1601,1584,1600,1615,1582,1583,1616,1616,1577,1598,1613,1594,1593,1600,1589,1553,1616,1616,1577,1578,1617,1593,1585,1616,1584,1573,1616,1623,1571,1584,1616,1587,1584,1618,1591,1573,1618,1617,1584,1586,1617,1588,1625,1616,1589,1587,1609,1607,1584,1596,1601,1589,1600,1600,1591,1591,1593,1600,1603,1601,1590,1595,1600,1589,1600,1616,1583,1584,1616,1613,1582,1605,1599,1575,1604,1619,1567,1583,1619,1600,1582,1616,1593,1571,1615,1623,1570,1585,1597,1590,1584,1616,1583,1575,1616,1616,1582,1586,1610,1589,1595,1607,1600,1582,1605,1601,1590,1586,1602,1595,1587,1598,1600,1598,1589,1616,1599,1584,1600,1623,1584,1584,1615,1598,1585,1600,1595,1584,1609,1615,1579,1584,1616,1591,1579,1607,1574,1583,1600,1612,1583,1593,1611,1588,1596,1605,1591,1584,1611,1602,1587,1598,1600,1594,1599,1606,1600,1595,1598,1600,1600,1601,1589,1593,1603,1597,1586,1602,1595,1586,1601,1611,1600,1584,1607,1584,1594,1608,1593,1584,1605,1606,1580,1598,1602,1602,1599,1607,1584,1586,1606,1600,1590,1582,1600,1589,1600,1606,1585,1590,1601,1596,1598,1600,1599,1589,1601,1600,1600,1600,1594,1594,1588,1600,1595,1600,1573,1593,1602,1600,1589,1595,1601,1589,1597,1600,1589,1584,1605,1601,1599,1600,1600,1589,1603,1601,1588,1600,1613,1601,1589,1610,1595,1600,1603,1607
1602,1599,1591,1600,1579,1598,1584,1600,1600,1602,1598,1583,1603,1605,1584,1598,1610,1596,1594,1603,1598,1587,1601,1604,1586,1594,1605,1578,1595,1600,1600,1602,1600,1601,1585,1598,1608,1599,1600,1598,1600,1583,1614,1610,1591,1596,1599,1605,1600,1590,1615,1598,1597,1598,1600,1591,1598,1598,1602,1591,1589,1602,1603,1584,1599,1619,1568,1563,1662,1638,1490,1581,1699,1557,1549,1716,1533,1401,1799,1790,1287,1504,1889,1463,1461,1905,1441,1143,2032,2007,979,1422,2131,1383,1392,2176,1317,816,2320,2251,689,1360,2335,1255,1348,2416,1223,598,2456,2357,595,1384,2303,1175,1442,2446,1165,674,2372,2195,827,1513,2034,1187,1594,2232,1255,1039,2025,1853,1293,1664,1650,1363,1717,1807,1462,1565,1573,1455,1820,1762,1291,1575,1792,1367,1680,2007,1227,1178,2159,1787,1120,1761,1779,1109,1808,2202,1074,1108,2205,1755,1131,1818,1733,1104,1794,2153,1165,1193,2064,1719,1252,1750,1717,1264,1686,1955,1369,1327,1840,1709,1402,1632,1702,1469,1584,1737,1569,1462,1661,1687,1527,1535,1679,1621,1519,1603,1653,1562,1573,1659,1586,1514,1638,1665,1522,1552,1665,1606,1548,1616,1621,1552,1594,1651,1575,1545,1630,1637,1556,1575,1633,1611,1561,1616,1616,1561,1601,1650,1555,1554,1648,1631,1550,1599,1625,1574,1595,1642,1577,1552,1631,1623,1562,1600,1618,1583,1595,1626,1598,1578,1611,1613,1594,1593,1601,1570,1599,1590,1617,1607,1584,1590,1613,1601,1578,1604,1597,1573,1616,1622,1559,1569,1644,1600,1570,1616,1602,1552,1627,1646,1549,1571,1647,1589,1579,1641,1584,1545,1647,1639,1551,1584,1631,1577,1597,1641,1573,1558,1635,1658,1563,1595,1611,1630,1599,1615,1581,1575,1618,1603,1586,1602,1600,1586,1601,1610,1597,1599,1597,1598,1593,1600,1632,1602,1587,1590,1650,1600,1569,1599,1603,1586,1600,1606,1584,1584,1614,1611,1584,1608,1600,1584,1601,1613,1579,1584,1615,1576,1589,1600,1595,1584,1600,1607,1600,1616,1604,1600,1593,1600,1606,1598,1600,1604,1600,1590,1600,1607,1591,1593,1611,1602,1585,1600,1603,1584,1600,1616,1590,1580,1616,1610,1573,1601,1610,1599,1600,1621,1582,1575,1619,1609,1575,1599,1609,1584,1600,1616,1585,1581,1616,1605,1584,1597,1602,1599,1599,1609,1594,1587,1599,1602,1595,1594,1600,1600,1581,1597,1610,1598,1593,1603,1600,1584,1616,1615,1579,1584,1635,1601,1581,1609,1601,1573,1616,1619,1571,1579,1622,1600,1582,1599,1597,1571,1616,1638,1579,1600,1618,1583,1589,1616,1595,1578,1611,1637,1585,1593,1602,1600,1594,1605,1599,1593,1601,1601,1594,1593,1603,1600,1597,1590,1616,1601,1587,1596,1614,1586,1591,1610,1585,1583,1616,1607,1584,1602,1606,1582,1605,1616,1584,1582,1616,1585,1586,1602,1598,1569,1609,1623,1585,1588,1606,1585,1598,1613,1594,1590,1600,1600,1596,1598,1600,1595,1600,1600,1593,1605,1601,1591,1600,1601,1589,1598,1605,1602,1589,1606,1598,1581,1606,1613,1583,1589,1610,1600,1587,1610,1599,1584,1607,1609,1584,1593,1600,1589,1600,1607,1590,1585,1607,1607,1575,1600,1603,1591,1600,1603,1590,1590,1600,1598,1594,1601,1591,1599,1597,1601,1590,1603,1590,1600,1601,1600,1599,1601,1597,1591,1602,1603,1589,1596,1595,1594,1594,1610,1591,1589,1613,1603,1587,1600,1601,1587,1603,1611,1586,1588
1595,1608,1586,1597,1609,1589,1601,1604,1595,1590,1600,1606,1584,1600,1601,1598,1617,1600,1600,1589,1599,1601,1595,1600,1606,1598,1602,1597,1598,1595,1600,1601,1594,1613,1606,1600,1600,1570,1600,1591,1595,1607,1588,1572,1609,1598,1598,1597,1609,1606,1588,1593,1605,1598,1594,1600,1598,1593,1601,1605,1616,1585,1591,1616,1593,1557,1655,1653,1502,1548,1722,1605,1487,1669,1617,1427,1716,1810,1327,1408,1938,1627,1328,1782,1631,1197,1872,2088,1058,1246,2214,1631,1157,1956,1627,902,2068,2355,765,1072,2477,1615,1024,2146,1599,653,2208,2553,610,998,2546,1567,1050,2226,1521,631,2221,2466,717,1142,2338,1478,1260,2138,1459,879,2056,2163,1083,1394,1923,1454,1550,1918,1449,1319,1760,1688,1569,1682,1456,1461,1808,1607,1481,1783,1475,1264,1949,1900,1133,1510,1943,1371,1533,2064,1331,1063,2106,1967,1091,1548,1949,1307,1544,2096,1348,1083,2035,1931,1142,1529,1899,1403,1501,1942,1481,1232,1835,1861,1330,1477,1818,1567,1459,1725,1639,1408,1635,1786,1488,1439,1733,1694,1439,1575,1721,1551,1526,1702,1584,1456,1670,1726,1488,1518,1705,1611,1520,1642,1621,1515,1586,1678,1563,1535,1640,1636,1563,1583,1629,1602,1554,1600,1641,1586,1568,1627,1606,1543,1627,1662,1525,1555,1679,1616,1525,1625,1620,1527,1621,1680,1533,1520,1674,1626,1530,1617,1631,1548,1612,1662,1556,1535,1599,1627,1573,1555,1634,1636,1559,1579,1628,1584,1579,1616,1595,1570,1616,1634,1565,1573,1635,1609,1564,1615,1610,1563,1616,1646,1549,1562,1638,1611,1582,1617,1613,1558,1616,1648,1559,1571,1635,1599,1575,1623,1594,1558,1625,1627,1568,1585,1622,1587,1595,1614,1589,1597,1616,1610,1587,1597,1603,1589,1598,1611,1593,1597,1602,1591,1600,1604,1584,1596,1607,1599,1609,1611,1594,1584,1614,1608,1584,1600,1605,1594,1604,1611,1585,1585,1614,1604,1584,1613,1605,1589,1599,1614,1591,1586,1605,1606,1584,1598,1611,1598,1591,1607,1599,1584,1605,1629,1584,1563,1615,1600,1586,1606,1602,1583,1615,1616,1590,1584,1616,1603,1585,1606,1599,1583,1616,1616,1590,1583,1618,1600,1595,1603,1600,1583,1603,1616,1583,1590,1614,1600,1591,1605,1601,1589,1600,1611,1595,1595,1600,1600,1595,1584,1603,1605,1591,1599,1606,1600,1586,1607,1595,1584,1607,1614,1575,1590,1613,1600,1581,1613,1595,1572,1631,1617,1578,1586,1616,1593,1583,1618,1614,1577,1616,1616,1579,1588,1613,1586,1597,1616,1591,1584,1609,1614,1586,1601,1601,1599,1596,1597,1599,1594,1598,1603,1600,1603,1599,1614,1595,1595,1609,1606,1585,1596,1605,1593,1599,1615,1584,1584,1613,1606,1600,1602,1616,1586,1615,1616,1584,1584,1616,1602,1585,1606,1599,1584,1607,1611,1586,1587,1607,1598,1595,1610,1597,1585,1602,1601,1595,1601,1600,1583,1600,1599,1595,1596,1601,1600,1601,1603,1594,1596,1606,1600,1597,1584,1595,1591,1601,1615,1587,1591,1607,1595,1598,1605,1595,1584,1606,1605,1590,1598,1607,1590,1582,1611,1593,1589,1607,1599,1594,1599,1600,1593,1598,1607,1590,1597,1595,1599,1595,1600,1600,1593,1614,1599,1600,1603,1595,1600,1603,1595,1600,1600,1595,1589,1603,1602,1589,1600,1600,1589,1604,1603,1585,1587,1610,1608,1591,1637,1599,1571,1612,1611,1584,1589,1607,1598,1593,1611,1590,1587,1607,1604
1600,1597,1599,1600,1562,1596,1589,1602,1602,1616,1600,1567,1616,1591,1571,1602,1590,1605,1598,1616,1600,1577,1611,1591,1579,1616,1595,1601,1600,1604,1602,1575,1608,1595,1579,1598,1597,1605,1594,1613,1602,1575,1610,1599,1611,1595,1600,1604,1588,1591,1609,1603,1585,1598,1605,1594,1595,1639,1600,1593,1599,1607,1598,1574,1609,1619,1567,1573,1663,1616,1507,1600,1679,1546,1577,1776,1491,1423,1803,1743,1316,1561,1820,1451,1545,1916,1382,1185,2057,1915,1043,1529,2017,1297,1525,2197,1211,885,2352,2107,751,1526,2177,1122,1540,2448,1071,674,2500,2197,671,1570,2159,1041,1616,2490,1043,729,2410,2075,863,1648,1965,1099,1674,2258,1211,1045,2070,1827,1262,1681,1707,1329,1675,1840,1503,1482,1603,1573,1709,1649,1471,1651,1594,1394,1780,1879,1241,1374,2007,1597,1328,1877,1574,1115,1934,2077,1072,1306,2098,1559,1305,1936,1571,1073,1902,2091,1131,1332,2032,1595,1325,1848,1633,1221,1762,1971,1307,1344,1892,1677,1360,1683,1709,1408,1610,1825,1487,1394,1758,1732,1413,1552,1744,1558,1517,1712,1591,1449,1664,1741,1475,1504,1712,1619,1509,1643,1622,1514,1615,1686,1552,1535,1647,1616,1561,1600,1601,1584,1584,1600,1620,1584,1577,1616,1618,1578,1600,1641,1567,1535,1664,1635,1519,1591,1648,1554,1590,1674,1552,1509,1669,1649,1517,1597,1644,1549,1609,1680,1551,1519,1670,1638,1555,1601,1658,1628,1535,1604,1619,1563,1603,1648,1570,1552,1639,1621,1571,1598,1616,1578,1598,1631,1584,1563,1631,1626,1558,1586,1630,1585,1584,1624,1585,1552,1632,1635,1551,1594,1638,1582,1587,1631,1582,1555,1643,1657,1549,1593,1633,1574,1597,1642,1571,1552,1639,1619,1563,1600,1615,1574,1605,1631,1580,1566,1624,1604,1583,1610,1600,1584,1606,1615,1590,1604,1606,1590,1595,1599,1600,1563,1595,1601,1600,1600,1594,1599,1600,1593,1600,1606,1588,1558,1607,1566,1588,1599,1598,1589,1600,1610,1585,1587,1607,1595,1593,1598,1600,1587,1604,1604,1603,1594,1603,1598,1611,1600,1604,1598,1595,1614,1604,1599,1599,1606,1598,1591,1601,1603,1585,1594,1607,1596,1597,1605,1595,1588,1611,1612,1582,1594,1610,1598,1591,1619,1590,1559,1616,1613,1584,1597,1610,1586,1602,1616,1584,1583,1610,1607,1578,1602,1605,1585,1606,1613,1577,1589,1610,1594,1571,1605,1596,1591,1605,1600,1594,1600,1596,1594,1604,1602,1587,1599,1597,1581,1601,1600,1590,1598,1604,1599,1599,1613,1592,1595,1609,1601,1587,1604,1600,1584,1600,1607,1586,1594,1606,1598,1589,1612,1600,1588,1619,1600,1586,1600,1614,1589,1599,1602,1586,1595,1600,1588,1598,1603,1589,1593,1603,1595,1593,1603,1590,1587,1606,1607,1586,1616,1597,1586,1600,1609,1584,1601,1603,1613,1593,1623,1590,1587,1605,1601,1585,1595,1599,1591,1600,1606,1594,1594,1603,1605,1593,1600,1600,1592,1601,1601,1595,1595,1600,1596,1613,1605,1597,1591,1605,1599,1607,1601,1598,1591,1603,1605,1589,1597,1605,1595,1598,1603,1582,1593,1610,1600,1582,1603,1600,1589,1600,1605,1584,1599,1602,1600,1596,1603,1595,1587,1605,1600,1589,1603,1597,1607,1600,1609,1594,1594,1607,1601,1599,1582,1595,1589,1600,1602,1590,1600,1597,1594,1602,1605,1609,1595,1614,1593,1581,1605,1591,1587,1600,1600,1599,1600,1616,1587,1603,1606,1585,1597
1596,1609,1598,1600,1567,1600,1594,1600,1600,1616,1599,1574,1613,1595,1575,1600,1593,1605,1594,1616,1603,1575,1612,1596,1575,1599,1594,1603,1593,1614,1602,1582,1611,1595,1578,1596,1597,1605,1592,1607,1600,1583,1610,1600,1609,1598,1600,1610,1586,1593,1607,1607,1590,1600,1602,1599,1593,1606,1602,1600,1600,1611,1587,1584,1616,1617,1553,1583,1662,1607,1522,1618,1645,1511,1631,1781,1456,1441,1822,1686,1349,1648,1729,1374,1673,1952,1267,1230,2096,1797,1110,1758,1839,1141,1760,2283,1011,976,2404,1887,864,1802,1931,895,1840,2526,831,783,2576,1943,778,1864,1955,815,1880,2553,849,833,2448,1872,931,1872,1823,955,1802,2306,1121,1082,2096,1775,1245,1722,1735,1319,1608,1862,1555,1420,1615,1712,1591,1488,1678,1744,1363,1392,1962,1731,1208,1664,1833,1271,1654,2102,1212,1087,2178,1903,1014,1648,1937,1195,1624,2195,1221,1004,2176,1943,1053,1592,1947,1271,1552,2112,1347,1083,2016,1936,1152,1504,1911,1431,1472,1921,1507,1230,1826,1887,1302,1456,1851,1574,1429,1744,1634,1360,1680,1820,1423,1428,1783,1665,1438,1641,1671,1472,1603,1757,1507,1463,1710,1666,1492,1597,1646,1535,1587,1674,1559,1524,1626,1639,1562,1597,1614,1589,1594,1611,1602,1587,1586,1600,1616,1587,1593,1616,1584,1559,1630,1632,1549,1583,1637,1575,1589,1648,1572,1534,1654,1633,1547,1591,1633,1562,1546,1653,1614,1561,1608,1688,1555,1552,1648,1615,1555,1609,1613,1562,1611,1648,1565,1561,1634,1616,1529,1604,1599,1571,1597,1643,1552,1552,1642,1630,1551,1587,1645,1579,1591,1648,1584,1530,1664,1649,1534,1579,1659,1573,1583,1659,1565,1516,1666,1655,1518,1586,1651,1561,1590,1670,1559,1520,1664,1646,1531,1587,1633,1552,1601,1657,1566,1514,1646,1635,1559,1600,1618,1575,1600,1632,1591,1573,1616,1616,1578,1593,1615,1594,1585,1603,1615,1590,1599,1615,1585,1579,1616,1616,1574,1584,1625,1598,1584,1616,1600,1568,1616,1629,1569,1580,1629,1599,1577,1616,1603,1569,1611,1619,1578,1584,1619,1635,1578,1607,1602,1579,1602,1617,1583,1582,1612,1607,1578,1590,1616,1594,1586,1610,1584,1579,1587,1613,1552,1583,1596,1603,1575,1596,1605,1578,1600,1616,1575,1564,1628,1606,1567,1598,1616,1575,1600,1628,1577,1571,1626,1621,1571,1600,1610,1584,1604,1601,1582,1575,1621,1610,1577,1601,1603,1582,1600,1616,1589,1584,1613,1607,1584,1599,1562,1594,1591,1605,1599,1593,1605,1603,1586,1589,1609,1609,1582,1591,1610,1597,1596,1615,1585,1579,1618,1587,1571,1599,1615,1585,1599,1616,1584,1575,1618,1611,1574,1599,1588,1584,1616,1616,1584,1579,1614,1600,1599,1601,1600,1588,1584,1609,1590,1599,1612,1600,1591,1602,1614,1600,1607,1598,1601,1600,1595,1597,1601,1593,1599,1610,1585,1588,1609,1600,1590,1602,1607,1597,1570,1610,1591,1584,1616,1609,1584,1591,1603,1590,1600,1611,1594,1584,1610,1601,1587,1602,1601,1588,1600,1605,1593,1601,1601,1635,1599,1600,1599,1600,1600,1587,1597,1600,1595,1599,1599,1597,1600,1603,1593,1593,1615,1601,1591,1598,1610,1594,1599,1604,1587,1590,1603,1600,1581,1600,1600,1593,1599,1611,1589,1590,1613,1601,1591,1600,1600,1589,1605,1606,1587,1600,1605,1591,1597,1593,1594,1597,1609,1600,1591,1595,1599,1589,1606,1601,1591,1593
1603,1598,1598,1600,1555,1595,1600,1593,1600,1618,1595,1562,1616,1598,1569,1594,1601,1595,1590,1616,1600,1570,1612,1600,1573,1595,1598,1599,1590,1614,1600,1571,1609,1601,1570,1590,1601,1600,1589,1616,1598,1579,1616,1613,1608,1589,1600,1601,1593,1586,1601,1600,1593,1600,1599,1597,1596,1606,1597,1591,1601,1609,1588,1587,1619,1611,1563,1601,1649,1579,1551,1658,1584,1490,1696,1717,1409,1504,1809,1584,1446,1760,1575,1295,1852,1935,1155,1370,2078,1563,1296,1957,1531,978,2074,2221,827,1225,2363,1495,1147,2192,1479,671,2274,2480,591,1095,2533,1463,1094,2304,1445,575,2348,2512,626,1136,2430,1455,1202,2224,1499,755,2082,2293,965,1234,2121,1567,1298,1892,1663,1214,1664,1927,1483,1347,1730,1793,1403,1408,1893,1756,1195,1542,1975,1451,1392,1986,1471,1019,2064,2151,903,1285,2256,1499,1218,2094,1527,853,2102,2300,871,1173,2273,1579,1161,2032,1627,917,1960,2249,1005,1168,2192,1667,1185,1864,1710,1115,1771,2102,1229,1216,2016,1744,1247,1664,1776,1328,1616,1954,1418,1282,1861,1789,1326,1564,1785,1485,1529,1801,1526,1370,1744,1773,1408,1520,1747,1569,1523,1710,1584,1454,1667,1717,1489,1527,1682,1600,1548,1645,1606,1531,1616,1656,1559,1562,1631,1621,1562,1596,1627,1586,1578,1617,1603,1568,1611,1645,1563,1584,1647,1627,1552,1616,1613,1553,1617,1659,1535,1551,1630,1605,1529,1552,1664,1599,1554,1645,1585,1520,1648,1662,1511,1565,1664,1583,1570,1650,1583,1518,1659,1680,1520,1570,1662,1583,1570,1650,1584,1520,1629,1660,1551,1554,1669,1602,1535,1631,1615,1522,1622,1678,1522,1521,1689,1631,1504,1616,1645,1520,1616,1706,1517,1490,1712,1653,1483,1616,1651,1511,1615,1728,1503,1483,1720,1666,1485,1617,1654,1507,1613,1717,1519,1487,1701,1648,1501,1606,1649,1527,1597,1683,1552,1511,1664,1648,1523,1589,1654,1569,1579,1651,1600,1535,1644,1646,1552,1567,1650,1603,1552,1612,1617,1561,1599,1648,1569,1549,1649,1639,1535,1585,1639,1562,1579,1677,1583,1601,1637,1645,1535,1577,1643,1589,1574,1632,1593,1535,1630,1647,1553,1570,1639,1601,1569,1616,1587,1564,1584,1634,1571,1568,1627,1615,1566,1595,1622,1579,1585,1621,1589,1566,1620,1625,1559,1582,1636,1571,1573,1617,1603,1558,1616,1642,1554,1567,1647,1601,1568,1614,1623,1554,1619,1639,1561,1572,1642,1603,1573,1617,1600,1559,1616,1631,1575,1579,1683,1600,1585,1616,1600,1574,1667,1616,1587,1584,1611,1597,1589,1600,1605,1594,1595,1605,1598,1584,1600,1614,1589,1587,1611,1609,1584,1648,1602,1584,1600,1621,1584,1583,1616,1603,1584,1601,1599,1583,1602,1617,1583,1584,1616,1599,1584,1607,1600,1584,1648,1609,1590,1593,1606,1589,1588,1605,1599,1596,1602,1598,1597,1594,1597,1599,1598,1596,1598,1605,1595,1587,1600,1607,1598,1585,1577,1593,1584,1607,1596,1584,1613,1602,1584,1600,1601,1590,1601,1611,1584,1583,1613,1602,1585,1601,1600,1585,1603,1593,1585,1580,1603,1591,1593,1615,1597,1598,1603,1601,1584,1598,1602,1598,1600,1607,1591,1592,1604,1600,1588,1600,1591,1597,1606,1600,1603,1599,1600,1597,1610,1601,1591,1597,1600,1598,1598,1600,1589,1591,1601,1598,1591,1601,1595,1589,1600,1607,1588,1602,1605,1622,1595,1609,1595,1589,1612,1598,1589,1597
1597,1598,1572,1587,1601,1600,1597,1613,1597,1582,1608,1597,1583,1600,1598,1593,1597,1600,1600,1584,1599,1597,1585,1597,1599,1598,1601,1600,1600,1575,1597,1603,1584,1603,1605,1610,1596,1600,1600,1582,1600,1609,1581,1595,1604,1597,1600,1600,1621,1611,1599,1585,1561,1597,1595,1601,1601,1584,1616,1608,1589,1577,1619,1617,1552,1568,1666,1600,1520,1625,1641,1497,1647,1735,1439,1456,1840,1665,1338,1670,1728,1347,1698,1971,1231,1206,2130,1787,1088,1740,1827,1099,1798,2304,943,945,2470,1877,817,1859,1905,811,1896,2625,711,704,2725,1963,656,1920,1981,691,1908,2726,722,663,2656,1967,737,1872,1951,827,1792,2512,994,848,2305,1937,1003,1685,1926,1293,1517,2061,1499,1175,1786,1930,1335,1338,1936,1782,1167,1500,2055,1501,1261,1936,1644,1015,1928,2259,914,1064,2406,1755,933,1924,1839,851,1904,2480,849,862,2498,1879,841,1851,1911,903,1784,2450,983,867,2368,1936,923,1718,1942,1107,1641,2272,1219,997,2130,1942,1079,1571,1926,1339,1506,2014,1439,1165,1902,1911,1242,1468,1879,1520,1445,1820,1584,1306,1746,1852,1371,1440,1810,1617,1444,1691,1637,1424,1651,1740,1471,1463,1733,1644,1483,1619,1648,1518,1600,1692,1556,1509,1665,1633,1526,1579,1658,1551,1568,1644,1593,1533,1630,1652,1550,1552,1658,1613,1565,1621,1628,1535,1613,1666,1545,1545,1675,1613,1520,1626,1674,1612,1551,1645,1593,1514,1658,1674,1505,1552,1678,1583,1563,1663,1552,1492,1669,1678,1489,1555,1670,1571,1566,1672,1581,1491,1666,1681,1495,1550,1689,1584,1534,1653,1600,1495,1648,1697,1497,1529,1712,1623,1504,1634,1636,1505,1634,1732,1488,1490,1738,1661,1461,1631,1662,1487,1621,1744,1479,1456,1751,1670,1467,1616,1680,1483,1611,1752,1488,1456,1702,1675,1498,1611,1670,1501,1605,1726,1520,1487,1698,1662,1489,1597,1655,1545,1585,1676,1571,1504,1651,1649,1527,1579,1650,1567,1556,1625,1616,1554,1610,1655,1570,1528,1658,1635,1533,1584,1647,1573,1575,1651,1599,1523,1638,1660,1513,1557,1664,1591,1543,1641,1600,1527,1633,1670,1530,1552,1667,1602,1549,1621,1613,1535,1616,1660,1552,1547,1653,1622,1551,1606,1625,1561,1595,1648,1574,1548,1643,1632,1547,1584,1637,1584,1563,1631,1597,1545,1629,1644,1525,1568,1648,1594,1566,1635,1598,1546,1631,1648,1520,1563,1620,1597,1563,1629,1596,1543,1628,1648,1549,1573,1638,1594,1578,1626,1589,1562,1621,1629,1567,1599,1620,1648,1591,1616,1589,1575,1609,1618,1587,1602,1611,1596,1590,1600,1603,1593,1595,1598,1600,1589,1598,1605,1568,1587,1615,1605,1584,1600,1611,1584,1606,1616,1584,1581,1619,1602,1584,1602,1600,1578,1606,1619,1581,1584,1615,1598,1584,1630,1600,1573,1609,1594,1584,1585,1611,1600,1591,1613,1597,1610,1599,1606,1601,1592,1591,1603,1590,1595,1600,1605,1584,1612,1605,1616,1585,1603,1598,1584,1602,1625,1584,1584,1616,1596,1585,1607,1598,1581,1609,1614,1579,1586,1615,1597,1585,1611,1562,1581,1609,1616,1579,1588,1618,1590,1591,1611,1583,1582,1609,1607,1584,1600,1600,1596,1594,1610,1590,1591,1600,1602,1590,1600,1598,1579,1600,1615,1594,1584,1595,1600,1599,1603,1594,1598,1594,1597,1599,1606,1587,1597,1603,1595,1594,1605,1586,1588,1602,1606,1585,1600,1602,1591
1600,1600,1600,1588,1586,1599,1587,1597,1600,1616,1600,1584,1606,1595,1586,1598,1593,1600,1598,1601,1598,1589,1600,1596,1584,1598,1598,1600,1595,1602,1600,1578,1603,1611,1583,1600,1599,1599,1595,1617,1600,1583,1607,1598,1601,1595,1600,1604,1594,1595,1603,1597,1594,1588,1597,1600,1590,1599,1600,1598,1599,1604,1595,1586,1616,1618,1573,1568,1657,1621,1515,1594,1689,1535,1587,1718,1491,1430,1799,1728,1333,1579,1807,1437,1568,1908,1366,1210,2038,1887,1073,1568,1968,1295,1570,2192,1199,932,2320,2077,811,1578,2111,1119,1584,2408,1079,752,2440,2111,768,1616,2058,1053,1660,2410,1059,849,2312,1967,997,1701,1815,1131,1728,2151,1247,1202,1936,1695,1426,1742,1551,1383,1734,1707,1547,1669,1458,1408,1898,1725,1292,1680,1703,1254,1810,2064,1099,1221,2176,1663,1189,1904,1638,1007,1952,2216,979,1189,2209,1623,1213,1948,1623,1019,1914,2158,1101,1255,2075,1616,1292,1840,1647,1203,1744,1968,1327,1349,1862,1655,1405,1677,1680,1435,1606,1773,1522,1446,1692,1678,1489,1525,1690,1596,1522,1631,1635,1534,1593,1677,1570,1515,1644,1650,1535,1569,1653,1600,1552,1616,1632,1555,1584,1648,1593,1535,1628,1653,1533,1549,1670,1618,1515,1616,1637,1535,1601,1680,1534,1506,1691,1647,1498,1584,1659,1535,1585,1680,1551,1500,1679,1659,1509,1588,1651,1557,1583,1659,1577,1523,1642,1646,1591,1584,1617,1637,1569,1578,1630,1602,1566,1600,1616,1571,1585,1600,1590,1557,1625,1633,1556,1578,1637,1591,1578,1622,1593,1563,1629,1631,1559,1575,1632,1593,1584,1621,1598,1565,1635,1616,1574,1591,1603,1584,1591,1616,1584,1587,1609,1594,1606,1605,1584,1583,1613,1597,1585,1613,1584,1578,1615,1617,1569,1593,1611,1585,1599,1620,1581,1574,1618,1609,1581,1600,1606,1584,1600,1618,1583,1585,1613,1600,1585,1599,1591,1585,1600,1600,1591,1589,1601,1593,1599,1593,1599,1597,1594,1597,1613,1600,1609,1600,1600,1595,1601,1605,1591,1600,1600,1597,1600,1607,1587,1594,1603,1598,1590,1604,1597,1597,1610,1602,1578,1589,1609,1605,1596,1610,1584,1579,1616,1616,1575,1600,1615,1584,1600,1621,1584,1577,1629,1614,1585,1600,1619,1584,1600,1619,1589,1579,1646,1609,1584,1600,1606,1585,1599,1607,1591,1585,1600,1604,1588,1594,1605,1599,1587,1590,1609,1590,1590,1605,1591,1584,1606,1613,1580,1586,1616,1597,1600,1611,1584,1570,1616,1618,1557,1585,1617,1594,1587,1616,1586,1575,1613,1616,1578,1594,1600,1586,1588,1616,1584,1584,1613,1600,1587,1606,1598,1586,1605,1600,1591,1598,1599,1575,1601,1606,1587,1600,1600,1591,1596,1609,1588,1577,1606,1616,1595,1603,1600,1582,1609,1607,1584,1593,1606,1591,1599,1608,1594,1590,1613,1602,1588,1599,1600,1591,1605,1600,1601,1597,1597,1600,1599,1600,1598,1598,1600,1602,1595,1600,1603,1587,1605,1603,1600,1595,1601,1591,1591,1602,1562,1588,1595,1600,1590,1600,1600,1586,1603,1609,1586,1594,1602,1597,1591,1603,1589,1587,1606,1610,1586,1591,1600,1600,1600,1603,1591,1602,1600,1591,1594,1602,1594,1589,1605,1600,1593,1597,1600,1593,1613,1600,1599,1589,1599,1595,1606,1603,1591,1591,1632,1600,1587,1595,1599,1589,1601,1603,1590,1591,1601,1595,1595,1606,1595,1588,1603,1600,1590,1601,1595,1584,1600,1605,1587,1595
1600,1600,1600,1583,1600,1482,1614,1586,1488,1609,1597,1599,1606,1609,1600,1494,1607,1589,1503,1599,1600,1600,1597,1609,1601,1503,1612,1600,1503,1595,1584,1600,1600,1603,1601,1490,1611,1599,1501,1595,1601,1599,1594,1610,1615,1604,1586,1611,1600,1566,1600,1615,1590,1558,1602,1581,1593,1599,1600,1591,1591,1604,1597,1582,1617,1627,1549,1562,1680,1616,1495,1616,1667,1499,1616,1763,1453,1400,1893,1731,1280,1620,1818,1344,1639,2034,1227,1107,2218,1906,934,1649,1994,1099,1688,2404,951,764,2604,2085,595,1712,2171,839,1712,2752,789,527,2773,2201,522,1728,2171,787,1730,2726,855,589,2588,2111,743,1696,2017,1023,1617,2336,1245,971,2019,1937,1206,1514,1853,1527,1375,1688,1840,1488,1324,1776,1767,1232,1692,2140,1131,1002,2368,1989,766,1640,2146,1047,1600,2540,979,635,2610,2267,550,1568,2279,983,1520,2608,1047,559,2522,2275,629,1488,2251,1135,1450,2416,1233,741,2256,2193,877,1410,2115,1375,1392,2088,1477,1043,1924,2027,1193,1392,1931,1585,1392,1792,1649,1328,1674,1843,1456,1408,1757,1686,1456,1574,1711,1562,1524,1673,1635,1488,1619,1712,1533,1475,1702,1692,1456,1549,1728,1582,1507,1696,1603,1443,1680,1753,1456,1485,1754,1619,1472,1675,1595,1446,1668,1765,1447,1479,1745,1628,1489,1673,1603,1456,1682,1730,1465,1523,1707,1571,1562,1689,1552,1486,1600,1681,1531,1491,1709,1637,1508,1648,1599,1491,1670,1712,1469,1535,1701,1575,1559,1702,1547,1466,1707,1702,1466,1591,1683,1534,1586,1712,1531,1472,1700,1671,1494,1584,1665,1547,1580,1678,1570,1506,1658,1665,1531,1562,1675,1594,1529,1634,1621,1523,1611,1682,1522,1514,1693,1648,1487,1600,1662,1527,1594,1705,1531,1479,1703,1676,1475,1585,1680,1535,1579,1700,1552,1472,1680,1666,1491,1579,1670,1558,1564,1671,1584,1506,1648,1668,1520,1556,1666,1603,1547,1619,1635,1550,1596,1658,1582,1531,1648,1647,1524,1574,1695,1584,1553,1650,1599,1515,1648,1678,1518,1534,1686,1605,1531,1635,1613,1509,1622,1685,1517,1520,1686,1626,1517,1620,1636,1526,1610,1682,1531,1519,1649,1634,1494,1600,1639,1552,1562,1655,1571,1529,1645,1638,1535,1579,1620,1585,1532,1628,1600,1549,1595,1648,1552,1554,1649,1607,1552,1611,1618,1557,1603,1649,1561,1552,1648,1627,1549,1604,1623,1568,1601,1664,1563,1552,1645,1616,1563,1602,1615,1570,1609,1637,1571,1571,1627,1604,1583,1605,1599,1578,1615,1616,1584,1586,1604,1591,1588,1605,1590,1594,1599,1597,1600,1600,1584,1597,1598,1595,1602,1600,1584,1588,1609,1595,1591,1609,1583,1586,1615,1606,1580,1589,1605,1581,1602,1614,1575,1569,1616,1602,1582,1610,1599,1579,1615,1618,1581,1586,1615,1587,1591,1608,1594,1579,1614,1615,1589,1593,1616,1590,1591,1607,1589,1585,1598,1600,1600,1594,1598,1599,1600,1589,1603,1603,1570,1590,1608,1599,1563,1600,1612,1584,1594,1615,1584,1584,1615,1597,1584,1611,1599,1581,1610,1616,1578,1585,1616,1597,1587,1607,1595,1573,1612,1615,1583,1593,1611,1591,1593,1618,1594,1582,1605,1611,1587,1597,1609,1595,1597,1601,1594,1589,1579,1591,1596,1595,1600,1597,1594,1598,1594,1601,1594,1600,1600,1597,1598,1601,1595,1575,1608,1582,1584,1583,1607,1586,1596,1610,1584,1584,1613,1600,1578,1603
1616,1596,1596,1598,1601,1596,1600,1579,1604,1590,1574,1600,1595,1601,1601,1604,1600,1584,1605,1594,1578,1598,1594,1601,1597,1600,1604,1583,1603,1594,1584,1596,1599,1596,1569,1603,1601,1584,1612,1600,1573,1590,1594,1600,1595,1601,1599,1605,1595,1600,1598,1592,1597,1600,1597,1595,1598,1601,1600,1592,1607,1603,1597,1589,1615,1614,1558,1585,1651,1595,1533,1637,1613,1495,1659,1712,1437,1488,1808,1629,1403,1712,1648,1312,1757,1919,1227,1339,2063,1640,1233,1848,1692,1083,1910,2192,955,1173,2333,1635,1104,2032,1655,811,2076,2420,741,1072,2466,1567,1072,2181,1527,694,2196,2410,715,1204,2338,1399,1294,2256,1347,767,2218,2142,912,1472,1989,1246,1628,2155,1191,1086,2102,1759,1264,1825,1558,1132,1958,2001,1091,1465,1926,1358,1614,2080,1243,1130,2147,1807,1162,1756,1733,1148,1802,2112,1139,1236,2072,1630,1296,1856,1606,1159,1843,1991,1231,1392,1914,1557,1443,1808,1570,1325,1748,1809,1419,1520,1712,1547,1564,1709,1559,1501,1648,1631,1574,1600,1586,1570,1622,1605,1578,1616,1584,1555,1616,1640,1535,1575,1641,1589,1565,1622,1613,1552,1606,1640,1563,1552,1643,1622,1527,1585,1657,1584,1549,1647,1605,1520,1632,1680,1514,1522,1697,1616,1515,1632,1627,1505,1623,1696,1507,1510,1700,1630,1515,1626,1629,1526,1597,1674,1552,1534,1649,1616,1553,1607,1618,1571,1589,1628,1616,1573,1573,1598,1622,1595,1579,1611,1603,1567,1606,1636,1557,1551,1659,1616,1552,1607,1607,1558,1615,1661,1558,1531,1655,1634,1549,1594,1638,1563,1593,1659,1565,1535,1648,1641,1527,1584,1635,1580,1577,1639,1585,1535,1632,1636,1549,1583,1642,1599,1566,1623,1598,1559,1625,1645,1558,1567,1641,1606,1573,1614,1612,1563,1609,1635,1577,1565,1627,1607,1576,1601,1602,1583,1597,1616,1557,1578,1611,1614,1584,1584,1616,1602,1584,1600,1609,1585,1591,1617,1584,1559,1616,1616,1566,1589,1618,1597,1584,1616,1594,1622,1618,1637,1568,1584,1625,1591,1584,1616,1600,1567,1616,1621,1573,1582,1627,1597,1584,1603,1600,1582,1609,1616,1590,1591,1626,1599,1590,1597,1605,1589,1595,1605,1600,1595,1600,1607,1593,1585,1605,1610,1578,1585,1614,1571,1591,1607,1591,1565,1619,1603,1575,1584,1616,1594,1589,1617,1586,1571,1616,1615,1573,1590,1616,1585,1598,1616,1590,1577,1614,1613,1584,1600,1603,1587,1591,1607,1591,1590,1590,1607,1598,1606,1598,1605,1599,1601,1600,1618,1593,1597,1603,1599,1597,1602,1596,1588,1610,1603,1585,1602,1602,1607,1597,1605,1586,1587,1602,1600,1597,1600,1599,1591,1600,1600,1591,1597,1583,1591,1599,1606,1591,1602,1600,1594,1572,1611,1585,1599,1607,1599,1593,1607,1590,1582,1618,1613,1581,1598,1609,1581,1598,1619,1582,1583,1616,1616,1584,1591,1599,1587,1602,1643,1584,1587,1606,1614,1585,1590,1609,1595,1599,1605,1598,1590,1605,1610,1593,1613,1597,1591,1600,1600,1595,1596,1602,1609,1600,1601,1593,1589,1611,1600,1591,1604,1599,1587,1604,1601,1589,1598,1599,1595,1600,1606,1590,1590,1600,1600,1598,1600,1600,1595,1599,1600,1598,1598,1600,1595,1600,1601,1593,1600,1605,1590,1599,1615,1597,1610,1600,1600,1594,1616,1600,1580,1610,1597,1588,1600,1605,1586,1603,1604,1595,1593,1591,1600,1594,1602,1584,1587,1605,1606,1600,1595
1594,1600,1600,1600,1597,1599,1600,1583,1610,1591,1584,1584,1591,1604,1601,1607,1598,1584,1606,1595,1585,1593,1591,1601,1605,1601,1603,1584,1603,1589,1584,1599,1593,1601,1598,1606,1600,1587,1605,1600,1584,1593,1599,1599,1599,1651,1605,1597,1596,1599,1598,1591,1597,1607,1600,1595,1599,1600,1596,1591,1600,1593,1587,1600,1615,1603,1559,1599,1646,1582,1568,1648,1580,1502,1695,1701,1424,1521,1779,1568,1489,1759,1535,1319,1866,1879,1190,1434,1997,1506,1389,1954,1469,1059,2072,2113,903,1344,2224,1423,1298,2192,1373,777,2280,2309,701,1294,2322,1328,1344,2332,1266,691,2352,2288,741,1408,2175,1222,1509,2322,1200,849,2230,2029,1029,1616,1847,1199,1726,2112,1232,1225,1960,1659,1441,1817,1434,1271,1889,1806,1351,1648,1662,1315,1800,1941,1217,1386,1948,1527,1451,1913,1449,1167,1968,1930,1165,1505,1893,1399,1552,1988,1392,1199,1938,1850,1257,1616,1803,1411,1578,1882,1457,1326,1805,1759,1399,1570,1718,1515,1554,1727,1564,1466,1657,1687,1520,1552,1665,1600,1561,1621,1621,1555,1600,1649,1573,1551,1637,1627,1559,1589,1616,1583,1595,1629,1582,1572,1612,1607,1598,1612,1583,1584,1622,1598,1582,1617,1591,1559,1635,1632,1549,1577,1643,1584,1588,1647,1575,1535,1653,1643,1535,1588,1639,1573,1587,1651,1574,1535,1642,1623,1555,1602,1617,1574,1594,1682,1589,1574,1613,1616,1603,1586,1600,1614,1601,1585,1582,1613,1584,1584,1633,1601,1579,1605,1611,1571,1607,1631,1567,1563,1635,1610,1567,1606,1611,1567,1603,1632,1575,1578,1630,1613,1573,1599,1610,1570,1595,1625,1587,1579,1613,1616,1581,1588,1620,1601,1579,1605,1614,1581,1600,1626,1582,1569,1634,1626,1551,1591,1627,1584,1590,1641,1600,1552,1638,1637,1551,1589,1637,1581,1584,1638,1582,1553,1632,1635,1552,1584,1632,1585,1584,1629,1591,1569,1621,1635,1569,1583,1626,1585,1580,1616,1600,1581,1603,1627,1583,1577,1619,1605,1584,1599,1612,1584,1599,1617,1603,1580,1621,1616,1583,1593,1619,1589,1595,1613,1597,1583,1607,1610,1584,1591,1607,1595,1594,1611,1597,1593,1600,1599,1591,1617,1600,1648,1603,1597,1599,1598,1600,1600,1604,1608,1587,1597,1606,1594,1597,1607,1584,1584,1636,1602,1585,1603,1603,1584,1616,1619,1581,1584,1616,1600,1586,1614,1598,1579,1607,1616,1582,1589,1616,1567,1590,1607,1595,1566,1606,1612,1582,1600,1610,1595,1595,1605,1591,1597,1605,1600,1570,1597,1573,1599,1599,1595,1601,1600,1591,1600,1600,1597,1599,1607,1591,1590,1601,1602,1594,1598,1577,1588,1600,1616,1585,1585,1614,1597,1584,1608,1597,1589,1616,1609,1586,1596,1607,1593,1601,1613,1590,1587,1609,1610,1594,1600,1598,1552,1610,1604,1589,1595,1600,1592,1600,1610,1587,1595,1606,1598,1597,1607,1589,1589,1603,1609,1581,1599,1608,1607,1588,1647,1600,1586,1605,1605,1591,1595,1607,1598,1603,1600,1598,1586,1601,1603,1597,1600,1600,1590,1559,1602,1584,1598,1615,1600,1600,1602,1597,1595,1601,1600,1600,1601,1594,1594,1601,1602,1595,1600,1597,1594,1603,1595,1591,1599,1610,1600,1597,1605,1597,1612,1613,1605,1590,1597,1602,1595,1599,1613,1588,1595,1605,1599,1593,1603,1600,1587,1604,1601,1600,1599,1600,1595,1598,1607,1596,1595,1605,1595,1597,1600,1597,1593,1606,1600,1599,1596
1613,1597,1593,1583,1602,1600,1584,1600,1595,1600,1598,1611,1600,1584,1608,1600,1584,1597,1601,1598,1598,1611,1600,1581,1613,1600,1581,1606,1600,1600,1591,1596,1597,1584,1611,1600,1582,1593,1603,1594,1595,1606,1591,1581,1613,1601,1597,1599,1589,1606,1607,1591,1619,1594,1590,1599,1597,1597,1589,1597,1617,1592,1579,1616,1610,1563,1617,1661,1518,1525,1724,1635,1454,1622,1680,1456,1648,1808,1378,1365,1934,1713,1255,1682,1775,1271,1721,2076,1159,1137,2223,1809,1021,1769,1851,1023,1828,2358,906,912,2481,1872,832,1877,1881,815,1930,2573,767,815,2577,1847,857,1972,1777,765,1996,2519,807,972,2395,1680,1109,2005,1615,911,1973,2217,1069,1281,2000,1521,1456,1920,1446,1239,1846,1778,1424,1659,1555,1388,1815,1775,1344,1602,1701,1369,1738,1934,1232,1329,1995,1631,1341,1835,1584,1169,1888,2007,1155,1360,1991,1551,1392,1889,1534,1183,1859,1950,1239,1421,1887,1555,1441,1810,1586,1333,1738,1827,1405,1456,1770,1611,1482,1669,1642,1479,1611,1723,1535,1490,1680,1658,1511,1570,1673,1579,1548,1647,1594,1520,1634,1666,1553,1547,1655,1612,1555,1616,1614,1559,1603,1634,1584,1566,1612,1610,1589,1597,1604,1600,1591,1591,1616,1600,1582,1569,1615,1584,1591,1621,1584,1566,1623,1622,1562,1594,1626,1583,1590,1623,1584,1566,1617,1621,1575,1593,1605,1589,1583,1615,1567,1584,1585,1613,1606,1590,1584,1608,1601,1579,1611,1616,1573,1581,1623,1605,1576,1607,1605,1564,1619,1635,1574,1567,1642,1600,1574,1615,1591,1559,1616,1635,1563,1575,1632,1600,1578,1617,1598,1571,1611,1623,1574,1584,1611,1597,1590,1615,1595,1582,1600,1603,1597,1597,1600,1602,1595,1588,1610,1603,1584,1596,1601,1595,1593,1616,1600,1579,1619,1616,1570,1594,1616,1593,1591,1617,1587,1575,1616,1616,1576,1591,1615,1591,1595,1619,1599,1584,1612,1611,1587,1590,1607,1601,1585,1605,1599,1589,1593,1662,1594,1591,1609,1605,1591,1587,1616,1596,1584,1605,1600,1579,1607,1619,1584,1584,1623,1600,1584,1607,1598,1574,1673,1618,1601,1582,1615,1599,1646,1613,1607,1573,1610,1614,1580,1589,1612,1596,1595,1613,1591,1584,1613,1609,1585,1594,1600,1591,1595,1587,1595,1590,1599,1601,1600,1600,1590,1665,1598,1594,1600,1600,1589,1594,1603,1600,1593,1601,1597,1591,1607,1609,1587,1597,1599,1598,1599,1609,1594,1590,1609,1600,1589,1600,1603,1593,1600,1607,1596,1597,1599,1600,1596,1603,1595,1600,1597,1598,1599,1591,1587,1591,1600,1593,1598,1608,1591,1582,1614,1603,1584,1600,1602,1586,1607,1613,1584,1583,1613,1601,1585,1602,1600,1582,1616,1616,1585,1590,1616,1599,1574,1614,1591,1584,1609,1613,1583,1598,1600,1589,1597,1613,1589,1586,1605,1599,1589,1601,1598,1589,1601,1600,1590,1599,1602,1597,1602,1601,1601,1595,1601,1593,1598,1600,1597,1585,1602,1600,1591,1611,1603,1600,1598,1600,1596,1590,1604,1599,1599,1599,1600,1588,1609,1600,1593,1599,1600,1591,1599,1601,1593,1593,1603,1598,1599,1602,1601,1585,1613,1600,1597,1599,1602,1593,1620,1601,1589,1595,1610,1599,1595,1606,1599,1585,1603,1603,1587,1591,1600,1598,1600,1612,1587,1594,1609,1591,1590,1606,1597,1586,1600,1584,1587,1600,1601,1597,1607,1603,1590,1593,1605,1600,1600,1601,1598,1587,1616,1600
1601,1608,1585,1599,1593,1600,1601,1612,1602,1585,1595,1590,1589,1600,1600,1601,1578,1603,1600,1587,1569,1591,1584,1598,1588,1600,1597,1602,1600,1585,1605,1597,1584,1595,1596,1602,1596,1606,1603,1584,1607,1599,1601,1592,1600,1613,1589,1589,1600,1617,1593,1600,1601,1594,1595,1597,1600,1596,1598,1599,1603,1584,1623,1616,1562,1567,1646,1623,1513,1600,1683,1533,1522,1721,1488,1427,1816,1726,1323,1585,1798,1421,1586,1932,1343,1191,2077,1884,1054,1597,1968,1244,1601,2227,1139,919,2372,2110,775,1616,2111,1047,1636,2480,983,705,2512,2111,709,1682,2047,951,1728,2508,957,791,2424,1955,932,1760,1837,1018,1782,2260,1133,1136,2053,1697,1354,1808,1565,1265,1791,1812,1430,1589,1572,1436,1809,1766,1326,1621,1726,1363,1718,1981,1195,1233,2096,1670,1234,1845,1639,1091,1905,2146,1047,1237,2144,1605,1259,1926,1599,1057,1904,2112,1110,1292,2051,1600,1315,1862,1623,1197,1786,1978,1285,1346,1900,1659,1382,1718,1679,1386,1648,1833,1455,1408,1774,1701,1429,1594,1707,1501,1563,1717,1554,1424,1691,1705,1477,1550,1697,1581,1552,1670,1591,1503,1649,1670,1533,1561,1648,1597,1588,1632,1566,1552,1622,1627,1584,1589,1609,1586,1601,1613,1590,1590,1598,1590,1607,1606,1584,1590,1615,1587,1594,1614,1594,1584,1611,1616,1584,1599,1605,1587,1595,1625,1600,1591,1598,1602,1600,1587,1584,1606,1609,1580,1603,1617,1579,1556,1634,1595,1565,1615,1608,1566,1617,1646,1552,1553,1650,1602,1563,1626,1598,1548,1634,1645,1527,1567,1649,1586,1583,1646,1567,1535,1650,1641,1531,1589,1635,1573,1601,1649,1567,1553,1639,1615,1563,1601,1611,1571,1611,1631,1574,1584,1616,1602,1584,1629,1598,1596,1603,1622,1595,1593,1601,1599,1603,1600,1600,1600,1591,1595,1605,1596,1598,1599,1605,1594,1605,1601,1598,1597,1610,1591,1595,1605,1582,1590,1610,1600,1582,1603,1590,1585,1607,1606,1591,1600,1600,1587,1607,1614,1581,1587,1615,1597,1589,1614,1594,1579,1613,1607,1581,1588,1606,1589,1595,1616,1589,1583,1606,1601,1591,1600,1618,1582,1602,1615,1582,1584,1611,1597,1600,1607,1600,1581,1659,1606,1584,1595,1594,1593,1600,1611,1589,1585,1605,1598,1594,1607,1597,1589,1603,1601,1590,1600,1594,1607,1600,1605,1591,1598,1600,1596,1599,1601,1590,1586,1606,1593,1602,1600,1591,1585,1609,1602,1591,1598,1611,1587,1607,1606,1575,1590,1605,1597,1600,1604,1589,1589,1594,1601,1595,1603,1600,1587,1606,1602,1584,1599,1603,1589,1601,1615,1586,1592,1611,1602,1593,1617,1594,1566,1615,1603,1583,1603,1601,1600,1602,1612,1584,1584,1613,1597,1584,1610,1594,1585,1606,1611,1584,1594,1600,1589,1614,1607,1586,1588,1607,1599,1521,1603,1596,1585,1600,1605,1590,1600,1595,1591,1601,1603,1591,1584,1603,1595,1606,1606,1594,1589,1584,1605,1595,1590,1610,1598,1594,1604,1592,1587,1605,1601,1591,1600,1600,1591,1600,1605,1595,1590,1603,1590,1599,1594,1598,1584,1605,1607,1591,1572,1600,1586,1600,1605,1594,1593,1604,1595,1597,1602,1591,1594,1602,1601,1592,1600,1599,1596,1599,1602,1587,1590,1598,1594,1598,1602,1594,1590,1604,1599,1592,1603,1600,1597,1601,1610,1585,1589,1600,1595,1598,1604,1591,1584,1600,1600,1593,1603,1600,1591,1603,1581,1591,1593,1598,1591
1598,1599,1597,1601,1590,1600,1601,1593,1600,1602,1593,1595,1600,1600,1594,1593,1596,1599,1590,1603,1598,1598,1611,1599,1600,1600,1601,1597,1597,1597,1601,1590,1646,1600,1597,1597,1604,1598,1600,1599,1600,1589,1599,1601,1600,1599,1595,1605,1595,1586,1600,1597,1595,1598,1602,1598,1589,1603,1600,1600,1587,1610,1606,1589,1600,1611,1573,1560,1651,1634,1499,1579,1698,1559,1543,1706,1549,1424,1776,1766,1318,1497,1875,1507,1472,1877,1483,1174,1993,1985,1011,1420,2107,1415,1384,2128,1351,867,2256,2219,727,1355,2305,1303,1338,2352,1255,663,2392,2327,651,1380,2286,1215,1428,2400,1201,720,2330,2192,835,1490,2047,1227,1565,2205,1286,1041,2020,1874,1251,1629,1690,1371,1658,1824,1523,1506,1596,1535,1750,1699,1383,1600,1716,1405,1701,1921,1251,1280,2058,1711,1225,1786,1690,1140,1841,2128,1089,1201,2145,1687,1213,1861,1667,1104,1842,2126,1142,1243,2064,1663,1275,1808,1675,1215,1744,1988,1303,1319,1888,1690,1361,1683,1687,1391,1632,1829,1478,1408,1761,1696,1438,1590,1703,1527,1558,1712,1574,1475,1666,1692,1505,1552,1671,1584,1550,1641,1611,1530,1616,1653,1564,1554,1632,1611,1563,1600,1616,1584,1583,1611,1602,1585,1605,1607,1591,1584,1606,1616,1589,1584,1622,1607,1543,1609,1607,1571,1600,1631,1574,1574,1630,1610,1573,1605,1600,1579,1603,1619,1584,1584,1609,1599,1596,1603,1595,1597,1597,1594,1595,1607,1584,1585,1602,1616,1571,1600,1615,1572,1606,1634,1559,1563,1646,1613,1557,1613,1603,1549,1630,1653,1549,1558,1645,1584,1570,1646,1584,1535,1646,1652,1552,1582,1626,1574,1600,1639,1568,1559,1636,1616,1570,1612,1594,1570,1621,1627,1583,1584,1613,1585,1561,1622,1580,1573,1622,1606,1581,1605,1600,1571,1614,1620,1575,1588,1616,1597,1589,1615,1595,1569,1613,1620,1582,1611,1615,1588,1594,1613,1600,1603,1609,1609,1584,1586,1607,1603,1589,1601,1603,1585,1600,1609,1585,1584,1612,1609,1584,1599,1598,1590,1600,1616,1582,1584,1611,1600,1585,1600,1603,1586,1601,1611,1586,1583,1603,1601,1584,1605,1598,1606,1600,1600,1585,1600,1607,1593,1591,1616,1591,1593,1603,1602,1589,1600,1597,1590,1601,1607,1589,1570,1605,1594,1600,1602,1588,1593,1606,1599,1598,1600,1593,1590,1606,1616,1589,1597,1602,1594,1600,1612,1584,1600,1612,1600,1590,1606,1595,1587,1610,1598,1584,1590,1600,1590,1600,1606,1584,1586,1610,1600,1600,1606,1598,1586,1611,1607,1585,1600,1599,1585,1601,1607,1584,1589,1616,1595,1600,1611,1590,1584,1602,1600,1584,1603,1597,1584,1602,1607,1579,1594,1610,1596,1598,1594,1589,1589,1605,1600,1585,1602,1598,1584,1606,1616,1585,1593,1601,1594,1600,1606,1593,1589,1603,1599,1590,1602,1600,1587,1606,1602,1594,1598,1593,1589,1605,1606,1598,1597,1603,1599,1591,1600,1598,1590,1600,1609,1588,1587,1607,1596,1588,1605,1593,1587,1605,1607,1585,1595,1589,1590,1598,1603,1584,1587,1611,1600,1595,1605,1596,1590,1606,1605,1591,1597,1602,1591,1598,1599,1590,1584,1601,1600,1594,1600,1597,1599,1601,1609,1594,1604,1600,1591,1597,1606,1597,1594,1600,1599,1600,1600,1606,1590,1602,1601,1594,1597,1599,1595,1611,1601,1580,1593,1602,1599,1617,1600,1594,1588,1603,1600,1598,1601,1599,1590,1603,1605,1597,1589
1597,1600,1596,1596,1589,1587,1614,1597,1601,1599,1598,1595,1600,1612,1591,1600,1606,1597,1605,1600,1600,1600,1595,1615,1598,1600,1607,1595,1610,1592,1601,1598,1594,1606,1593,1604,1611,1603,1600,1573,1601,1589,1573,1606,1611,1600,1569,1600,1594,1586,1600,1601,1595,1589,1600,1600,1593,1595,1600,1600,1588,1596,1609,1584,1596,1600,1585,1552,1650,1647,1492,1554,1713,1585,1506,1687,1587,1413,1754,1806,1303,1440,1902,1577,1346,1840,1533,1165,1946,2062,1005,1297,2214,1534,1232,2057,1515,847,2176,2340,701,1163,2448,1483,1125,2252,1457,620,2292,2485,607,1144,2453,1423,1196,2298,1407,661,2240,2357,795,1264,2209,1415,1351,2114,1455,998,1942,2017,1233,1446,1811,1517,1520,1744,1606,1493,1520,1605,1754,1600,1408,1701,1646,1328,1777,1968,1168,1272,2110,1680,1174,1840,1693,1061,1872,2208,1006,1126,2246,1702,1110,1878,1717,1009,1857,2230,1059,1138,2182,1735,1154,1818,1744,1131,1744,2113,1229,1184,2022,1757,1239,1682,1764,1317,1627,1936,1402,1294,1856,1763,1343,1584,1747,1470,1530,1794,1522,1389,1719,1739,1427,1527,1723,1552,1535,1695,1582,1461,1664,1693,1503,1533,1669,1595,1550,1637,1603,1549,1618,1653,1556,1561,1637,1614,1564,1616,1616,1583,1587,1627,1589,1563,1615,1621,1563,1581,1623,1590,1579,1614,1599,1560,1617,1630,1535,1574,1637,1590,1588,1637,1571,1535,1585,1632,1552,1533,1652,1629,1522,1600,1621,1545,1623,1664,1530,1533,1670,1610,1550,1635,1597,1522,1648,1664,1520,1563,1651,1583,1578,1655,1565,1527,1650,1637,1535,1557,1628,1572,1598,1648,1565,1557,1631,1611,1570,1606,1600,1578,1605,1616,1587,1585,1600,1590,1600,1601,1584,1602,1595,1583,1613,1613,1573,1584,1616,1587,1569,1618,1584,1562,1616,1627,1527,1584,1630,1585,1582,1617,1587,1558,1616,1627,1567,1573,1619,1600,1567,1616,1603,1568,1602,1630,1571,1552,1632,1616,1557,1611,1620,1565,1589,1633,1580,1554,1633,1622,1553,1584,1631,1581,1581,1635,1581,1551,1648,1631,1535,1584,1635,1584,1586,1626,1598,1553,1623,1624,1559,1586,1622,1586,1584,1616,1591,1563,1616,1617,1567,1585,1611,1600,1585,1611,1595,1580,1600,1573,1585,1593,1599,1614,1586,1595,1605,1598,1585,1597,1597,1584,1594,1613,1583,1585,1611,1600,1593,1599,1593,1584,1596,1617,1578,1584,1613,1605,1583,1601,1596,1574,1606,1616,1579,1589,1604,1589,1589,1607,1586,1584,1607,1600,1594,1577,1594,1584,1600,1593,1595,1593,1594,1591,1600,1600,1586,1599,1602,1587,1600,1602,1583,1584,1605,1599,1586,1606,1591,1579,1609,1616,1575,1591,1613,1586,1597,1616,1586,1573,1611,1603,1579,1600,1598,1568,1601,1610,1584,1584,1609,1594,1594,1600,1593,1584,1600,1600,1584,1597,1595,1587,1600,1599,1595,1595,1601,1593,1596,1600,1587,1589,1603,1602,1589,1600,1600,1585,1601,1618,1584,1593,1602,1599,1584,1608,1597,1586,1605,1603,1582,1593,1600,1590,1596,1603,1590,1590,1605,1600,1586,1597,1591,1590,1573,1602,1592,1589,1607,1600,1590,1602,1594,1586,1600,1596,1590,1598,1598,1597,1597,1599,1591,1597,1594,1595,1600,1600,1595,1584,1598,1584,1599,1584,1598,1591,1600,1599,1588,1601,1598,1594,1603,1602,1588,1589,1602,1598,1570,1600,1593,1587,1614,1606,1589,1598,1572,1588,1599,1602,1589,1587
1604,1599,1584,1595,1609,1600,1580,1598,1600,1591,1597,1616,1595,1583,1614,1597,1584,1600,1597,1597,1595,1616,1595,1585,1609,1601,1586,1595,1601,1596,1593,1615,1599,1594,1613,1600,1586,1593,1600,1599,1595,1613,1598,1584,1616,1599,1603,1590,1602,1614,1593,1591,1578,1597,1603,1603,1605,1596,1593,1603,1597,1593,1603,1601,1590,1589,1622,1611,1554,1591,1648,1583,1554,1664,1586,1494,1695,1717,1413,1502,1811,1584,1440,1760,1580,1297,1828,1938,1152,1366,2077,1567,1292,1949,1535,993,2068,2223,811,1218,2369,1503,1136,2192,1489,671,2280,2485,589,1096,2527,1463,1104,2316,1427,575,2320,2497,629,1154,2410,1414,1224,2256,1439,767,2116,2261,963,1320,2061,1486,1397,1932,1557,1219,1738,1852,1487,1472,1643,1658,1549,1494,1746,1765,1286,1436,1993,1615,1281,1828,1659,1125,1916,2154,1011,1184,2256,1666,1126,1936,1683,945,1936,2292,959,1097,2285,1701,1104,1904,1725,1007,1844,2227,1079,1115,2165,1759,1158,1768,1774,1187,1691,2076,1285,1211,1980,1789,1263,1628,1789,1382,1581,1894,1458,1311,1823,1789,1360,1545,1777,1520,1565,1756,1579,1416,1708,1744,1457,1519,1716,1590,1522,1664,1609,1495,1629,1690,1535,1531,1662,1616,1549,1616,1626,1563,1600,1625,1582,1555,1633,1649,1555,1583,1635,1591,1578,1616,1598,1563,1621,1634,1554,1575,1642,1593,1585,1623,1584,1552,1649,1637,1570,1589,1652,1630,1543,1602,1621,1552,1618,1664,1534,1543,1674,1605,1552,1641,1568,1518,1653,1669,1506,1561,1663,1575,1575,1663,1565,1509,1674,1653,1522,1597,1637,1567,1606,1664,1546,1552,1657,1619,1552,1612,1605,1552,1619,1636,1561,1569,1625,1609,1587,1619,1585,1569,1607,1614,1588,1602,1595,1584,1611,1600,1586,1607,1593,1574,1616,1616,1571,1588,1630,1588,1585,1624,1556,1559,1604,1626,1566,1584,1628,1587,1584,1617,1591,1559,1617,1634,1563,1574,1638,1598,1573,1614,1609,1563,1607,1644,1566,1552,1639,1613,1553,1585,1619,1571,1602,1638,1569,1550,1648,1631,1553,1598,1629,1570,1599,1641,1579,1551,1632,1625,1578,1598,1681,1574,1588,1634,1535,1555,1632,1627,1562,1593,1616,1584,1594,1622,1584,1574,1616,1616,1583,1599,1607,1588,1596,1609,1597,1583,1599,1593,1591,1586,1600,1599,1595,1595,1610,1600,1586,1600,1600,1583,1600,1615,1584,1584,1618,1605,1565,1602,1612,1581,1591,1615,1566,1584,1618,1602,1587,1606,1590,1573,1606,1613,1584,1596,1606,1595,1593,1606,1593,1593,1600,1599,1597,1599,1595,1584,1600,1593,1600,1568,1590,1596,1610,1600,1587,1603,1591,1584,1607,1611,1584,1591,1581,1591,1598,1615,1584,1578,1616,1611,1582,1601,1600,1583,1603,1616,1579,1584,1616,1595,1587,1602,1595,1584,1610,1625,1582,1597,1600,1587,1598,1607,1591,1595,1609,1600,1590,1601,1594,1599,1603,1619,1586,1598,1600,1598,1589,1602,1590,1591,1600,1603,1590,1602,1598,1590,1600,1600,1591,1607,1603,1649,1598,1602,1593,1619,1609,1603,1590,1600,1597,1587,1601,1606,1585,1594,1600,1598,1596,1605,1595,1588,1651,1603,1591,1600,1602,1593,1568,1607,1591,1595,1602,1599,1595,1600,1597,1594,1602,1599,1596,1597,1597,1597,1600,1602,1593,1613,1600,1579,1597,1585,1589,1597,1602,1598,1587,1600,1599,1589,1603,1602,1587,1595,1600,1595,1591,1606,1590,1592,1587,1600
1600,1598,1598,1600,1591,1599,1609,1598,1602,1606,1599,1595,1600,1614,1596,1605,1611,1600,1607,1598,1597,1594,1598,1605,1599,1606,1602,1597,1611,1592,1593,1593,1581,1605,1596,1604,1611,1599,1601,1597,1600,1594,1590,1618,1600,1600,1591,1599,1599,1589,1600,1600,1595,1584,1601,1601,1594,1597,1603,1584,1584,1603,1607,1587,1600,1618,1579,1554,1659,1647,1491,1570,1697,1575,1522,1707,1527,1415,1788,1793,1306,1475,1905,1526,1421,1877,1499,1149,1993,2031,989,1361,2167,1453,1312,2128,1403,827,2256,2309,673,1264,2411,1331,1222,2352,1343,599,2386,2450,575,1233,2432,1311,1268,2384,1319,627,2308,2342,761,1312,2214,1366,1344,2160,1454,965,1957,2047,1200,1408,1878,1559,1434,1731,1696,1459,1474,1703,1723,1457,1530,1830,1477,1258,1942,1930,1083,1409,2099,1451,1325,2021,1487,951,2080,2195,893,1264,2255,1498,1232,2080,1511,883,2022,2246,934,1216,2239,1578,1215,1976,1623,998,1898,2189,1101,1214,2101,1675,1234,1808,1715,1203,1722,2021,1291,1264,1957,1743,1283,1655,1767,1375,1600,1894,1443,1323,1837,1762,1350,1552,1764,1488,1542,1795,1527,1386,1744,1754,1418,1523,1744,1569,1517,1712,1589,1447,1680,1726,1466,1511,1763,1599,1504,1657,1612,1483,1642,1715,1496,1497,1711,1626,1499,1633,1636,1504,1628,1712,1505,1493,1713,1641,1490,1622,1648,1502,1627,1722,1495,1497,1632,1641,1489,1491,1722,1631,1500,1644,1619,1488,1650,1715,1488,1515,1701,1607,1530,1655,1584,1493,1659,1682,1510,1579,1658,1586,1579,1663,1559,1523,1646,1636,1552,1600,1610,1557,1607,1639,1567,1569,1617,1594,1602,1616,1595,1583,1578,1599,1600,1610,1582,1577,1617,1600,1584,1613,1587,1566,1622,1620,1559,1586,1623,1583,1595,1637,1575,1553,1645,1627,1555,1593,1626,1567,1600,1637,1577,1562,1643,1621,1551,1590,1623,1571,1584,1634,1584,1551,1631,1635,1554,1580,1648,1591,1578,1628,1567,1547,1625,1645,1551,1559,1649,1602,1554,1621,1604,1547,1621,1654,1549,1545,1659,1616,1547,1621,1616,1526,1610,1655,1551,1552,1650,1615,1550,1615,1613,1552,1613,1645,1563,1552,1633,1611,1561,1606,1611,1562,1603,1636,1574,1568,1626,1611,1575,1600,1607,1584,1599,1616,1605,1580,1602,1611,1586,1589,1609,1601,1584,1600,1611,1587,1600,1616,1586,1574,1621,1607,1574,1587,1616,1573,1596,1616,1584,1566,1616,1616,1570,1590,1610,1584,1591,1619,1584,1571,1615,1611,1580,1600,1603,1586,1600,1607,1573,1589,1607,1599,1600,1595,1601,1598,1590,1596,1607,1600,1587,1599,1598,1585,1601,1611,1579,1584,1613,1603,1583,1610,1599,1591,1610,1606,1578,1565,1617,1595,1584,1616,1591,1568,1618,1615,1579,1587,1614,1584,1595,1616,1585,1574,1612,1607,1584,1600,1601,1587,1581,1614,1575,1589,1601,1595,1609,1601,1593,1591,1595,1595,1598,1595,1598,1595,1600,1595,1591,1599,1599,1586,1606,1601,1599,1587,1611,1594,1585,1606,1600,1584,1613,1602,1584,1600,1603,1588,1597,1606,1589,1582,1606,1605,1587,1606,1600,1585,1600,1616,1584,1577,1613,1600,1591,1600,1598,1586,1601,1603,1585,1591,1605,1591,1579,1604,1593,1590,1594,1601,1594,1598,1595,1593,1599,1600,1594,1596,1600,1597,1601,1605,1590,1594,1600,1598,1595,1600,1587,1593,1605,1603,1590,1603,1597,1600,1613,1605,1585,1593
1601,1600,1607,1595,1603,1598,1552,1589,1605,1597,1596,1599,1605,1597,1614,1603,1599,1591,1600,1597,1595,1600,1597,1600,1600,1600,1600,1598,1600,1600,1597,1600,1595,1602,1600,1584,1600,1596,1600,1590,1597,1600,1604,1597,1598,1596,1612,1606,1589,1589,1600,1597,1598,1601,1600,1590,1612,1603,1603,1590,1606,1600,1600,1595,1619,1595,1567,1607,1613,1555,1607,1665,1520,1513,1729,1661,1431,1604,1714,1473,1612,1828,1394,1310,1952,1781,1197,1618,1859,1315,1638,2100,1199,1050,2256,1931,899,1664,2002,1072,1682,2418,975,757,2538,2079,670,1690,2107,917,1712,2592,903,665,2569,2079,725,1720,2031,945,1696,2464,1071,839,2288,1971,1005,1641,1904,1229,1565,2050,1443,1258,1794,1840,1395,1514,1794,1677,1334,1520,1924,1611,1268,1744,1779,1234,1705,2118,1157,1071,2256,1897,935,1680,1982,1103,1652,2336,1095,861,2350,2029,850,1612,2047,1135,1578,2304,1203,898,2230,2059,944,1521,2039,1287,1472,2128,1399,1023,2004,2016,1126,1424,1981,1488,1398,1886,1585,1207,1790,1940,1295,1371,1903,1652,1361,1699,1701,1370,1654,1856,1437,1368,1808,1725,1385,1586,1757,1489,1566,1782,1530,1394,1741,1749,1413,1527,1744,1565,1514,1715,1588,1434,1697,1739,1450,1486,1744,1600,1491,1680,1611,1456,1664,1735,1470,1493,1735,1616,1498,1657,1621,1468,1659,1727,1474,1499,1718,1616,1515,1664,1717,1476,1520,1651,1591,1487,1675,1718,1485,1535,1689,1583,1556,1678,1565,1493,1675,1666,1514,1584,1658,1552,1600,1663,1545,1526,1653,1615,1552,1616,1597,1547,1635,1637,1559,1584,1621,1574,1605,1642,1568,1565,1631,1610,1584,1614,1586,1567,1623,1591,1574,1596,1602,1591,1615,1628,1578,1582,1617,1590,1591,1625,1577,1573,1630,1616,1571,1600,1606,1571,1610,1628,1577,1566,1639,1609,1626,1611,1603,1573,1603,1633,1575,1566,1641,1616,1565,1601,1620,1571,1594,1634,1582,1557,1637,1627,1553,1585,1635,1583,1583,1637,1584,1546,1639,1643,1535,1578,1648,1586,1593,1645,1575,1533,1634,1651,1593,1567,1634,1584,1571,1634,1585,1526,1629,1648,1535,1565,1645,1585,1579,1619,1594,1550,1638,1644,1553,1583,1633,1591,1583,1622,1595,1568,1616,1626,1577,1590,1616,1610,1588,1600,1600,1584,1594,1599,1595,1585,1604,1603,1586,1598,1614,1605,1583,1601,1607,1585,1600,1616,1572,1574,1595,1607,1547,1601,1603,1578,1600,1621,1578,1571,1619,1605,1568,1602,1605,1577,1600,1615,1585,1582,1616,1600,1584,1600,1600,1598,1590,1629,1594,1584,1600,1590,1584,1598,1607,1600,1579,1594,1605,1591,1593,1616,1583,1579,1619,1615,1569,1595,1616,1578,1603,1629,1579,1560,1634,1611,1565,1604,1603,1571,1610,1626,1580,1573,1621,1600,1578,1611,1599,1578,1606,1619,1583,1586,1613,1600,1594,1609,1594,1577,1603,1597,1591,1616,1597,1600,1594,1599,1594,1598,1593,1596,1599,1601,1586,1600,1602,1595,1597,1600,1590,1597,1603,1607,1589,1598,1600,1585,1600,1604,1589,1586,1606,1600,1587,1599,1597,1584,1601,1601,1585,1594,1603,1598,1597,1603,1592,1594,1601,1605,1593,1595,1600,1590,1600,1600,1586,1593,1599,1607,1595,1599,1598,1592,1601,1595,1598,1609,1600,1590,1602,1600,1589,1595,1599,1593,1600,1603,1584,1585,1603,1600,1594,1603,1596,1585,1600,1610,1584,1594,1595,1591,1603,1605
1583,1600,1589,1599,1614,1595,1587,1607,1591,1590,1598,1599,1595,1595,1600,1595,1600,1597,1600,1594,1600,1601,1598,1600,1600,1600,1600,1615,1595,1597,1595,1599,1590,1597,1600,1598,1599,1645,1599,1589,1595,1605,1590,1598,1601,1603,1600,1596,1606,1603,1584,1595,1605,1600,1559,1600,1602,1586,1595,1603,1599,1584,1616,1621,1552,1565,1665,1619,1501,1606,1668,1520,1609,1732,1471,1392,1840,1732,1298,1600,1809,1395,1604,1974,1296,1151,2128,1899,1006,1617,1987,1179,1640,2307,1055,833,2480,2075,671,1664,2166,941,1675,2638,863,555,2732,2219,528,1668,2227,839,1672,2732,861,530,2650,2192,624,1664,2129,955,1616,2496,1119,785,2256,2032,1001,1552,1962,1339,1461,1980,1587,1244,1664,1872,1487,1345,1792,1855,1238,1341,2103,1741,1065,1700,1937,1155,1634,2289,1089,853,2402,2077,725,1600,2171,1063,1558,2480,1079,665,2464,2211,685,1510,2203,1150,1473,2400,1213,752,2298,2183,835,1428,2143,1311,1400,2152,1425,950,2016,2085,1089,1378,2011,1517,1363,1888,1595,1200,1777,1950,1313,1366,1882,1653,1403,1690,1690,1403,1640,1814,1477,1409,1769,1690,1443,1588,1698,1529,1555,1702,1584,1479,1654,1694,1513,1535,1680,1621,1520,1616,1648,1545,1585,1664,1566,1525,1668,1668,1497,1559,1680,1575,1554,1674,1578,1488,1676,1687,1485,1558,1682,1570,1571,1687,1526,1481,1685,1680,1523,1591,1712,1670,1487,1619,1646,1507,1634,1716,1490,1492,1721,1631,1501,1648,1614,1483,1648,1711,1477,1517,1710,1601,1525,1664,1598,1473,1664,1706,1488,1530,1694,1595,1533,1651,1601,1506,1645,1698,1515,1529,1680,1616,1520,1628,1632,1506,1610,1691,1533,1506,1687,1645,1495,1616,1663,1535,1586,1689,1548,1491,1697,1665,1486,1584,1670,1551,1580,1683,1534,1494,1659,1667,1503,1580,1658,1565,1615,1664,1573,1521,1645,1648,1546,1577,1639,1592,1570,1623,1603,1567,1597,1629,1583,1575,1616,1623,1570,1573,1635,1615,1557,1611,1613,1554,1606,1648,1557,1547,1659,1626,1532,1600,1632,1557,1595,1662,1558,1525,1658,1637,1520,1590,1648,1562,1589,1659,1567,1525,1653,1648,1532,1583,1644,1571,1579,1646,1582,1534,1635,1646,1549,1574,1648,1591,1565,1618,1601,1563,1617,1651,1555,1580,1648,1619,1555,1614,1616,1558,1607,1646,1565,1549,1643,1617,1550,1604,1623,1562,1607,1648,1535,1552,1649,1621,1566,1603,1629,1563,1602,1648,1567,1559,1636,1611,1566,1609,1605,1571,1606,1628,1581,1575,1616,1603,1586,1611,1600,1594,1600,1611,1600,1589,1600,1589,1599,1591,1600,1605,1584,1594,1613,1600,1584,1607,1600,1582,1596,1615,1579,1587,1618,1595,1586,1615,1587,1578,1616,1617,1575,1597,1614,1590,1591,1628,1585,1584,1607,1606,1584,1599,1603,1587,1599,1603,1589,1588,1600,1604,1591,1580,1598,1584,1600,1600,1599,1602,1590,1590,1602,1600,1586,1600,1600,1589,1601,1609,1585,1585,1609,1577,1588,1607,1595,1582,1610,1610,1584,1597,1611,1591,1597,1613,1598,1584,1613,1603,1587,1597,1600,1589,1598,1605,1571,1589,1610,1599,1591,1603,1594,1589,1602,1600,1587,1597,1600,1592,1603,1599,1600,1595,1600,1596,1600,1598,1590,1592,1603,1599,1597,1615,1590,1590,1605,1597,1590,1586,1599,1590,1606,1603,1593,1587,1616,1600,1594,1601,1600,1582,1609,1605,1588,1591,1606,1598
1593,1601,1597,1598,1596,1584,1607,1598,1587,1596,1600,1593,1600,1604,1591,1597,1600,1600,1598,1594,1597,1595,1598,1600,1591,1594,1596,1600,1597,1600,1598,1596,1593,1597,1595,1594,1593,1599,1590,1595,1603,1599,1599,1599,1602,1606,1586,1590,1602,1600,1591,1600,1596,1593,1600,1600,1589,1591,1600,1599,1583,1596,1638,1590,1580,1616,1617,1548,1616,1680,1499,1487,1770,1670,1379,1616,1754,1427,1600,1895,1343,1244,2054,1814,1072,1636,1949,1173,1620,2248,1099,896,2436,2015,691,1696,2155,911,1666,2657,831,542,2800,2197,497,1732,2279,721,1696,2866,751,497,2818,2179,507,1792,2149,751,1730,2688,919,690,2435,1983,927,1740,1879,1109,1644,2128,1371,1228,1778,1742,1520,1552,1620,1650,1463,1415,1927,1829,1075,1504,2080,1366,1395,2160,1319,834,2314,2217,667,1392,2352,1215,1312,2424,1237,594,2416,2350,597,1360,2362,1227,1320,2392,1303,675,2288,2278,775,1360,2227,1341,1330,2184,1439,915,2030,2102,1072,1394,2006,1471,1408,1936,1535,1195,1822,1911,1325,1468,1799,1551,1513,1754,1559,1413,1699,1706,1493,1580,1643,1533,1632,1680,1519,1550,1664,1573,1594,1678,1520,1495,1717,1649,1475,1619,1659,1483,1635,1744,1469,1467,1755,1641,1467,1670,1629,1471,1654,1750,1457,1487,1741,1616,1504,1669,1600,1470,1674,1711,1477,1544,1671,1567,1581,1669,1559,1515,1662,1632,1535,1616,1648,1590,1584,1637,1552,1522,1664,1629,1527,1600,1615,1513,1632,1679,1509,1526,1688,1607,1534,1635,1603,1514,1638,1685,1517,1525,1678,1616,1522,1621,1604,1523,1616,1675,1535,1521,1667,1643,1498,1588,1659,1563,1567,1670,1564,1493,1681,1682,1482,1551,1694,1577,1545,1680,1569,1479,1691,1719,1461,1546,1709,1580,1535,1669,1572,1465,1680,1698,1475,1548,1685,1577,1557,1673,1580,1494,1658,1666,1520,1562,1648,1585,1561,1631,1589,1547,1606,1633,1565,1579,1619,1600,1575,1597,1613,1586,1584,1607,1601,1582,1600,1616,1579,1570,1619,1614,1570,1579,1616,1587,1588,1620,1590,1565,1616,1621,1565,1581,1621,1592,1583,1613,1597,1572,1608,1616,1579,1579,1616,1600,1562,1601,1595,1583,1597,1616,1614,1583,1606,1609,1583,1591,1616,1598,1585,1606,1599,1583,1605,1614,1573,1584,1616,1605,1581,1613,1596,1571,1616,1619,1566,1585,1639,1590,1586,1617,1584,1570,1619,1616,1585,1595,1610,1584,1616,1623,1573,1573,1619,1605,1584,1611,1588,1570,1612,1615,1573,1589,1611,1573,1598,1616,1583,1581,1612,1606,1586,1603,1598,1579,1604,1603,1585,1582,1600,1586,1600,1588,1584,1590,1602,1585,1603,1621,1585,1584,1611,1595,1590,1605,1585,1582,1613,1605,1580,1598,1598,1584,1605,1615,1557,1584,1611,1601,1586,1602,1605,1584,1606,1607,1584,1589,1601,1593,1598,1602,1585,1584,1600,1603,1599,1602,1593,1597,1569,1600,1586,1596,1590,1594,1590,1602,1591,1584,1612,1602,1584,1602,1597,1583,1600,1610,1584,1586,1611,1595,1596,1606,1593,1584,1611,1617,1584,1594,1600,1646,1600,1610,1586,1585,1607,1597,1584,1600,1597,1588,1603,1600,1587,1594,1598,1598,1598,1600,1586,1588,1598,1595,1602,1600,1594,1587,1601,1600,1588,1598,1593,1589,1598,1599,1585,1587,1603,1594,1597,1606,1589,1584,1606,1581,1590,1584,1597,1613,1594,1605,1586,1587,1606,1595,1591,1607,1593,1584
1596,1598,1581,1594,1590,1600,1601,1610,1600,1583,1603,1582,1575,1648,1597,1599,1601,1591,1601,1586,1601,1595,1581,1596,1591,1601,1601,1603,1597,1586,1603,1591,1581,1596,1600,1603,1597,1600,1600,1584,1603,1613,1571,1594,1597,1599,1602,1607,1607,1601,1603,1600,1587,1594,1598,1601,1599,1591,1586,1599,1616,1593,1570,1607,1619,1564,1608,1659,1521,1519,1729,1654,1434,1616,1712,1477,1606,1819,1407,1349,1932,1761,1216,1633,1837,1303,1632,2076,1215,1103,2214,1873,961,1700,1937,1078,1701,2368,978,854,2504,1951,749,1808,1999,831,1840,2613,773,738,2662,1911,733,1970,1863,678,2024,2649,663,862,2595,1699,956,2160,1599,665,2180,2466,720,1168,2319,1403,1334,2268,1296,795,2270,2131,889,1556,1987,1147,1690,2272,1093,1017,2218,1798,1131,1840,1669,1055,1888,2160,1089,1264,2074,1566,1360,1936,1515,1138,1906,1953,1223,1474,1857,1462,1533,1888,1473,1316,1806,1747,1411,1615,1665,1479,1643,1764,1488,1506,1694,1593,1567,1675,1552,1502,1683,1648,1518,1616,1622,1511,1638,1694,1507,1523,1692,1617,1513,1633,1638,1514,1616,1694,1533,1505,1685,1653,1491,1611,1677,1558,1559,1693,1578,1463,1669,1699,1479,1525,1714,1595,1503,1664,1618,1486,1641,1715,1495,1504,1713,1627,1498,1634,1639,1505,1610,1698,1535,1509,1671,1643,1546,1598,1684,1563,1585,1648,1552,1535,1626,1641,1607,1569,1597,1634,1582,1559,1625,1631,1555,1578,1635,1600,1571,1616,1616,1553,1635,1646,1547,1549,1649,1618,1551,1605,1621,1555,1601,1648,1559,1535,1649,1632,1543,1603,1618,1565,1597,1655,1567,1548,1644,1623,1549,1591,1623,1587,1591,1642,1573,1555,1635,1622,1559,1595,1623,1577,1597,1632,1577,1563,1630,1616,1571,1602,1617,1571,1600,1621,1570,1575,1619,1609,1584,1607,1599,1584,1608,1615,1584,1590,1603,1593,1600,1608,1587,1584,1606,1600,1594,1607,1594,1591,1603,1600,1584,1603,1602,1622,1606,1607,1585,1584,1610,1597,1587,1596,1594,1584,1602,1606,1587,1590,1606,1594,1602,1600,1614,1585,1584,1600,1593,1598,1591,1598,1599,1600,1600,1597,1594,1596,1600,1594,1591,1601,1597,1591,1613,1600,1581,1581,1607,1597,1595,1610,1584,1575,1616,1605,1584,1602,1601,1581,1601,1616,1535,1581,1617,1599,1571,1606,1595,1575,1612,1616,1573,1586,1613,1588,1591,1613,1586,1591,1610,1616,1581,1599,1603,1591,1598,1610,1587,1586,1607,1602,1590,1598,1597,1585,1599,1602,1598,1605,1599,1597,1600,1618,1600,1600,1594,1595,1600,1600,1587,1597,1599,1590,1600,1602,1587,1588,1616,1595,1590,1602,1599,1585,1606,1609,1579,1595,1605,1591,1599,1603,1588,1589,1606,1600,1593,1602,1597,1589,1607,1606,1589,1598,1600,1600,1601,1583,1589,1587,1609,1587,1595,1590,1590,1584,1606,1602,1586,1595,1601,1595,1600,1605,1598,1591,1598,1607,1586,1593,1605,1603,1596,1610,1590,1595,1602,1586,1587,1599,1600,1591,1598,1601,1590,1591,1600,1598,1590,1598,1601,1591,1600,1600,1578,1597,1606,1593,1593,1601,1581,1597,1595,1600,1583,1600,1597,1597,1601,1598,1600,1599,1597,1594,1600,1598,1596,1596,1595,1600,1599,1598,1599,1603,1597,1589,1600,1597,1589,1598,1602,1597,1597,1603,1599,1590,1603,1600,1589,1595,1601,1588,1595,1610,1584,1586,1602,1599,1587,1604,1597,1586,1607,1611
1600,1602,1598,1595,1593,1594,1605,1601,1599,1594,1598,1591,1598,1603,1600,1601,1594,1596,1611,1600,1596,1594,1611,1597,1593,1600,1600,1602,1600,1600,1602,1595,1600,1598,1598,1600,1595,1600,1597,1593,1614,1596,1598,1601,1604,1609,1589,1615,1600,1601,1598,1600,1599,1600,1599,1600,1597,1594,1597,1603,1593,1587,1603,1617,1569,1567,1655,1626,1507,1600,1691,1535,1591,1721,1491,1425,1810,1728,1329,1584,1798,1425,1584,1922,1347,1206,2064,1875,1069,1588,1959,1253,1605,2195,1150,919,2356,2031,799,1622,2085,1047,1664,2476,959,723,2594,2075,771,1728,2021,887,1809,2574,837,774,2528,1918,880,1899,1782,835,1974,2434,865,1051,2292,1626,1243,2049,1470,929,2096,2125,1013,1445,1951,1317,1644,2116,1205,1119,2113,1775,1226,1786,1631,1133,1896,2075,1115,1338,2016,1519,1422,1949,1455,1136,1961,1936,1187,1488,1866,1414,1565,1929,1367,1256,1882,1793,1299,1592,1731,1441,1616,1808,1471,1421,1751,1675,1481,1630,1634,1499,1631,1699,1526,1527,1665,1611,1565,1637,1595,1531,1639,1647,1546,1581,1649,1590,1571,1648,1588,1527,1648,1659,1511,1562,1680,1589,1551,1666,1595,1494,1673,1701,1490,1525,1722,1601,1520,1667,1605,1481,1662,1718,1483,1510,1717,1616,1507,1648,1619,1488,1630,1711,1510,1506,1690,1635,1520,1616,1645,1551,1600,1667,1571,1531,1658,1652,1527,1579,1664,1586,1535,1642,1664,1611,1551,1630,1618,1552,1615,1684,1552,1544,1659,1648,1543,1602,1634,1563,1602,1652,1572,1547,1648,1632,1554,1600,1629,1580,1600,1632,1589,1567,1642,1619,1572,1590,1619,1600,1584,1615,1601,1583,1602,1618,1587,1586,1616,1610,1585,1601,1613,1588,1594,1627,1591,1577,1608,1594,1591,1595,1606,1595,1600,1603,1600,1584,1600,1600,1604,1601,1586,1597,1603,1598,1600,1600,1598,1584,1616,1607,1583,1599,1616,1586,1602,1619,1584,1582,1637,1605,1563,1602,1615,1583,1602,1622,1578,1581,1624,1607,1577,1607,1609,1578,1606,1629,1584,1577,1621,1616,1583,1611,1603,1595,1600,1641,1584,1583,1610,1609,1587,1602,1611,1591,1593,1607,1599,1586,1605,1607,1586,1595,1607,1598,1587,1600,1603,1589,1605,1607,1593,1586,1616,1600,1573,1598,1605,1590,1601,1617,1590,1584,1613,1598,1587,1606,1599,1587,1605,1607,1589,1600,1602,1600,1597,1609,1594,1593,1603,1599,1595,1573,1600,1586,1602,1604,1594,1595,1599,1600,1600,1606,1589,1595,1587,1600,1601,1605,1587,1584,1600,1605,1586,1605,1601,1585,1600,1602,1591,1595,1607,1594,1600,1603,1596,1587,1605,1599,1591,1600,1598,1603,1600,1609,1593,1600,1606,1594,1598,1602,1595,1575,1609,1601,1591,1601,1595,1594,1603,1607,1589,1597,1600,1593,1595,1610,1586,1591,1607,1599,1599,1600,1600,1586,1606,1602,1594,1594,1602,1594,1600,1600,1586,1571,1606,1603,1602,1595,1607,1600,1600,1610,1591,1589,1605,1599,1595,1599,1598,1589,1601,1609,1593,1602,1600,1599,1600,1605,1594,1594,1601,1600,1594,1600,1597,1600,1600,1607,1591,1611,1602,1552,1600,1571,1589,1615,1604,1601,1594,1600,1597,1593,1605,1610,1591,1599,1600,1598,1603,1600,1589,1589,1610,1600,1599,1600,1600,1589,1611,1603,1598,1600,1605,1597,1600,1605,1593,1597,1605,1601,1597,1602,1597,1591,1601,1603,1587,1599,1600,1581,1605,1597,1593,1594,1603,1595
1598,1599,1584,1584,1598,1601,1593,1571,1593,1590,1600,1599,1585,1596,1598,1594,1598,1599,1593,1595,1594,1597,1594,1598,1600,1596,1596,1596,1598,1585,1595,1596,1584,1591,1602,1597,1599,1594,1599,1587,1597,1599,1590,1597,1601,1593,1596,1574,1603,1616,1584,1595,1600,1587,1590,1605,1603,1594,1586,1595,1622,1598,1570,1607,1613,1561,1613,1658,1533,1507,1727,1652,1431,1610,1711,1470,1616,1823,1395,1331,1942,1767,1216,1633,1827,1283,1658,2089,1183,1089,2240,1877,957,1678,1935,1059,1748,2392,927,834,2521,1970,747,1802,1981,835,1872,2640,751,716,2660,1927,768,1936,1842,709,2012,2614,701,871,2473,1725,1015,2064,1597,783,2094,2346,887,1230,2134,1451,1465,2098,1313,1034,2085,1907,1181,1669,1685,1207,1856,2057,1121,1328,1997,1477,1475,2002,1349,1102,2082,1935,1104,1593,1856,1266,1668,2096,1230,1137,2080,1792,1202,1712,1743,1237,1712,2009,1275,1275,1915,1707,1354,1696,1664,1371,1653,1826,1456,1431,1733,1655,1493,1616,1633,1533,1589,1659,1596,1557,1597,1626,1595,1558,1611,1617,1562,1571,1637,1616,1551,1567,1634,1571,1575,1637,1586,1553,1619,1647,1552,1555,1655,1619,1526,1595,1642,1570,1577,1652,1596,1520,1648,1668,1509,1552,1678,1589,1552,1642,1604,1514,1642,1680,1521,1547,1665,1605,1547,1621,1606,1546,1616,1651,1565,1568,1631,1613,1578,1605,1613,1583,1584,1607,1631,1616,1567,1582,1641,1605,1562,1616,1611,1552,1618,1636,1543,1547,1664,1613,1546,1617,1615,1545,1616,1666,1547,1532,1664,1619,1546,1615,1651,1552,1586,1660,1562,1545,1666,1629,1547,1600,1629,1571,1584,1639,1584,1552,1642,1634,1570,1574,1700,1591,1566,1627,1605,1552,1619,1639,1553,1552,1649,1607,1557,1610,1613,1574,1609,1657,1555,1581,1643,1620,1557,1584,1617,1579,1602,1630,1575,1599,1628,1615,1565,1600,1617,1583,1589,1618,1589,1577,1613,1616,1584,1587,1639,1598,1583,1606,1575,1584,1599,1613,1558,1575,1615,1607,1582,1591,1612,1595,1590,1613,1600,1580,1609,1614,1583,1585,1614,1616,1584,1597,1605,1591,1599,1620,1586,1586,1609,1616,1584,1595,1613,1593,1594,1609,1600,1582,1602,1615,1584,1584,1614,1603,1581,1605,1601,1579,1605,1617,1582,1582,1610,1607,1575,1600,1614,1579,1600,1621,1583,1575,1618,1605,1581,1605,1601,1579,1601,1621,1584,1589,1618,1591,1589,1609,1600,1577,1607,1614,1588,1591,1600,1596,1597,1605,1587,1595,1600,1600,1600,1600,1591,1594,1627,1599,1607,1602,1570,1584,1611,1607,1584,1600,1602,1590,1600,1613,1584,1598,1616,1600,1584,1602,1597,1586,1604,1611,1586,1592,1607,1599,1597,1605,1598,1585,1609,1600,1595,1600,1584,1596,1600,1603,1566,1600,1603,1598,1601,1600,1584,1600,1600,1591,1603,1605,1581,1585,1605,1600,1589,1601,1603,1585,1611,1610,1594,1582,1610,1607,1584,1597,1600,1587,1595,1615,1587,1587,1613,1599,1612,1599,1613,1587,1600,1602,1584,1596,1603,1591,1599,1603,1589,1587,1599,1597,1591,1600,1594,1591,1603,1600,1597,1611,1594,1591,1602,1593,1585,1586,1603,1599,1598,1637,1590,1589,1606,1602,1591,1597,1600,1589,1601,1604,1594,1590,1586,1597,1583,1603,1581,1593,1591,1600,1587,1600,1590,1587,1608,1603,1591,1594,1603,1590,1600,1605,1588,1584,1609,1595,1593,1600,1591,1589,1604,1597
1594,1594,1598,1599,1598,1598,1594,1598,1605,1584,1594,1602,1594,1591,1600,1596,1595,1601,1600,1595,1598,1600,1595,1600,1600,1599,1600,1600,1597,1599,1599,1596,1600,1595,1568,1595,1600,1598,1586,1600,1593,1595,1600,1600,1589,1599,1601,1606,1588,1598,1600,1600,1590,1590,1597,1598,1595,1600,1595,1646,1597,1600,1589,1583,1609,1625,1556,1561,1663,1610,1518,1618,1647,1509,1629,1729,1455,1438,1828,1683,1339,1648,1683,1363,1677,1955,1258,1232,2112,1783,1106,1719,1827,1130,1776,2265,983,977,2416,1871,864,1840,1891,867,1894,2544,767,818,2605,1871,816,1972,1803,719,2034,2608,703,886,2523,1709,1016,2090,1603,747,2108,2381,848,1196,2194,1471,1398,2106,1371,987,2075,1975,1156,1602,1744,1263,1792,2032,1181,1323,1972,1535,1472,1937,1375,1143,2036,1895,1147,1624,1829,1255,1696,2086,1215,1165,2090,1765,1207,1744,1727,1207,1738,2039,1246,1262,1984,1695,1324,1728,1683,1306,1683,1904,1383,1376,1820,1674,1406,1650,1664,1456,1590,1746,1520,1472,1699,1662,1495,1584,1661,1561,1572,1664,1584,1522,1636,1647,1551,1582,1623,1587,1594,1625,1574,1555,1630,1612,1580,1647,1584,1556,1645,1630,1534,1586,1645,1568,1587,1662,1552,1518,1673,1647,1520,1599,1646,1546,1605,1680,1535,1517,1678,1647,1515,1600,1642,1558,1591,1654,1570,1535,1639,1631,1565,1587,1629,1583,1580,1616,1625,1577,1559,1597,1624,1584,1555,1617,1596,1568,1616,1627,1559,1584,1639,1601,1572,1616,1600,1557,1618,1635,1563,1573,1630,1590,1579,1616,1594,1579,1615,1616,1575,1579,1618,1598,1590,1613,1591,1579,1605,1606,1585,1595,1601,1599,1599,1600,1595,1589,1551,1599,1611,1601,1573,1597,1593,1597,1598,1604,1597,1590,1601,1600,1591,1597,1601,1600,1591,1599,1600,1594,1603,1607,1587,1570,1612,1589,1584,1599,1609,1586,1604,1614,1584,1577,1621,1601,1581,1603,1604,1583,1614,1616,1573,1579,1602,1602,1582,1611,1600,1574,1616,1616,1575,1583,1616,1595,1584,1616,1589,1578,1615,1600,1578,1584,1613,1586,1598,1615,1584,1584,1611,1609,1585,1591,1600,1584,1602,1616,1586,1590,1607,1589,1593,1603,1595,1596,1600,1597,1599,1599,1598,1594,1602,1604,1591,1600,1613,1590,1597,1606,1575,1592,1600,1597,1592,1610,1589,1585,1611,1608,1585,1600,1607,1584,1597,1616,1586,1586,1610,1600,1587,1604,1599,1580,1602,1616,1587,1599,1600,1589,1595,1616,1595,1596,1602,1599,1600,1599,1590,1597,1603,1599,1595,1602,1591,1589,1600,1605,1600,1599,1602,1589,1605,1613,1574,1586,1616,1597,1587,1603,1600,1584,1606,1606,1586,1591,1602,1590,1595,1614,1587,1591,1605,1602,1591,1587,1594,1594,1601,1602,1590,1607,1599,1594,1600,1603,1591,1590,1600,1595,1594,1605,1589,1586,1605,1600,1584,1600,1584,1587,1600,1601,1589,1593,1605,1584,1598,1595,1599,1593,1594,1602,1591,1591,1605,1597,1597,1600,1600,1589,1601,1601,1595,1599,1601,1595,1600,1603,1595,1594,1604,1595,1599,1600,1595,1591,1602,1600,1597,1598,1598,1596,1600,1596,1587,1610,1599,1599,1595,1600,1590,1591,1603,1598,1589,1600,1599,1589,1611,1605,1597,1591,1603,1597,1597,1601,1594,1587,1607,1600,1581,1600,1593,1591,1611,1602,1589,1594,1596,1594,1600,1603,1591,1594,1600,1600,1594,1601,1594,1588,1600,1606,1590,1597
